method,baseline,metric,effect_candidate_minus_baseline,ci95_low,ci95_high,molecule_win,molecule_tie,molecule_loss,resampling_unit,records_per_cluster
reliability_off_seed307,unrestricted_seed307,validity3d,-0.1602,-0.173,-0.1472,756,1645,99,molecule,2
reliability_off_seed307,unrestricted_seed307,PB,-0.0002,-0.001,0.0004,2,2497,1,molecule,2
reliability_off_seed307,unrestricted_seed307,internal_post_objective,0.35612784985734297,0.2606265273689004,0.417283628132729,298,0,2202,molecule,2
reliability_off_seed307,unrestricted_seed307,direction_improvement,-0.35612784985734297,-0.4185302080940435,-0.25737993864480324,2202,0,298,molecule,2
reliability_off_seed307,unrestricted_seed307,bond_raw_mae,0.0008055263989363172,0.0007592250312097262,0.0008513070593343317,510,0,1990,molecule,2
reliability_off_seed307,unrestricted_seed307,angle_cosine_raw_mae,0.00038592878752506687,0.00034919362259064584,0.00041968563592234727,732,0,1768,molecule,2
reliability_off_seed307,unrestricted_seed307,raw_source_displacement_rms,-0.002795245307544247,-0.00291486773632234,-0.0026933133390103477,2485,0,15,molecule,2
reliability_off_seed307,unrestricted_seed307,reference_rmsd,-0.0002525924029364665,-0.0002676854820771436,-0.0002387381680786387,2124,0,376,molecule,2
reliability_off_seed331,unrestricted_seed331,validity3d,-0.1406,-0.153005,-0.128,681,1720,99,molecule,2
reliability_off_seed331,unrestricted_seed331,PB,-0.0006,-0.0014,0.0,3,2497,0,molecule,2
reliability_off_seed331,unrestricted_seed331,internal_post_objective,0.3088610577051644,0.27853776307031275,0.34687847649538156,475,0,2025,molecule,2
reliability_off_seed331,unrestricted_seed331,direction_improvement,-0.3088610577051644,-0.3470210893574774,-0.27886903330674334,2025,0,475,molecule,2
reliability_off_seed331,unrestricted_seed331,bond_raw_mae,0.0005434723830220315,0.0004970834611783366,0.0005901384741759373,736,0,1764,molecule,2
reliability_off_seed331,unrestricted_seed331,angle_cosine_raw_mae,0.0004750654260917128,0.0004431599116269178,0.000508273027987972,649,0,1851,molecule,2
reliability_off_seed331,unrestricted_seed331,raw_source_displacement_rms,-0.002945431073289365,-0.00302402726563858,-0.002871017579663313,2497,0,3,molecule,2
reliability_off_seed331,unrestricted_seed331,reference_rmsd,-4.9952457973474525e-05,-6.51368931849669e-05,-3.705701569421758e-05,1466,0,1034,molecule,2
reliability_off_seed353,unrestricted_seed353,validity3d,-0.11,-0.1218,-0.0982,577,1806,117,molecule,2
reliability_off_seed353,unrestricted_seed353,PB,-0.0002,-0.0006,0.0,1,2499,0,molecule,2
reliability_off_seed353,unrestricted_seed353,internal_post_objective,0.3907656359743641,0.36592990997511493,0.4195121931587554,303,0,2197,molecule,2
reliability_off_seed353,unrestricted_seed353,direction_improvement,-0.3907656359743641,-0.42004998879300337,-0.3665523747696679,2197,0,303,molecule,2
reliability_off_seed353,unrestricted_seed353,bond_raw_mae,0.0008651513794733332,0.0008220214987893734,0.0009098848667036382,471,0,2029,molecule,2
reliability_off_seed353,unrestricted_seed353,angle_cosine_raw_mae,0.0005926311412835769,0.0005582482416494093,0.0006284028997843781,576,0,1924,molecule,2
reliability_off_seed353,unrestricted_seed353,raw_source_displacement_rms,-0.002914838895294815,-0.0029761189835565164,-0.0028532687814859675,2491,0,9,molecule,2
reliability_off_seed353,unrestricted_seed353,reference_rmsd,-5.134397729801941e-05,-6.32974480621671e-05,-3.972946286865731e-05,1509,0,991,molecule,2
equal_ba_seed307,unrestricted_seed307,validity3d,-0.0066,-0.0128,-0.0002,126,2276,98,molecule,2
equal_ba_seed307,unrestricted_seed307,PB,0.0002,0.0,0.0006,0,2499,1,molecule,2
equal_ba_seed307,unrestricted_seed307,internal_post_objective,0.025781741332145783,-0.01732390038890479,0.05432543533441263,750,0,1750,molecule,2
equal_ba_seed307,unrestricted_seed307,direction_improvement,-0.025781741332145794,-0.05450032930736941,0.017845852968554295,1750,0,750,molecule,2
equal_ba_seed307,unrestricted_seed307,bond_raw_mae,0.0002718311452385265,0.0002513488710342113,0.00029086712191805827,594,0,1906,molecule,2
equal_ba_seed307,unrestricted_seed307,angle_cosine_raw_mae,-0.00010223907441022029,-0.0001188874051210845,-8.669870262001931e-05,1545,0,955,molecule,2
equal_ba_seed307,unrestricted_seed307,raw_source_displacement_rms,-0.0002739883199334146,-0.00032959812103537867,-0.0002268685315921902,1615,0,885,molecule,2
equal_ba_seed307,unrestricted_seed307,reference_rmsd,-0.00015227555759133986,-0.00016197353261356893,-0.0001437064942148333,2142,0,358,molecule,2
equal_ba_seed331,unrestricted_seed331,validity3d,-0.0066,-0.0132,0.0,145,2245,110,molecule,2
equal_ba_seed331,unrestricted_seed331,PB,-0.0002,-0.0006,0.0,1,2499,0,molecule,2
equal_ba_seed331,unrestricted_seed331,internal_post_objective,0.0672136324038819,0.057593270606241344,0.07928402836156227,674,0,1826,molecule,2
equal_ba_seed331,unrestricted_seed331,direction_improvement,-0.06721363240388191,-0.07907111273336753,-0.05744025930880067,1826,0,674,molecule,2
equal_ba_seed331,unrestricted_seed331,bond_raw_mae,0.0002336307193590704,0.00021756653967146912,0.0002507246605471952,677,0,1823,molecule,2
equal_ba_seed331,unrestricted_seed331,angle_cosine_raw_mae,-3.6684745202095225e-05,-4.9867366923064315e-05,-2.3025079979013217e-05,1389,0,1111,molecule,2
equal_ba_seed331,unrestricted_seed331,raw_source_displacement_rms,-0.0004250982363708317,-0.00045613087080651876,-0.00039421299762791,2067,0,433,molecule,2
equal_ba_seed331,unrestricted_seed331,reference_rmsd,-0.00025810910387042877,-0.00026508825437677357,-0.00025166523252493066,2436,0,64,molecule,2
equal_ba_seed353,unrestricted_seed353,validity3d,-0.0102,-0.0178,-0.0026,176,2191,133,molecule,2
equal_ba_seed353,unrestricted_seed353,PB,0.0002,0.0,0.0006,0,2499,1,molecule,2
equal_ba_seed353,unrestricted_seed353,internal_post_objective,-0.11228209386200133,-0.12284593215722235,-0.10294704667122218,1972,0,528,molecule,2
equal_ba_seed353,unrestricted_seed353,direction_improvement,0.11228209386200136,0.10304142732456732,0.12263512802814523,528,0,1972,molecule,2
equal_ba_seed353,unrestricted_seed353,bond_raw_mae,-0.0002664588811728218,-0.0002868219393480381,-0.00024634559605770664,1794,0,706,molecule,2
equal_ba_seed353,unrestricted_seed353,angle_cosine_raw_mae,3.714974300310285e-05,2.102461322212476e-05,5.330232150862518e-05,1153,0,1347,molecule,2
equal_ba_seed353,unrestricted_seed353,raw_source_displacement_rms,0.0002999702371656902,0.00027041888603009296,0.0003311434904206545,617,0,1883,molecule,2
equal_ba_seed353,unrestricted_seed353,reference_rmsd,0.00017924286549286558,0.0001723831681083453,0.00018610176385006213,220,0,2280,molecule,2
fixed_sigma_action_seed307,unrestricted_seed307,validity3d,-0.1378,-0.1506,-0.1254,662,1737,101,molecule,2
fixed_sigma_action_seed307,unrestricted_seed307,PB,0.0002,-0.0004,0.001,1,2497,2,molecule,2
fixed_sigma_action_seed307,unrestricted_seed307,internal_post_objective,0.29667552604737185,0.20058679215703995,0.3523742417939487,172,0,2328,molecule,2
fixed_sigma_action_seed307,unrestricted_seed307,direction_improvement,-0.29667552604737174,-0.35348902181414643,-0.20242179261222992,2328,0,172,molecule,2
fixed_sigma_action_seed307,unrestricted_seed307,bond_raw_mae,0.0011838418158593193,0.0011397833393432118,0.0012244760163643384,188,0,2312,molecule,2
fixed_sigma_action_seed307,unrestricted_seed307,angle_cosine_raw_mae,0.0003452975603700503,0.0003101225460675989,0.0003797550956346008,776,0,1724,molecule,2
fixed_sigma_action_seed307,unrestricted_seed307,raw_source_displacement_rms,-0.004294341437472031,-0.004425841926414287,-0.004183481156518683,2492,0,8,molecule,2
fixed_sigma_action_seed307,unrestricted_seed307,reference_rmsd,-0.0003016718936566079,-0.00031722384981493435,-0.0002874180588250066,2327,0,173,molecule,2
fixed_sigma_action_seed331,unrestricted_seed331,validity3d,-0.1236,-0.1362,-0.1116,622,1765,113,molecule,2
fixed_sigma_action_seed331,unrestricted_seed331,PB,-0.0004,-0.001,0.0,2,2498,0,molecule,2
fixed_sigma_action_seed331,unrestricted_seed331,internal_post_objective,0.29314885785095984,0.2744098841999471,0.3105038275040983,261,0,2239,molecule,2
fixed_sigma_action_seed331,unrestricted_seed331,direction_improvement,-0.29314885785095984,-0.31064057315369215,-0.2748538385238359,2239,0,261,molecule,2
fixed_sigma_action_seed331,unrestricted_seed331,bond_raw_mae,0.001033129982155068,0.0009949649491812617,0.001071107000712049,271,0,2229,molecule,2
fixed_sigma_action_seed331,unrestricted_seed331,angle_cosine_raw_mae,0.0003474968917986481,0.00031616201811464654,0.000377951660799194,785,0,1715,molecule,2
fixed_sigma_action_seed331,unrestricted_seed331,raw_source_displacement_rms,-0.004536639179708436,-0.004622709823177429,-0.004454978909215424,2492,0,8,molecule,2
fixed_sigma_action_seed331,unrestricted_seed331,reference_rmsd,-0.00025481282830076623,-0.0002720571417402,-0.00024096783706936017,2307,0,193,molecule,2
fixed_sigma_action_seed353,unrestricted_seed353,validity3d,-0.1248,-0.137,-0.1128,635,1748,117,molecule,2
fixed_sigma_action_seed353,unrestricted_seed353,PB,-0.0004,-0.001,0.0,2,2498,0,molecule,2
fixed_sigma_action_seed353,unrestricted_seed353,internal_post_objective,0.1831725373511306,0.1675229255356642,0.19925451276776837,492,0,2008,molecule,2
fixed_sigma_action_seed353,unrestricted_seed353,direction_improvement,-0.1831725373511306,-0.19917671697006617,-0.16796046074805102,2008,0,492,molecule,2
fixed_sigma_action_seed353,unrestricted_seed353,bond_raw_mae,0.0006745935042257796,0.0006421667056112066,0.0007073403104466019,454,0,2046,molecule,2
fixed_sigma_action_seed353,unrestricted_seed353,angle_cosine_raw_mae,0.0002964839001931633,0.000267899487121851,0.00032632200406348814,857,0,1643,molecule,2
fixed_sigma_action_seed353,unrestricted_seed353,raw_source_displacement_rms,-0.003715679151099175,-0.003783912370922044,-0.003649576358529739,2494,0,6,molecule,2
fixed_sigma_action_seed353,unrestricted_seed353,reference_rmsd,-0.00012324033436670603,-0.00013496097190100544,-0.00011359207129117639,2010,0,490,molecule,2
bond_only_seed307,unrestricted_seed307,validity3d,-0.0136,-0.0206,-0.0068,168,2226,106,molecule,2
bond_only_seed307,unrestricted_seed307,PB,0.0002,0.0,0.0006,0,2499,1,molecule,2
bond_only_seed307,unrestricted_seed307,internal_post_objective,0.08650528085013112,0.03994175059028366,0.17116435897492469,854,0,1646,molecule,2
bond_only_seed307,unrestricted_seed307,direction_improvement,-0.08650528085013114,-0.1726492756365751,-0.03990069710523106,1646,0,854,molecule,2
bond_only_seed307,unrestricted_seed307,bond_raw_mae,-9.71643675203087e-05,-0.0001393694589204242,-2.8422483509246506e-05,1639,0,861,molecule,2
bond_only_seed307,unrestricted_seed307,angle_cosine_raw_mae,0.0006966428731864589,0.0006597736392594699,0.0007433052468652529,274,0,2226,molecule,2
bond_only_seed307,unrestricted_seed307,raw_source_displacement_rms,-2.3337604850531013e-05,-2.5788527952972855e-05,-2.1867267088965293e-05,2497,0,3,molecule,2
bond_only_seed307,unrestricted_seed307,reference_rmsd,0.00011674942166509519,0.0001082712926422823,0.0001261091268324031,396,0,2104,molecule,2
bond_only_seed331,unrestricted_seed331,validity3d,-0.0096,-0.0174,-0.0019950000000000727,196,2152,152,molecule,2
bond_only_seed331,unrestricted_seed331,PB,-0.0002,-0.0006,0.0,1,2499,0,molecule,2
bond_only_seed331,unrestricted_seed331,internal_post_objective,0.05918807179181953,0.02362662438773742,0.1230827335577072,1056,0,1444,molecule,2
bond_only_seed331,unrestricted_seed331,direction_improvement,-0.059188071791819515,-0.12376565733410078,-0.023469958672781583,1444,0,1056,molecule,2
bond_only_seed331,unrestricted_seed331,bond_raw_mae,-0.0002641946170741953,-0.0002874234790919752,-0.00023690977285401876,1894,0,606,molecule,2
bond_only_seed331,unrestricted_seed331,angle_cosine_raw_mae,0.0008078091571185309,0.0007758995225558967,0.0008400883778749139,261,0,2239,molecule,2
bond_only_seed331,unrestricted_seed331,raw_source_displacement_rms,-2.9946144390851347e-05,-3.0897530247457364e-05,-2.9099151790143013e-05,2499,0,1,molecule,2
bond_only_seed331,unrestricted_seed331,reference_rmsd,0.00012987347346701288,0.00012138401051407831,0.0001382767479074399,446,0,2054,molecule,2
bond_only_seed353,unrestricted_seed353,validity3d,-0.0116,-0.0198,-0.0034,214,2125,161,molecule,2
bond_only_seed353,unrestricted_seed353,PB,0.0,-0.0006,0.0006,1,2498,1,molecule,2
bond_only_seed353,unrestricted_seed353,internal_post_objective,0.0541397010214002,0.046778536945685144,0.061465261092721865,875,0,1625,molecule,2
bond_only_seed353,unrestricted_seed353,direction_improvement,-0.054139701021400186,-0.06151483760553122,-0.046567354450589925,1625,0,875,molecule,2
bond_only_seed353,unrestricted_seed353,bond_raw_mae,-0.00019809627939366612,-0.00021790203807505745,-0.00017854571626374719,1651,0,849,molecule,2
bond_only_seed353,unrestricted_seed353,angle_cosine_raw_mae,0.0009299357650943808,0.0008973740604748356,0.0009625915979554995,226,0,2274,molecule,2
bond_only_seed353,unrestricted_seed353,raw_source_displacement_rms,-3.483109315857271e-05,-3.6127077066338643e-05,-3.3736784784122714e-05,2498,0,2,molecule,2
bond_only_seed353,unrestricted_seed353,reference_rmsd,0.00011640796146256816,0.00010747356997094813,0.00012448454838276792,563,0,1937,molecule,2
angle_only_seed307,unrestricted_seed307,validity3d,-0.2098,-0.2242,-0.1954,910,1491,99,molecule,2
angle_only_seed307,unrestricted_seed307,PB,-0.0006,-0.0016,0.0004,5,2493,2,molecule,2
angle_only_seed307,unrestricted_seed307,internal_post_objective,0.869413072662649,0.8271216488365728,0.916927745581921,62,0,2438,molecule,2
angle_only_seed307,unrestricted_seed307,direction_improvement,-0.869413072662649,-0.9164978775427725,-0.826620697477678,2438,0,62,molecule,2
angle_only_seed307,unrestricted_seed307,bond_raw_mae,0.0027161079769552677,0.0026489988321940056,0.0027853396944840653,36,0,2464,molecule,2
angle_only_seed307,unrestricted_seed307,angle_cosine_raw_mae,-0.0004148420505679395,-0.0004609355934989201,-0.0003689730017825402,1576,0,924,molecule,2
angle_only_seed307,unrestricted_seed307,raw_source_displacement_rms,-8.747053435072362e-05,-8.92972674081106e-05,-8.593249890254925e-05,2500,0,0,molecule,2
angle_only_seed307,unrestricted_seed307,reference_rmsd,-0.0006073778196444502,-0.0006276961067422699,-0.0005872503299787954,2314,0,186,molecule,2
angle_only_seed331,unrestricted_seed331,validity3d,-0.1982,-0.2124,-0.1842,879,1515,106,molecule,2
angle_only_seed331,unrestricted_seed331,PB,-0.0002,-0.001,0.0006,3,2495,2,molecule,2
angle_only_seed331,unrestricted_seed331,internal_post_objective,0.9135422760164374,0.8697030099184289,0.9672405834123347,59,0,2441,molecule,2
angle_only_seed331,unrestricted_seed331,direction_improvement,-0.9135422760164374,-0.966243351181756,-0.8691702340654464,2441,0,59,molecule,2
angle_only_seed331,unrestricted_seed331,bond_raw_mae,0.002877537438106985,0.0028094738457795036,0.002946543178188924,27,0,2473,molecule,2
angle_only_seed331,unrestricted_seed331,angle_cosine_raw_mae,-0.0004170832040134588,-0.00046228415603101594,-0.0003728148808804487,1600,0,900,molecule,2
angle_only_seed331,unrestricted_seed331,raw_source_displacement_rms,-9.019102454185515e-05,-9.160624350653936e-05,-8.879207768943174e-05,2500,0,0,molecule,2
angle_only_seed331,unrestricted_seed331,reference_rmsd,-0.0005503304910742752,-0.000570035222780443,-0.0005310417834605724,2251,0,249,molecule,2
angle_only_seed353,unrestricted_seed353,validity3d,-0.2134,-0.2274,-0.1992,921,1489,90,molecule,2
angle_only_seed353,unrestricted_seed353,PB,-0.0006,-0.0016,0.0002,4,2495,1,molecule,2
angle_only_seed353,unrestricted_seed353,internal_post_objective,0.7863999430067535,0.7424528109747275,0.8387589876590053,83,0,2417,molecule,2
angle_only_seed353,unrestricted_seed353,direction_improvement,-0.7863999430067535,-0.8395603413734123,-0.7426228888628822,2417,0,83,molecule,2
angle_only_seed353,unrestricted_seed353,bond_raw_mae,0.002382808599848482,0.002316586123835682,0.002451436462556065,75,0,2425,molecule,2
angle_only_seed353,unrestricted_seed353,angle_cosine_raw_mae,-0.00041727371002419977,-0.0004582504172181273,-0.0003777024811885218,1629,0,871,molecule,2
angle_only_seed353,unrestricted_seed353,raw_source_displacement_rms,-8.314287215471248e-05,-8.495734548894753e-05,-8.145434219622975e-05,2498,0,2,molecule,2
angle_only_seed353,unrestricted_seed353,reference_rmsd,-0.0003589287999829394,-0.000375762203866352,-0.0003420318436211671,2070,0,430,molecule,2
fixed_tau_seed307,unrestricted_seed307,validity3d,-0.1118,-0.1234,-0.1006,570,1833,97,molecule,2
fixed_tau_seed307,unrestricted_seed307,PB,0.0,-0.0008,0.0008,2,2496,2,molecule,2
fixed_tau_seed307,unrestricted_seed307,internal_post_objective,0.4807330950903831,0.3789858118140735,0.5506881838798082,79,0,2421,molecule,2
fixed_tau_seed307,unrestricted_seed307,direction_improvement,-0.4807330950903831,-0.5500383879461774,-0.38073554606114013,2421,0,79,molecule,2
fixed_tau_seed307,unrestricted_seed307,bond_raw_mae,0.001396952581810948,0.0013455827975085797,0.00144952966589001,112,0,2388,molecule,2
fixed_tau_seed307,unrestricted_seed307,angle_cosine_raw_mae,0.00045146227063745317,0.00041756334572682307,0.00048374364518817325,612,0,1888,molecule,2
fixed_tau_seed307,unrestricted_seed307,raw_source_displacement_rms,-0.005134363219887019,-0.005285942519318778,-0.005001491400117521,2500,0,0,molecule,2
fixed_tau_seed307,unrestricted_seed307,reference_rmsd,-0.0003358194103204325,-0.0003535481834893109,-0.0003202600132312583,2385,0,115,molecule,2
fixed_tau_seed331,unrestricted_seed331,validity3d,-0.111,-0.1228,-0.09939500000000008,574,1815,111,molecule,2
fixed_tau_seed331,unrestricted_seed331,PB,-0.0006,-0.0014,0.0,3,2497,0,molecule,2
fixed_tau_seed331,unrestricted_seed331,internal_post_objective,0.550841666803861,0.5110662757767348,0.6009379662222858,108,0,2392,molecule,2
fixed_tau_seed331,unrestricted_seed331,direction_improvement,-0.5508416668038609,-0.5995886484310656,-0.510930601955436,2392,0,108,molecule,2
fixed_tau_seed331,unrestricted_seed331,bond_raw_mae,0.0014385793601264416,0.0013859800532886797,0.0014932338887345892,149,0,2351,molecule,2
fixed_tau_seed331,unrestricted_seed331,angle_cosine_raw_mae,0.0005195504526484628,0.0004872637119591632,0.000552067566801039,617,0,1883,molecule,2
fixed_tau_seed331,unrestricted_seed331,raw_source_displacement_rms,-0.005639965018257499,-0.0057587636178894905,-0.005528321799009573,2500,0,0,molecule,2
fixed_tau_seed331,unrestricted_seed331,reference_rmsd,-0.0003290088389330532,-0.00034864219910404296,-0.00031279993287834163,2371,0,129,molecule,2
fixed_tau_seed353,unrestricted_seed353,validity3d,-0.1098,-0.1216,-0.09839500000000008,580,1805,115,molecule,2
fixed_tau_seed353,unrestricted_seed353,PB,-0.0004,-0.001,0.0,2,2498,0,molecule,2
fixed_tau_seed353,unrestricted_seed353,internal_post_objective,0.5093423702055219,0.47160147986513046,0.5558565078857983,127,0,2373,molecule,2
fixed_tau_seed353,unrestricted_seed353,direction_improvement,-0.5093423702055219,-0.5572925975975588,-0.4717318801859668,2373,0,127,molecule,2
fixed_tau_seed353,unrestricted_seed353,bond_raw_mae,0.0012663821523324658,0.001217628263691325,0.00131834591986746,197,0,2303,molecule,2
fixed_tau_seed353,unrestricted_seed353,angle_cosine_raw_mae,0.0005784561869121617,0.0005458860773642167,0.0006107164205434403,565,0,1935,molecule,2
fixed_tau_seed353,unrestricted_seed353,raw_source_displacement_rms,-0.005464282318390906,-0.005574421652362217,-0.005358453032753896,2500,0,0,molecule,2
fixed_tau_seed353,unrestricted_seed353,reference_rmsd,-0.00019906132153828647,-0.00021405237561464996,-0.00018648928908505946,2162,0,338,molecule,2
