molecule_id,method,bond_violation,angle_violation,torsion_circular_error,ring_invalidity,clash_score,chirality_error,aligned_RMSD,ms_per_conformer,COV_P,COV_R,MAT_P,MAT_R,diversity
Brc1ccc(-c2nc3ccccc3s2)s1,ECIR_4step_teacher,0.015627368818968534,0.019014996476471424,0.007045854348689318,0.017384270206093788,0.0,0.0,0.01329124253243208,69.0440500038676,1.0,1.0,0.01329124253243208,0.01329124253243208,1.5772252082824707
Brc1ccc(-c2nc3ccccc3s2)s1,MMFF_10step,0.0027744873659685254,0.0034543094225227833,0.0012984075001440942,0.0034826438641175628,0.0,0.0,0.04194549843668938,3.008550003869459,1.0,1.0,0.04194549843668938,0.04194549843668938,1.5675278902053833
Brc1ccc(-c2nc3ccccc3s2)s1,MMFF_50step,0.0,0.0,0.0,0.0,0.0,0.0,0.053336771205067635,3.728449999471195,1.0,1.0,0.053336769342422485,0.053336769342422485,1.5630338191986084
Brc1ccc(-c2nc3ccccc3s2)s1,upstream,0.01853717677295208,0.019817933440208435,0.008339309075381607,0.02186404075473547,0.0,0.0,0.012100673746317625,0.0,1.0,1.0,0.012100674211978912,0.012100674211978912,1.5758477449417114
Brc1ccc(C2=CSC3=NCCN23)cc1,ECIR_4step_teacher,0.013058412820100784,0.019702396355569363,0.23228204250335693,0.01757487840950489,0.0,0.0,1.3347761034965515,70.88974999351194,0.0,0.0,1.3347761631011963,1.2901136875152588,2.129709005355835
Brc1ccc(C2=CSC3=NCCN23)cc1,MMFF_10step,0.003033076412975788,0.005576838040724397,0.20034179091453552,0.004057339741848409,0.0,0.0,1.3397955894470215,2.990550005051773,0.0,0.0,1.3397955894470215,1.3008792400360107,2.1462786197662354
Brc1ccc(C2=CSC3=NCCN23)cc1,MMFF_50step,0.0,0.0,0.0,0.0,0.0,0.0,1.3406440615653992,4.7052000008989125,0.0,0.0,1.340644121170044,1.2676359415054321,2.144819498062134
Brc1ccc(C2=CSC3=NCCN23)cc1,upstream,0.014149532653391361,0.020653612911701202,0.23630696535110474,0.01932424306869507,0.0,0.0,1.3344768285751343,0.0,0.0,0.0,1.3344768285751343,1.2892018556594849,2.1276357173919678
Brc1ccc2c(c1)[C@H]1OCC[C@H]1[C@@H](c1cccs1)N2,ECIR_4step_teacher,0.011260648258030415,0.02034585364162922,0.048459090292453766,0.013990902807563543,0.0,0.0,1.4431323409080505,192.95945000339998,0.0,0.0,1.4431324005126953,1.8923568725585938,0.7218533754348755
Brc1ccc2c(c1)[C@H]1OCC[C@H]1[C@@H](c1cccs1)N2,MMFF_10step,0.0027915321988984942,0.006219584261998534,0.045701391994953156,0.003109690616838634,0.0,0.0,1.4480514526367188,9.901300007186364,0.0,0.0,1.4480514526367188,1.8972951173782349,0.7134130597114563
Brc1ccc2c(c1)[C@H]1OCC[C@H]1[C@@H](c1cccs1)N2,MMFF_50step,0.0,0.0,0.0,0.0,0.0,0.0,1.4482089281082153,7.697549997828901,0.0,0.0,1.4482089281082153,1.8785367012023926,0.6712568402290344
Brc1ccc2c(c1)[C@H]1OCC[C@H]1[C@@H](c1cccs1)N2,upstream,0.011605456471443176,0.019712683744728565,0.04505649209022522,0.014659250155091286,0.0,0.0,1.4431542754173279,0.0,0.0,0.0,1.4431543350219727,1.8919868469238281,0.7208296656608582
Brc1cccc(-c2nnc3n2CCC3)c1,ECIR_4step_teacher,0.011413563042879105,0.019556736573576927,0.07152891159057617,0.014028771314769983,0.0,0.0,0.9341334104537964,71.56024999858346,1.0,0.5,0.9341334104537964,1.527922511100769,0.3964427709579468
Brc1cccc(-c2nnc3n2CCC3)c1,MMFF_10step,0.0028082617791369557,0.0044239365961402655,0.07743251323699951,0.0030535698169842362,0.0,0.0,0.9398484230041504,3.3930000063264742,1.0,0.5,0.9398484230041504,1.5306190252304077,0.39719152450561523
Brc1cccc(-c2nnc3n2CCC3)c1,MMFF_50step,0.0,0.0,0.0,0.0,0.0,0.0,0.9648227691650391,5.425249997642823,1.0,0.5,0.9648227691650391,1.5565214157104492,0.40477490425109863
Brc1cccc(-c2nnc3n2CCC3)c1,upstream,0.012737053446471691,0.01981352549046278,0.07160687446594238,0.014892251696437597,0.0,0.0,0.9361361265182495,0.0,1.0,0.5,0.9361361265182495,1.5301108360290527,0.39786285161972046
Brc1cccc(CSc2nnc(-c3ccncc3)o2)c1,ECIR_4step_teacher,0.010741837322711945,0.020712722092866898,0.06825480610132217,0.011703200172632933,0.0,0.0,0.4284368008375168,70.55804999981774,1.0,0.08695652335882187,0.428436815738678,1.7128479480743408,2.9849777221679688
Brc1cccc(CSc2nnc(-c3ccncc3)o2)c1,MMFF_10step,0.003820771351456642,0.005518863210454583,0.06746569648385048,0.0035808227257803082,0.0,0.0,0.4324798882007599,4.03925000136951,1.0,0.08695652335882187,0.4324798882007599,1.7199347019195557,2.989366292953491
Brc1cccc(CSc2nnc(-c3ccncc3)o2)c1,MMFF_50step,0.0,0.0,0.0,0.0,0.0,0.0,0.436365470290184,6.758299998182338,1.0,0.08695652335882187,0.4363654851913452,1.7280482053756714,2.89237904548645
Brc1cccc(CSc2nnc(-c3ccncc3)o2)c1,upstream,0.013284962624311447,0.021173745393753052,0.06999483332037926,0.015403084922581911,0.0,0.0,0.4280876964330673,0.0,1.0,0.08695652335882187,0.4280877113342285,1.7113655805587769,2.982748031616211
Brc1cccc(OCCSc2ncccn2)c1,ECIR_4step_teacher,0.010247833095490932,0.01948493253439665,0.08188950270414352,0.011791422963142395,0.0,0.0,0.8525409698486328,75.53285000176402,1.0,0.06666667014360428,0.8525409698486328,1.919822096824646,1.8292713165283203
Brc1cccc(OCCSc2ncccn2)c1,MMFF_10step,0.0035722398897632957,0.005808091722428799,0.06372817233204842,0.0040483425837010145,0.0,0.0,0.8544570505619049,3.8511000020662323,1.0,0.06666667014360428,0.8544570207595825,1.923470139503479,1.8195809125900269
Brc1cccc(OCCSc2ncccn2)c1,MMFF_50step,0.0,0.0,0.0,0.0,0.0,0.0,0.8629016429185867,6.27570000506239,1.0,0.06666667014360428,0.8629016280174255,1.9423710107803345,1.7744970321655273
Brc1cccc(OCCSc2ncccn2)c1,upstream,0.012156030163168907,0.01897434890270233,0.08096689730882645,0.015366717707365751,0.0,0.0,0.8515903353691101,0.0,1.0,0.06666667014360428,0.8515903353691101,1.917206048965454,1.8235830068588257
C#CCOCCOCCOCCNc1nc(N2CCOCC2)nc(N2CCN(C(=O)[C@H]([C@@H](C)CC)n3cc([C@@H]([NH3+])CC(C)C)nn3)CC2)n1,ECIR_4step_teacher,0.07179021462798119,0.08914218842983246,0.9640902690589428,0.07925677113234997,2.974542985612061e-05,0.125,4.4729835987091064,63.16920000244863,0.0,0.0,4.562902450561523,4.547250747680664,3.7960147857666016
C#CCOCCOCCOCCNc1nc(N2CCOCC2)nc(N2CCN(C(=O)[C@H]([C@@H](C)CC)n3cc([C@@H]([NH3+])CC(C)C)nn3)CC2)n1,MMFF_10step,0.057477314956486225,0.09498402662575245,0.9070297610014677,0.05379579495638609,0.0,0.125,4.499366044998169,16.711149997718167,0.0,0.0,4.5883636474609375,4.55926513671875,3.817732572555542
C#CCOCCOCCOCCNc1nc(N2CCOCC2)nc(N2CCN(C(=O)[C@H]([C@@H](C)CC)n3cc([C@@H]([NH3+])CC(C)C)nn3)CC2)n1,MMFF_50step,0.0,0.0,0.0,0.0,0.0,0.0,4.615746974945068,31.555200010188855,0.0,0.0,4.615746974945068,4.615746974945068,0.0
C#CCOCCOCCOCCNc1nc(N2CCOCC2)nc(N2CCN(C(=O)[C@H]([C@@H](C)CC)n3cc([C@@H]([NH3+])CC(C)C)nn3)CC2)n1,upstream,0.18781373649835587,0.17459174245595932,1.0006914287805557,0.1717071533203125,1.6456483990623383e-05,0.125,4.405061721801758,0.0,0.0,0.0,4.497063636779785,4.473206996917725,3.6324119567871094
C=CCCC(=O)Nc1ccc(Br)cn1,ECIR_4step_teacher,0.07165755704045296,0.05333779752254486,0.04345346800982952,0.02918926812708378,0.0,0.0,0.9969018697738647,61.18850000348175,0.5,1.0,1.402451753616333,1.0186387300491333,1.7115416526794434
C=CCCC(=O)Nc1ccc(Br)cn1,MMFF_10step,0.03571294993162155,0.057834330946207047,0.08940118178725243,0.023508816491812468,0.0,0.0,1.0561054944992065,2.6702500035753474,0.5,1.0,1.4550535678863525,1.0681453943252563,1.858746886253357
C=CCCC(=O)Nc1ccc(Br)cn1,MMFF_50step,0.0,0.0,0.0,0.0,0.0,0.0,1.045106589794159,4.7671500069554895,0.5,1.0,1.4518018960952759,1.0652388334274292,1.8065088987350464
C=CCCC(=O)Nc1ccc(Br)cn1,upstream,0.14790461212396622,0.1271485835313797,0.12288403883576393,0.04540553782135248,0.0,0.0,0.9475273191928864,0.0,0.5,1.0,1.3473037481307983,0.9741681218147278,1.5684881210327148
C=CC[NH+]1C(c2ccccc2)=CS_C1=C(\C#N)c1nnc2n1CCCCC2,ECIR_4step_teacher,0.06557868421077728,0.05410957522690296,0.07388355769217014,0.058910246938467026,0.0,0.0,1.0810591876506805,63.66074999823468,0.0,0.0,1.5273771286010742,1.3979339599609375,1.885419487953186
C=CC[NH+]1C(c2ccccc2)=CS_C1=C(\C#N)c1nnc2n1CCCCC2,MMFF_10step,0.02903643250465393,0.046299783512949944,0.048672422766685486,0.03387970291078091,0.0,0.0,1.0864579379558563,6.4139500027522445,0.0,0.0,1.554781198501587,1.417459487915039,1.9813753366470337
C=CC[NH+]1C(c2ccccc2)=CS_C1=C(\C#N)c1nnc2n1CCCCC2,MMFF_50step,0.0,0.0,0.0,0.0,0.0,0.0,1.076950579881668,11.753599996154662,0.0,0.0,1.5525288581848145,1.4156136512756348,1.9996001720428467
C=CC[NH+]1C(c2ccccc2)=CS_C1=C(\C#N)c1nnc2n1CCCCC2,upstream,0.1544690504670143,0.11896275356411934,0.09017457813024521,0.14888136461377144,0.0,0.0,1.053231418132782,0.0,0.0,0.0,1.4766740798950195,1.3443677425384521,1.736769199371338
C=CCc1ccc(OCC(O)C[NH+]2CCC(Cc3ccccc3)CC2)c(OC)c1,ECIR_4step_teacher,0.0396297425031662,0.04686127230525017,0.047048479318618774,0.03404628671705723,0.0,0.0,2.14933317899704,63.264350006647874,0.0,0.0,2.862088203430176,2.7208974361419678,3.8372349739074707
C=CCc1ccc(OCC(O)C[NH+]2CCC(Cc3ccccc3)CC2)c(OC)c1,MMFF_10step,0.02687334269285202,0.03123336471617222,0.031235920265316963,0.02316670585423708,0.0,0.0,2.1857599020004272,8.677999998326413,0.0,0.0,2.8917770385742188,2.7362122535705566,3.9249205589294434
C=CCc1ccc(OCC(O)C[NH+]2CCC(Cc3ccccc3)CC2)c(OC)c1,MMFF_50step,0.0,0.0,0.0,0.0,0.0,0.0,2.1671753525733948,16.316850007569883,0.0,0.0,2.8775510787963867,2.729966640472412,3.8749308586120605
C=CCc1ccc(OCC(O)C[NH+]2CCC(Cc3ccccc3)CC2)c(OC)c1,upstream,0.1634771004319191,0.11506382748484612,0.12529760971665382,0.1369779407978058,0.0,0.0,2.0764272212982178,0.0,0.0,0.0,2.783658266067505,2.6430246829986572,3.6308038234710693
CC(=O)OCC1=C(C(=O)O)N2C(=O)[C@@H](NC(=O)CS_C(=N_C(C)C)NC(C)C)[C@H]2SC1,ECIR_4step_teacher,0.06707332469522953,0.045152269303798676,0.06057443097233772,0.050863636657595634,0.0,0.0,2.8013205528259277,63.96489999315236,0.0,0.0,2.8127903938293457,2.7929439544677734,1.7215957641601562
CC(=O)OCC1=C(C(=O)O)N2C(=O)[C@@H](NC(=O)CS_C(=N_C(C)C)NC(C)C)[C@H]2SC1,MMFF_10step,0.023091347888112068,0.04341110214591026,0.04411485604941845,0.016881955787539482,0.0,0.0,2.8402650356292725,7.599099997605663,0.0,0.0,2.852024555206299,2.820324420928955,1.7912863492965698
CC(=O)OCC1=C(C(=O)O)N2C(=O)[C@@H](NC(=O)CS_C(=N_C(C)C)NC(C)C)[C@H]2SC1,MMFF_50step,0.0,0.0,0.0,0.0,0.0,0.0,2.8303405046463013,12.973849996342324,0.0,0.0,2.8427038192749023,2.8147315979003906,1.792097568511963
CC(=O)OCC1=C(C(=O)O)N2C(=O)[C@@H](NC(=O)CS_C(=N_C(C)C)NC(C)C)[C@H]2SC1,upstream,0.20753205567598343,0.12686224281787872,0.12778550386428833,0.1373518481850624,0.0,0.0,2.7386748790740967,0.0,0.0,0.0,2.751101493835449,2.7329013347625732,1.5428829193115234
CC(=O)_C=C_c1ccccc1O,ECIR_4step_teacher,0.0798243097960949,0.04847421310842037,0.06665485445410013,0.05633795401081443,0.0,0.0,0.3788931593298912,62.11950000579236,1.0,1.0,0.8052427768707275,0.6141483783721924,1.0969688892364502
CC(=O)_C=C_c1ccccc1O,MMFF_10step,0.022729347459971905,0.02563324198126793,0.062216833932325244,0.02101758122444153,0.0,0.0,0.35582140274345875,2.1627999958582222,1.0,1.0,0.8492620587348938,0.6516212224960327,1.2245007753372192
CC(=O)_C=C_c1ccccc1O,MMFF_50step,0.0,0.0,0.0,0.0,0.0,0.0,0.3574238307774067,3.6145499980193563,1.0,1.0,0.858706533908844,0.6769143342971802,1.2345916032791138
CC(=O)_C=C_c1ccccc1O,upstream,0.15732576698064804,0.09527150169014931,0.06929733790457249,0.12148811668157578,0.0,0.0,0.42453429102897644,0.0,1.0,1.0,0.7693942785263062,0.5801405906677246,0.94770348072052
CC(=O)c1ccc(OCC(=O)N2CCCC(Nc3ccc(C)c(C)c3)C2)cc1,ECIR_4step_teacher,0.0661415345966816,0.05081450566649437,0.055890440940856934,0.05249226652085781,0.0,0.0,1.4390268921852112,63.976549994549714,0.0,0.0,1.8841406106948853,1.300893783569336,2.2048935890197754
CC(=O)c1ccc(OCC(=O)N2CCCC(Nc3ccc(C)c(C)c3)C2)cc1,MMFF_10step,0.03359887655824423,0.04689774848520756,0.037539164535701275,0.033987632021307945,0.0,0.0,1.4732382893562317,8.013849997951183,0.0,0.0,1.9144001007080078,1.3220393657684326,2.274383783340454
CC(=O)c1ccc(OCC(=O)N2CCCC(Nc3ccc(C)c(C)c3)C2)cc1,MMFF_50step,0.0,0.0,0.0,0.0,0.0,0.0,1.4604893922805786,13.25435000762809,0.0,0.0,1.903322696685791,1.313186526298523,2.2569873332977295
CC(=O)c1ccc(OCC(=O)N2CCCC(Nc3ccc(C)c(C)c3)C2)cc1,upstream,0.17853430658578873,0.12694508954882622,0.1255752369761467,0.15354590117931366,0.0,0.0,1.3910017013549805,0.0,0.0,0.0,1.8366663455963135,1.2671912908554077,2.071601629257202
CC(C)(C)C(=O)Nc1ccc(-c2cn3ccsc3n2)cc1,ECIR_4step_teacher,0.07396908849477768,0.04220341704785824,0.02500678040087223,0.07146195322275162,0.0,0.0,1.3312019109725952,62.059399991994724,0.5,1.0,1.3312017917633057,1.1253632307052612,1.3770339488983154
CC(C)(C)C(=O)Nc1ccc(-c2cn3ccsc3n2)cc1,MMFF_10step,0.043353745713829994,0.051989953964948654,0.02716768439859152,0.04258417710661888,0.0,0.0,1.377428114414215,5.158449996088166,0.5,1.0,1.3774278163909912,1.1759028434753418,1.4415723085403442
CC(C)(C)C(=O)Nc1ccc(-c2cn3ccsc3n2)cc1,MMFF_50step,0.0,0.0,0.0,0.0,0.0,0.0,1.3651168942451477,8.910799995646812,0.5,1.0,1.3651169538497925,1.1570963859558105,1.425049066543579
CC(C)(C)C(=O)Nc1ccc(-c2cn3ccsc3n2)cc1,upstream,0.17993353307247162,0.08938435465097427,0.03310717921704054,0.17265990376472473,0.0,0.0,1.2739477753639221,0.0,0.5,1.0,1.2739477157592773,1.0715281963348389,1.2614578008651733
CCCCC(c1nnnn1CS(=O)(=O)c1ccc(C)cc1)[NH+]1CCN(c2ccccc2)CC1,ECIR_4step_teacher,0.07314193248748779,0.050693390890955925,0.06723405793309212,0.07479564845561981,0.0,0.0,2.1294535994529724,66.50475000060396,0.0,0.0,2.2960658073425293,2.2231245040893555,2.2790610790252686
CCCCC(c1nnnn1CS(=O)(=O)c1ccc(C)cc1)[NH+]1CCN(c2ccccc2)CC1,MMFF_10step,0.01909928396344185,0.028917835094034672,0.03614797070622444,0.021680427715182304,0.0,0.0,2.191921293735504,10.249450002447702,0.0,0.0,2.350396156311035,2.268893241882324,2.354810953140259
CCCCC(c1nnnn1CS(=O)(=O)c1ccc(C)cc1)[NH+]1CCN(c2ccccc2)CC1,MMFF_50step,0.0,0.0,0.0,0.0,0.0,0.0,2.1883572340011597,18.924999996670522,0.0,0.0,2.3457255363464355,2.2712814807891846,2.3548433780670166
CCCCC(c1nnnn1CS(=O)(=O)c1ccc(C)cc1)[NH+]1CCN(c2ccccc2)CC1,upstream,0.17520742863416672,0.12568087875843048,0.14871005713939667,0.15914712846279144,0.0,0.0,2.0645819902420044,0.0,0.0,0.0,2.2301430702209473,2.168264150619507,2.0998551845550537
CCN(CC)c1ccc(-c2sc(Nc3ccccc3)n[n+]2-c2ccc(F)cc2)cc1,ECIR_4step_teacher,0.06094016321003437,0.04995785653591156,0.02977900207042694,0.06509946659207344,0.0,0.0,1.3256008625030518,65.66740000562277,0.5,1.0,1.6441049575805664,1.0446178913116455,2.0768933296203613
CCN(CC)c1ccc(-c2sc(Nc3ccccc3)n[n+]2-c2ccc(F)cc2)cc1,MMFF_10step,0.027303422801196575,0.027101443149149418,0.023426166735589504,0.02100956439971924,0.0,0.0,1.384213387966156,8.011100006115157,0.5,1.0,1.7091312408447266,1.0969122648239136,2.254972219467163
CCN(CC)c1ccc(-c2sc(Nc3ccccc3)n[n+]2-c2ccc(F)cc2)cc1,MMFF_50step,0.0,0.0,0.0,0.0,0.0,0.0,1.3659937381744385,14.62455000000773,0.5,1.0,1.687486171722412,1.0634214878082275,2.202721357345581
CCN(CC)c1ccc(-c2sc(Nc3ccccc3)n[n+]2-c2ccc(F)cc2)cc1,upstream,0.1394539400935173,0.09905403107404709,0.055685991421341896,0.1442747339606285,0.0,0.0,1.2766882181167603,0.0,0.5,1.0,1.587182641029358,1.0123505592346191,1.9191533327102661
CCN1CC[NH+](CCOCCOc2ccccc2-c2ccccc2)CC1,ECIR_4step_teacher,0.04971258156001568,0.04461098462343216,0.05687490478157997,0.048028238117694855,0.0,0.0,1.5092506408691406,62.638900002639275,0.0,0.0,1.5092509984970093,1.4511935710906982,1.8668051958084106
CCN1CC[NH+](CCOCCOc2ccccc2-c2ccccc2)CC1,MMFF_10step,0.03356104250997305,0.039052318781614304,0.03779442235827446,0.047282500192523,0.0,0.0,1.5369404554367065,7.706399999733549,0.0,0.0,1.5369404554367065,1.4735528230667114,1.928139090538025
CCN1CC[NH+](CCOCCOc2ccccc2-c2ccccc2)CC1,MMFF_50step,0.0,0.0,0.0,0.0,0.0,0.0,1.5295820236206055,15.645449995645322,0.0,0.0,1.5295822620391846,1.46757173538208,1.894039273262024
CCN1CC[NH+](CCOCCOc2ccccc2-c2ccccc2)CC1,upstream,0.17104777693748474,0.1372101753950119,0.1365814246237278,0.16330347210168839,0.0,0.0,1.440928876399994,0.0,0.0,0.0,1.4409289360046387,1.3738853931427002,1.6867824792861938
CCOC(=O)N1CCN(C(=O)c2cn(C)c3ccc(S(=O)(=O)N(C)C4CCCCC4)cc3c2=O)CC1,ECIR_4step_teacher,0.06654813699424267,0.05275694653391838,0.06733640097081661,0.05076185613870621,0.0,0.0,2.104306221008301,63.563100004103035,0.0,0.0,2.9709300994873047,2.4805920124053955,3.3564629554748535
CCOC(=O)N1CCN(C(=O)c2cn(C)c3ccc(S(=O)(=O)N(C)C4CCCCC4)cc3c2=O)CC1,MMFF_10step,0.01776578393764794,0.03780408436432481,0.027109954738989472,0.021631204755976796,0.0,0.0,2.1612889170646667,10.479799995664507,0.0,0.0,3.0347988605499268,2.5566999912261963,3.451505422592163
CCOC(=O)N1CCN(C(=O)c2cn(C)c3ccc(S(=O)(=O)N(C)C4CCCCC4)cc3c2=O)CC1,MMFF_50step,0.0,0.0,0.0,0.0,0.0,0.0,2.1536722779273987,20.401750000019092,0.0,0.0,3.0259814262390137,2.5399086475372314,3.4481265544891357
CCOC(=O)N1CCN(C(=O)c2cn(C)c3ccc(S(=O)(=O)N(C)C4CCCCC4)cc3c2=O)CC1,upstream,0.16152961552143097,0.10474350303411484,0.06822587922215462,0.12294112890958786,0.0,0.0,2.0267059803009033,0.0,0.0,0.0,2.8967056274414062,2.4096460342407227,3.2122013568878174
CCOc1ncnc2c1sc1nc(C)cc(C)c12,ECIR_4step_teacher,0.07407509908080101,0.03472753427922726,0.05964218080043793,0.01995251141488552,0.0,0.0,0.6090596616268158,60.76815000415081,1.0,1.0,0.7250139713287354,0.5029587149620056,0.9615077972412109
CCOc1ncnc2c1sc1nc(C)cc(C)c12,MMFF_10step,0.042661456391215324,0.052198183722794056,0.026600105687975883,0.025950117968022823,0.0,0.0,0.6684052050113678,3.4685499995248392,1.0,1.0,0.7867936491966248,0.5422646999359131,1.1411434412002563
CCOc1ncnc2c1sc1nc(C)cc(C)c12,MMFF_50step,0.0,0.0,0.0,0.0,0.0,0.0,0.6560114324092865,6.38424999488052,1.0,1.0,0.7652579545974731,0.5371258854866028,1.0864717960357666
CCOc1ncnc2c1sc1nc(C)cc(C)c12,upstream,0.14083001762628555,0.0513086523860693,0.08273791894316673,0.023619246669113636,0.0,0.0,0.582493245601654,0.0,1.0,1.0,0.7002196311950684,0.4933762550354004,0.8343169689178467
CN(C)c1ccc(C(=O)c2ccccc2C(=O)O)c(O)c1,ECIR_4step_teacher,0.06116236373782158,0.06104368157684803,0.04584049619734287,0.06270800717175007,0.0,0.0,1.2477055042982101,65.82434999290854,0.0,0.0,1.8137130737304688,1.5651253461837769,2.371603012084961
CN(C)c1ccc(C(=O)c2ccccc2C(=O)O)c(O)c1,MMFF_10step,0.03342378232628107,0.03501002490520477,0.04997582547366619,0.039504935033619404,0.0,0.0,1.3076348006725311,3.858249998302199,0.0,0.0,1.903446912765503,1.6237049102783203,2.620267391204834
CN(C)c1ccc(C(=O)c2ccccc2C(=O)O)c(O)c1,MMFF_50step,0.0,0.0,0.0,0.0,0.0,0.0,1.280535638332367,8.011300007638056,0.0,0.0,1.863166093826294,1.6009951829910278,2.5286357402801514
CN(C)c1ccc(C(=O)c2ccccc2C(=O)O)c(O)c1,upstream,0.13749022036790848,0.1461591199040413,0.05510640703141689,0.1418910101056099,0.0,0.0,1.2278525084257126,0.0,0.0,0.0,1.7504799365997314,1.5039371252059937,2.1780455112457275
COC(=O)c1nnc(-c2ccccc2)c(-c2ccccc2)n1,ECIR_4step_teacher,0.07043126598000526,0.04071642458438873,0.09558917582035065,0.058723922818899155,0.0,0.0,0.7311534285545349,67.59755000530276,0.5,1.0,1.3981492519378662,0.9246578216552734,1.6937094926834106
COC(=O)c1nnc(-c2ccccc2)c(-c2ccccc2)n1,MMFF_10step,0.02855424117296934,0.030365542508661747,0.07319160737097263,0.02187949698418379,0.0,0.0,0.7860442698001862,4.56069999927422,0.5,1.0,1.454298734664917,0.9911647439002991,1.8563604354858398
COC(=O)c1nnc(-c2ccccc2)c(-c2ccccc2)n1,MMFF_50step,0.0,0.0,0.0,0.0,0.0,0.0,0.7832070589065552,7.764249996398576,0.5,1.0,1.4518210887908936,0.9962364435195923,1.8457165956497192
COC(=O)c1nnc(-c2ccccc2)c(-c2ccccc2)n1,upstream,0.11319348216056824,0.060997091233730316,0.09896909445524216,0.1027032695710659,0.0,0.0,0.7204591333866119,0.0,0.5,1.0,1.3807798624038696,0.9145381450653076,1.6186858415603638
COc1ccc(-n2c(-c3ccccc3)cc3c2CCCC3=O)cc1,ECIR_4step_teacher,0.06737514585256577,0.047555265948176384,0.05133784934878349,0.05961344204843044,0.0,0.0,1.1055599749088287,64.72699999721954,0.0,0.0,1.4534481763839722,1.3884121179580688,1.5702953338623047
COc1ccc(-n2c(-c3ccccc3)cc3c2CCCC3=O)cc1,MMFF_10step,0.025595140643417835,0.0327063724398613,0.05290519818663597,0.02977639250457287,0.0,0.0,1.1563657522201538,5.537300006835721,0.0,0.0,1.5237066745758057,1.4490047693252563,1.7490081787109375
COc1ccc(-n2c(-c3ccccc3)cc3c2CCCC3=O)cc1,MMFF_50step,0.0,0.0,0.0,0.0,0.0,0.0,1.158643662929535,10.44874999934109,0.0,0.0,1.5182350873947144,1.453031063079834,1.709909439086914
COc1ccc(-n2c(-c3ccccc3)cc3c2CCCC3=O)cc1,upstream,0.13496622443199158,0.08050120994448662,0.05151847004890442,0.13028569892048836,0.0,0.0,1.0682636201381683,0.0,0.0,0.0,1.4082043170928955,1.356364369392395,1.4405205249786377
Cc1ccc(NC(=O)CNC(=O)c2cccs2)cc1S(=O)(=O)Nc1ccc(Cl)cc1,ECIR_4step_teacher,0.06120639108121395,0.044971585273742676,0.04745773412287235,0.05764061212539673,0.0,0.0,0.8948429375886917,61.97844999405788,0.5,1.0,1.6453295946121216,0.36376717686653137,2.901792526245117
Cc1ccc(NC(=O)CNC(=O)c2cccs2)cc1S(=O)(=O)Nc1ccc(Cl)cc1,MMFF_10step,0.03891131840646267,0.055687470361590385,0.08044633269309998,0.030342448502779007,0.0,0.0,0.9484639167785645,5.859649994818028,0.5,1.0,1.6941584348678589,0.4144458770751953,2.9947574138641357
Cc1ccc(NC(=O)CNC(=O)c2cccs2)cc1S(=O)(=O)Nc1ccc(Cl)cc1,MMFF_50step,0.0,0.0,0.0,0.0,0.0,0.0,0.9381775110960007,11.815700003353413,0.5,1.0,1.6869078874588013,0.3859463632106781,2.988206148147583
Cc1ccc(NC(=O)CNC(=O)c2cccs2)cc1S(=O)(=O)Nc1ccc(Cl)cc1,upstream,0.11629514396190643,0.0734562985599041,0.10530606657266617,0.10566655546426773,0.0,0.0,0.8772262334823608,0.0,0.5,1.0,1.6316907405853271,0.3726712465286255,2.8225319385528564
Cc1ccc(_C=N_n2c(-c3ccncc3)n[nH]c2=S)cc1,ECIR_4step_teacher,0.060420332476496696,0.04822441749274731,0.11011345684528351,0.044164691120386124,0.0,0.0,1.5943163633346558,64.43179999041604,0.0,0.0,1.902308464050293,1.4905966520309448,1.6932554244995117
Cc1ccc(_C=N_n2c(-c3ccncc3)n[nH]c2=S)cc1,MMFF_10step,0.02694413997232914,0.03119264356791973,0.088526900857687,0.023593246936798096,0.0,0.0,1.6415802240371704,4.276549996575341,0.0,0.0,1.9671605825424194,1.565732717514038,1.8027992248535156
Cc1ccc(_C=N_n2c(-c3ccncc3)n[nH]c2=S)cc1,MMFF_50step,0.0,0.0,0.0,0.0,0.0,0.0,1.6211572885513306,7.771899996441789,0.0,0.0,1.9333229064941406,1.5284773111343384,1.7718926668167114
Cc1ccc(_C=N_n2c(-c3ccncc3)n[nH]c2=S)cc1,upstream,0.0850457064807415,0.058002907782793045,0.11373790353536606,0.06019284389913082,0.0,0.0,1.5802072286605835,0.0,0.0,0.0,1.881556749343872,1.4761781692504883,1.6503088474273682
Cc1ccc2nc(Nc3nc(CSc4nnnn4-c4ccccc4)cc(=O)[nH]3)nc(C)c2c1,ECIR_4step_teacher,0.06588663905858994,0.04147521033883095,0.058117588981986046,0.04997381754219532,0.0,0.0,2.204617738723755,63.104299995757174,0.0,0.0,2.5190765857696533,1.9681329727172852,3.784343957901001
Cc1ccc2nc(Nc3nc(CSc4nnnn4-c4ccccc4)cc(=O)[nH]3)nc(C)c2c1,MMFF_10step,0.04318726062774658,0.06749890930950642,0.03133750520646572,0.03338626865297556,0.0,0.0,2.23846435546875,6.6386999969836324,0.0,0.0,2.5421199798583984,2.002382755279541,3.8063910007476807
Cc1ccc2nc(Nc3nc(CSc4nnnn4-c4ccccc4)cc(=O)[nH]3)nc(C)c2c1,MMFF_50step,0.0,0.0,0.0,0.0,0.0,0.0,2.2240713834762573,11.902600002940744,0.0,0.0,2.524325370788574,1.9908971786499023,3.7732529640197754
Cc1ccc2nc(Nc3nc(CSc4nnnn4-c4ccccc4)cc(=O)[nH]3)nc(C)c2c1,upstream,0.11438324674963951,0.05374464392662048,0.054888514801859856,0.08476343378424644,0.0,0.0,2.1804088354110718,0.0,0.0,0.0,2.494927406311035,1.9423816204071045,3.7331840991973877
Cc1nc2cc(C(=O)NCc3ccc4c(c3)OCO4)ccc2n1-c1ccc(Br)cc1,ECIR_4step_teacher,0.04802057147026062,0.037613583728671074,0.06550315581262112,0.029396350495517254,0.0,0.0,2.304460883140564,64.17155000235653,0.0,0.0,2.375617504119873,1.5643242597579956,3.800414800643921
Cc1nc2cc(C(=O)NCc3ccc4c(c3)OCO4)ccc2n1-c1ccc(Br)cc1,MMFF_10step,0.021520094946026802,0.040119728073477745,0.06374119035899639,0.01694006659090519,0.0,0.0,2.322003126144409,6.880900007672608,0.0,0.0,2.3972649574279785,1.598242163658142,3.8297903537750244
Cc1nc2cc(C(=O)NCc3ccc4c(c3)OCO4)ccc2n1-c1ccc(Br)cc1,MMFF_50step,0.0,0.0,0.0,0.0,0.0,0.0,2.299626052379608,12.5906000030227,0.0,0.0,2.3792243003845215,1.594796061515808,3.8072972297668457
Cc1nc2cc(C(=O)NCc3ccc4c(c3)OCO4)ccc2n1-c1ccc(Br)cc1,upstream,0.09613312780857086,0.05688897892832756,0.10111245140433311,0.05857233516871929,0.0,0.0,2.282259225845337,0.0,0.0,0.0,2.3489363193511963,1.5333335399627686,3.7492146492004395
Nc1cc[n+](CC(=O)Nc2ccccc2)cc1,ECIR_4step_teacher,0.07344016805291176,0.05346596986055374,0.0652608759701252,0.08631276339292526,0.0,0.0,1.5392579436302185,63.47339999774704,0.0,0.0,1.9050620794296265,1.5381155014038086,1.6409038305282593
Nc1cc[n+](CC(=O)Nc2ccccc2)cc1,MMFF_10step,0.023933560587465763,0.02684551663696766,0.038617128506302834,0.02374299429357052,0.0,0.0,1.5905486345291138,3.770500006794464,0.0,0.0,1.985356092453003,1.6075305938720703,1.7876319885253906
Nc1cc[n+](CC(=O)Nc2ccccc2)cc1,MMFF_50step,0.0,0.0,0.0,0.0,0.0,0.0,1.5839792490005493,5.567600004724227,0.0,0.0,1.9789880514144897,1.6013917922973633,1.7599159479141235
Nc1cc[n+](CC(=O)Nc2ccccc2)cc1,upstream,0.14190185070037842,0.1123298704624176,0.08112309873104095,0.17911362648010254,0.0,0.0,1.5045714378356934,0.0,0.0,0.0,1.8567678928375244,1.5012775659561157,1.554249882698059
O=C(COC(=O)C12CC3CC(CC(C3)C1)C2)Nc1ccc2[nH]c(=O)[nH]c2c1,ECIR_4step_teacher,0.07306448370218277,0.054935285821557045,0.05114052910357714,0.07755299285054207,0.0,0.0,0.9702416956424713,61.49925000499934,0.5,1.0,2.1272871494293213,1.2379839420318604,2.9230282306671143
O=C(COC(=O)C12CC3CC(CC(C3)C1)C2)Nc1ccc2[nH]c(=O)[nH]c2c1,MMFF_10step,0.014356093248352408,0.018761474173516035,0.014914109837263823,0.015983492136001587,0.0,0.0,1.0010946393013,7.083749995217659,0.0,0.0,2.197768211364746,1.2901290655136108,3.126760482788086
O=C(COC(=O)C12CC3CC(CC(C3)C1)C2)Nc1ccc2[nH]c(=O)[nH]c2c1,MMFF_50step,0.0,0.0,0.0,0.0,0.0,0.0,1.0035081803798676,13.467500000842847,0.0,0.0,2.185572624206543,1.294663429260254,3.100776195526123
O=C(COC(=O)C12CC3CC(CC(C3)C1)C2)Nc1ccc2[nH]c(=O)[nH]c2c1,upstream,0.15977077186107635,0.1325063444674015,0.12078976258635521,0.17462996393442154,0.0,0.0,0.9390330016613007,0.0,0.5,1.0,2.0384130477905273,1.1755245923995972,2.6921839714050293
O=C(CSc1nc(-c2ccco2)cc(C(F)(F)F)n1)N1CCN(c2ccccc2)CC1,ECIR_4step_teacher,0.06769055128097534,0.053877148777246475,0.04664677008986473,0.07457070052623749,0.0,0.0,1.9829943180084229,64.29704999754904,0.0,0.0,2.335395097732544,1.7705931663513184,2.7027900218963623
O=C(CSc1nc(-c2ccco2)cc(C(F)(F)F)n1)N1CCN(c2ccccc2)CC1,MMFF_10step,0.02839822508394718,0.028945001773536205,0.056326065212488174,0.025562362279742956,0.0,0.0,2.03536194562912,6.871800011140294,0.0,0.0,2.3956892490386963,1.8330024480819702,2.7988474369049072
O=C(CSc1nc(-c2ccco2)cc(C(F)(F)F)n1)N1CCN(c2ccccc2)CC1,MMFF_50step,0.0,0.0,0.0,0.0,0.0,0.0,2.0313209295272827,12.463800005207304,0.0,0.0,2.3943700790405273,1.8273537158966064,2.787304401397705
O=C(CSc1nc(-c2ccco2)cc(C(F)(F)F)n1)N1CCN(c2ccccc2)CC1,upstream,0.14135107398033142,0.10684200748801231,0.0801042951643467,0.16209673136472702,0.0,0.0,1.932090401649475,0.0,0.0,0.0,2.2777628898620605,1.7132842540740967,2.5751283168792725
O=C(NCCc1ccc(Cl)cc1)c1ccc2nccnc2c1,ECIR_4step_teacher,0.0550763513892889,0.0361432284116745,0.04124796949326992,0.03869593422859907,0.0,0.0,0.9515266418457031,63.113600001088344,0.5,1.0,1.320805549621582,0.8784571886062622,1.3891489505767822
O=C(NCCc1ccc(Cl)cc1)c1ccc2nccnc2c1,MMFF_10step,0.02184104546904564,0.027889077551662922,0.041247379034757614,0.011457688640803099,0.0,0.0,0.9821816384792328,3.9491499919677153,0.5,1.0,1.3447773456573486,0.8859723210334778,1.5078892707824707
O=C(NCCc1ccc(Cl)cc1)c1ccc2nccnc2c1,MMFF_50step,0.0,0.0,0.0,0.0,0.0,0.0,0.9759129881858826,8.268650009995326,0.5,1.0,1.3114204406738281,0.853008508682251,1.4695017337799072
O=C(NCCc1ccc(Cl)cc1)c1ccc2nccnc2c1,upstream,0.09401386603713036,0.0661428663879633,0.09448346495628357,0.06513466686010361,0.0,0.0,0.9324188232421875,0.0,0.5,1.0,1.3003216981887817,0.8697342276573181,1.3064188957214355
O=S(=O)(c1ccccc1)N1CCN(c2nc3ccccc3s2)CC1,ECIR_4step_teacher,0.04440181143581867,0.045194342732429504,0.05485279858112335,0.03960294649004936,0.0,0.0,1.5402201414108276,61.82054999953834,0.0,0.0,1.9087119102478027,1.3946810960769653,2.6030099391937256
O=S(=O)(c1ccccc1)N1CCN(c2nc3ccccc3s2)CC1,MMFF_10step,0.0234583574347198,0.03663217555731535,0.1333326045423746,0.030443044379353523,0.0,0.0,1.5680707693099976,4.760650001117028,0.0,0.0,1.9398622512817383,1.4443050622940063,2.6875312328338623
O=S(=O)(c1ccccc1)N1CCN(c2nc3ccccc3s2)CC1,MMFF_50step,0.0,0.0,0.0,0.0,0.0,0.0,1.5599526762962341,8.52800000575371,0.0,0.0,1.9401158094406128,1.4475760459899902,2.6839606761932373
O=S(=O)(c1ccccc1)N1CCN(c2nc3ccccc3s2)CC1,upstream,0.0847073495388031,0.08113738894462585,0.054418204352259636,0.08481665700674057,0.0,0.0,1.5082013010978699,0.0,0.0,0.0,1.8702948093414307,1.3639017343521118,2.493948459625244
c1c2c(cc3sc(N4CCOCC4)nc13)OCO2,ECIR_4step_teacher,0.011150102131068707,0.02700095996260643,0.09027161076664925,0.012971505522727966,0.0,0.0,1.286024034023285,82.12379999895347,0.5,0.3333333432674408,1.2860240936279297,1.385841727256775,2.1687800884246826
c1c2c(cc3sc(N4CCOCC4)nc13)OCO2,MMFF_10step,0.0038943885592743754,0.006699723890051246,0.04928950406610966,0.00453544850461185,0.0,0.0,1.2808834314346313,4.445350001333281,0.5,0.3333333432674408,1.2808834314346313,1.3824228048324585,2.1672885417938232
c1c2c(cc3sc(N4CCOCC4)nc13)OCO2,MMFF_50step,0.0,0.0,0.0,0.0,0.0,0.0,1.2536577582359314,6.532199993671384,0.5,0.3333333432674408,1.2536578178405762,1.361350655555725,2.18765926361084
c1c2c(cc3sc(N4CCOCC4)nc13)OCO2,upstream,0.015178709756582975,0.029228337109088898,0.09532453119754791,0.018734430894255638,0.0,0.0,1.2855252027511597,0.0,0.5,0.3333333432674408,1.2855252027511597,1.385609745979309,2.169856548309326
c1cc(C(c2nnnn2C2CCCCC2)N2CCN3CCCC3C2)ccn1,ECIR_4step_teacher,0.010911086574196815,0.024494558572769165,0.07967408746480942,0.012914597988128662,0.0,0.0,1.9263963103294373,78.74969999829773,0.0,0.0,1.926396369934082,2.5995848178863525,2.6602909564971924
c1cc(C(c2nnnn2C2CCCCC2)N2CCN3CCCC3C2)ccn1,MMFF_10step,0.005443256115540862,0.008911688812077045,0.05181271582841873,0.006908516166731715,0.0,0.0,1.9307313561439514,8.149400004185736,0.0,0.0,1.9307312965393066,2.6110661029815674,2.677387237548828
c1cc(C(c2nnnn2C2CCCCC2)N2CCN3CCCC3C2)ccn1,MMFF_50step,0.0,0.0,0.0,0.0,0.0,0.0,1.9039400219917297,17.913750001753215,0.0,0.0,1.903939962387085,2.6134207248687744,2.6816318035125732
c1cc(C(c2nnnn2C2CCCCC2)N2CCN3CCCC3C2)ccn1,upstream,0.012732437811791897,0.023160369135439396,0.07415595650672913,0.01653319876641035,0.0,0.0,1.9249221086502075,0.0,0.0,0.0,1.9249221086502075,2.5978658199310303,2.656458854675293
c1cc2cn[nH]c2cc1NC1CCCCCC1,ECIR_4step_teacher,0.010847532656043768,0.018632314167916775,0.17443151772022247,0.014093693345785141,0.0,0.0,1.0513663291931152,71.11235000775196,1.0,0.23333333432674408,1.0513663291931152,1.5217698812484741,2.43571400642395
c1cc2cn[nH]c2cc1NC1CCCCCC1,MMFF_10step,0.00281616416759789,0.005444920854642987,0.06192518770694733,0.00361241667997092,0.0,0.0,1.047584056854248,5.131449994223658,1.0,0.23333333432674408,1.047584056854248,1.5222402811050415,2.4360899925231934
c1cc2cn[nH]c2cc1NC1CCCCCC1,MMFF_50step,0.0,0.0,0.0,0.0,0.0,0.0,1.0299074947834015,9.27219998993678,1.0,0.23333333432674408,1.029907464981079,1.5022355318069458,2.356886386871338
c1cc2cn[nH]c2cc1NC1CCCCCC1,upstream,0.011128589976578951,0.017971189692616463,0.18185707926750183,0.014683572575449944,0.0,0.0,1.050512969493866,0.0,1.0,0.23333333432674408,1.0505130290985107,1.52049720287323,2.4315428733825684
c1ccc(-c2c(-c3nc4ccccc4[nH]3)n[nH]c2-c2ccco2)cc1,ECIR_4step_teacher,0.013119702693074942,0.01680691074579954,0.0718761458992958,0.011890796944499016,0.0,0.0,1.355700671672821,63.37080000230344,0.5,0.20000000298023224,1.3557007312774658,1.6160014867782593,2.3119847774505615
c1ccc(-c2c(-c3nc4ccccc4[nH]3)n[nH]c2-c2ccco2)cc1,MMFF_10step,0.003309834748506546,0.006309466902166605,0.0626048818230629,0.002839583670720458,0.0,0.0,1.3593148589134216,4.732399997010361,0.5,0.20000000298023224,1.3593149185180664,1.620499849319458,2.3163156509399414
c1ccc(-c2c(-c3nc4ccccc4[nH]3)n[nH]c2-c2ccco2)cc1,MMFF_50step,0.0,0.0,0.0,0.0,0.0,0.0,1.3586745858192444,8.908350006095134,0.5,0.20000000298023224,1.3586745262145996,1.6222050189971924,2.3176870346069336
c1ccc(-c2c(-c3nc4ccccc4[nH]3)n[nH]c2-c2ccco2)cc1,upstream,0.013447534758597612,0.01790875382721424,0.07194500416517258,0.012419111095368862,0.0,0.0,1.3553389310836792,0.0,0.5,0.20000000298023224,1.3553389310836792,1.61557936668396,2.3110592365264893
c1ccc(-c2cn3c(n2)-c2ccccc2C3)cc1,ECIR_4step_teacher,0.013269027229398489,0.01937761902809143,0.005431051831692457,0.014777946285903454,0.0,0.0,0.9418021105229855,62.76400000206195,0.5,1.0,0.9418020844459534,0.03830724209547043,1.8460907936096191
c1ccc(-c2cn3c(n2)-c2ccccc2C3)cc1,MMFF_10step,0.0012621897622011602,0.003019705764017999,0.0033692586584948003,0.0015137612936086953,0.0,0.0,0.9499877747148275,3.396150001208298,0.5,1.0,0.9499877691268921,0.04518366977572441,1.8636053800582886
c1ccc(-c2cn3c(n2)-c2ccccc2C3)cc1,MMFF_50step,0.0,0.0,0.0,0.0,0.0,0.0,0.9530117120593786,6.042100001650397,0.5,1.0,0.953011691570282,0.05193845555186272,1.8621879816055298
c1ccc(-c2cn3c(n2)-c2ccccc2C3)cc1,upstream,0.011136206798255444,0.0182731905952096,0.005448114068713039,0.0118606211617589,0.0,0.0,0.9418432954698801,0.0,0.5,1.0,0.9418432712554932,0.03806035593152046,1.8452210426330566
c1ccc(-c2csc(-n3cccn3)n2)cc1,ECIR_4step_teacher,0.013877336867153645,0.015864044427871704,0.020390020683407784,0.016299307346343994,0.0,0.0,0.6918660821393132,65.71154999983264,0.5,0.5,0.6918660998344421,0.6918660998344421,1.9606902599334717
c1ccc(-c2csc(-n3cccn3)n2)cc1,MMFF_10step,0.004997048061341047,0.0069429874420166016,0.00660363957285881,0.005948331207036972,0.0,0.0,0.7028786074370146,3.315199995995499,0.5,0.5,0.7028785943984985,0.7028785943984985,1.9736430644989014
c1ccc(-c2csc(-n3cccn3)n2)cc1,MMFF_50step,0.0,0.0,0.0,0.0,0.0,0.0,0.7158702276647091,4.942650004522875,0.5,0.5,0.715870201587677,0.715870201587677,1.9728409051895142
c1ccc(-c2csc(-n3cccn3)n2)cc1,upstream,0.01570243528112769,0.015660036355257034,0.021154483780264854,0.01849488914012909,0.0,0.0,0.6916054505854845,0.0,0.5,0.5,0.6916054487228394,0.6916054487228394,1.9592580795288086
c1ccc(-c2ncc(CN3CCN(c4ccccn4)CC3)[nH]2)cc1,ECIR_4step_teacher,0.012076250277459621,0.0202599186450243,0.0894702672958374,0.015816825907677412,0.0,0.0,1.5242515206336975,63.039150001714006,0.5,0.03333333507180214,1.5242514610290527,2.2749056816101074,4.100054740905762
c1ccc(-c2ncc(CN3CCN(c4ccccn4)CC3)[nH]2)cc1,MMFF_10step,0.005741593544371426,0.008457842981442809,0.06898867338895798,0.005979848792776465,0.0,0.0,1.523312747478485,5.658350004523527,0.5,0.03333333507180214,1.5233128070831299,2.285303831100464,4.121424198150635
c1ccc(-c2ncc(CN3CCN(c4ccccn4)CC3)[nH]2)cc1,MMFF_50step,0.0,0.0,0.0,0.0,0.0,0.0,1.5415222644805908,11.358550007571466,0.5,0.03333333507180214,1.5415222644805908,2.28273868560791,4.082621097564697
c1ccc(-c2ncc(CN3CCN(c4ccccn4)CC3)[nH]2)cc1,upstream,0.013567406684160233,0.019496423192322254,0.09202860295772552,0.018514067865908146,0.0,0.0,1.5227552652359009,0.0,0.5,0.03333333507180214,1.5227552652359009,2.2730348110198975,4.095916748046875
c1ccc2[nH]c(-c3cc[nH+]c4ccccc34)nc2c1,ECIR_4step_teacher,0.01386066759005189,0.01990833505988121,0.14897239208221436,0.012496050912886858,0.0,0.0,0.09615105576813221,70.25324999995064,1.0,0.5,0.09615105390548706,0.960463285446167,0.12012483179569244
c1ccc2[nH]c(-c3cc[nH+]c4ccccc34)nc2c1,MMFF_10step,0.004142899648286402,0.005735408281907439,0.1233057975769043,0.004630276234820485,0.0,0.0,0.11364824324846268,4.305850001401268,1.0,0.5,0.11364824324846268,0.9723920226097107,0.12278375774621964
c1ccc2[nH]c(-c3cc[nH+]c4ccccc34)nc2c1,MMFF_50step,0.0,0.0,0.0,0.0,0.0,0.0,0.2042413428425789,7.928899998660199,1.0,0.5,0.2042413353919983,1.013890266418457,0.15816858410835266
c1ccc2[nH]c(-c3cc[nH+]c4ccccc34)nc2c1,upstream,0.013805573340505362,0.019548341631889343,0.15112948790192604,0.013753104954957962,0.0,0.0,0.09595943614840508,0.0,1.0,0.5,0.09595943987369537,0.9607945084571838,0.12039926648139954
c1ccc2[nH]c(N3CCOCC3)nc2c1,ECIR_4step_teacher,0.009470105171203613,0.021321908570826054,0.10021096654236317,0.011242225766181946,0.0,0.0,0.9468056559562683,67.67150000086986,1.0,0.800000011920929,0.9468056559562683,1.121330738067627,1.9389909505844116
c1ccc2[nH]c(N3CCOCC3)nc2c1,MMFF_10step,0.0022650022874586284,0.006292939186096191,0.050924988463521004,0.0028543099761009216,0.0,0.0,0.9505175650119781,3.511900009470992,1.0,0.800000011920929,0.9505175352096558,1.1254075765609741,1.9441993236541748
c1ccc2[nH]c(N3CCOCC3)nc2c1,MMFF_50step,0.0,0.0,0.0,0.0,0.0,0.0,0.9722993969917297,6.424999999580905,1.0,0.800000011920929,0.9722993969917297,1.125710368156433,1.9912618398666382
c1ccc2[nH]c(N3CCOCC3)nc2c1,upstream,0.010774445720016956,0.020578130148351192,0.10001800209283829,0.014852393418550491,0.0,0.0,0.9460790157318115,0.0,1.0,0.800000011920929,0.9460790157318115,1.1208857297897339,1.9395039081573486
c1ccc2c(Cn3nnc4ccccc43)cccc2c1,ECIR_4step_teacher,0.011844121851027012,0.0181839382275939,0.07588806748390198,0.013952893670648336,0.0,0.0,0.2656800039112568,66.75164999614935,1.0,0.6000000238418579,0.2656800150871277,1.013126015663147,2.184088706970215
c1ccc2c(Cn3nnc4ccccc43)cccc2c1,MMFF_10step,0.003154575824737549,0.005071478430181742,0.05079302936792374,0.00396997865755111,0.0,0.0,0.27034710720181465,4.175750000285916,1.0,0.6000000238418579,0.27034711837768555,1.0186002254486084,2.187251091003418
c1ccc2c(Cn3nnc4ccccc43)cccc2c1,MMFF_50step,0.0,0.0,0.0,0.0,0.0,0.0,0.31571438163518906,6.597450003027916,1.0,0.6000000238418579,0.31571438908576965,1.0244065523147583,2.05016827583313
c1ccc2c(Cn3nnc4ccccc43)cccc2c1,upstream,0.013489881996065378,0.01786375232040882,0.07608839124441147,0.017536943778395653,0.0,0.0,0.265583872795105,0.0,1.0,0.6000000238418579,0.265583872795105,1.0126802921295166,2.182149648666382
c1ccc2c(NC3CCCC3)nnc(NC3CCCC3)c2c1,ECIR_4step_teacher,0.01227955101057887,0.020593849010765553,0.20680811256170273,0.017194540239870548,0.0,0.0,1.3067505359649658,62.28145000204677,0.5,0.03333333507180214,1.3067505359649658,1.9543342590332031,1.611494541168213
c1ccc2c(NC3CCCC3)nnc(NC3CCCC3)c2c1,MMFF_10step,0.004712202120572329,0.0077894385904073715,0.13809221982955933,0.005577604053542018,0.0,0.0,1.3042690753936768,6.107850007538218,0.5,0.03333333507180214,1.3042690753936768,1.9543837308883667,1.6092325448989868
c1ccc2c(NC3CCCC3)nnc(NC3CCCC3)c2c1,MMFF_50step,0.0,0.0,0.0,0.0,0.0,0.0,1.2924505472183228,11.435899992648046,0.5,0.03333333507180214,1.2924505472183228,1.952893614768982,1.60836923122406
c1ccc2c(NC3CCCC3)nnc(NC3CCCC3)c2c1,upstream,0.013925351202487946,0.021279550157487392,0.20268025249242783,0.0178888700902462,0.0,0.0,1.3051252961158752,0.0,0.5,0.03333333507180214,1.3051252365112305,1.9519068002700806,1.6072739362716675
c1ccc2c(Oc3nc(Nc4ccc(N5CCOCC5)cc4)c4ncn(C5CCCCC5)c4n3)cccc2c1,ECIR_4step_teacher,0.012582788243889809,0.024374574422836304,0.05534718744456768,0.013442270457744598,0.0,0.0,1.4564258456230164,63.198199997714255,0.5,0.03333333507180214,1.4564259052276611,2.172422170639038,3.3150126934051514
c1ccc2c(Oc3nc(Nc4ccc(N5CCOCC5)cc4)c4ncn(C5CCCCC5)c4n3)cccc2c1,MMFF_10step,0.003323618439026177,0.006851254729554057,0.021978395991027355,0.004106319742277265,0.0,0.0,1.4558818936347961,11.670849999063648,0.5,0.03333333507180214,1.4558818340301514,2.180462598800659,3.3219947814941406
c1ccc2c(Oc3nc(Nc4ccc(N5CCOCC5)cc4)c4ncn(C5CCCCC5)c4n3)cccc2c1,MMFF_50step,0.0,0.0,0.0,0.0,0.0,0.0,1.4402567744255066,21.784650001791306,0.5,0.03333333507180214,1.4402568340301514,2.174142599105835,3.2821149826049805
c1ccc2c(Oc3nc(Nc4ccc(N5CCOCC5)cc4)c4ncn(C5CCCCC5)c4n3)cccc2c1,upstream,0.014861307572573423,0.0225856089964509,0.054538194090127945,0.01730843260884285,0.0,0.0,1.4538620114326477,0.0,0.5,0.03333333507180214,1.453861951828003,2.1692802906036377,3.309187412261963
c1ccc2c(c1)Cn1c-2nc2ccccc21,ECIR_4step_teacher,0.012858349829912186,0.02214887458831072,0.0,0.013119465205818415,0.0,0.0,0.017358971759676933,64.12129999807803,1.0,1.0,0.017358971759676933,0.01701546646654606,0.01744357869029045
c1ccc2c(c1)Cn1c-2nc2ccccc21,MMFF_10step,0.001409956137649715,0.003174253855831921,0.0,0.001601818308699876,0.0,0.0,0.030677907168865204,3.391549995285459,1.0,1.0,0.030677907168865204,0.02960992604494095,0.011884969659149647
c1ccc2c(c1)Cn1c-2nc2ccccc21,MMFF_50step,0.0,0.0,0.0,0.0,0.0,0.0,0.033038798719644547,5.753600002208259,1.0,1.0,0.033038798719644547,0.032982178032398224,0.0013998417416587472
c1ccc2c(c1)Cn1c-2nc2ccccc21,upstream,0.012480400502681732,0.02097141742706299,0.0,0.013054709881544113,0.0,0.0,0.017100727185606956,0.0,1.0,1.0,0.017100727185606956,0.016895173117518425,0.018310479819774628
c1ccc2c(c1)N(CCN1CCCCC1)C1=NCC[NH+]12,ECIR_4step_teacher,0.010490347631275654,0.021363744512200356,0.055554917082190514,0.012721201870590448,0.0,0.0,1.3437439799308777,65.94234999647597,0.5,0.20000000298023224,1.3437440395355225,1.73685622215271,1.9776591062545776
c1ccc2c(c1)N(CCN1CCCCC1)C1=NCC[NH+]12,MMFF_10step,0.004280008724890649,0.009079013019800186,0.032892837189137936,0.004386076470836997,0.0,0.0,1.3398449420928955,6.099250000261236,0.5,0.20000000298023224,1.3398449420928955,1.7409517765045166,1.9896950721740723
c1ccc2c(c1)N(CCN1CCCCC1)C1=NCC[NH+]12,MMFF_50step,0.0,0.0,0.0,0.0,0.0,0.0,1.3395218253135681,9.950899991963524,0.5,0.20000000298023224,1.339521884918213,1.7466892004013062,1.9965447187423706
c1ccc2c(c1)N(CCN1CCCCC1)C1=NCC[NH+]12,upstream,0.012500914745032787,0.020468887872993946,0.06167981028556824,0.016131899319589138,0.0,0.0,1.3421841263771057,0.0,0.5,0.20000000298023224,1.342184066772461,1.7353012561798096,1.9736932516098022
c1ccc2c(c1)NC(CN1CCOCC1)CO2,ECIR_4step_teacher,0.010741982609033585,0.023580345325171947,0.046553388237953186,0.01427727285772562,0.0,0.0,0.7768213450908661,65.17614999756915,1.0,0.10000000149011612,0.7768213748931885,1.7732824087142944,1.9504724740982056
c1ccc2c(c1)NC(CN1CCOCC1)CO2,MMFF_10step,0.004654936026781797,0.008964629611000419,0.07001471519470215,0.006112340604886413,0.0,0.0,0.7712707817554474,4.475449997698888,1.0,0.13333334028720856,0.771270751953125,1.7787718772888184,1.9671751260757446
c1ccc2c(c1)NC(CN1CCOCC1)CO2,MMFF_50step,0.0,0.0,0.0,0.0,0.0,0.0,0.7870974242687225,7.963849995576311,1.0,0.1666666716337204,0.7870974540710449,1.7704275846481323,1.9266592264175415
c1ccc2c(c1)NC(CN1CCOCC1)CO2,upstream,0.012764946557581425,0.023545528762042522,0.04983474314212799,0.01794198341667652,0.0,0.0,0.7764973044395447,0.0,1.0,0.13333334028720856,0.7764973044395447,1.7719497680664062,1.9482167959213257
c1ccc2c3c([nH]c2c1)-c1[nH]ncc1CC3,ECIR_4step_teacher,0.011361514683812857,0.01602547988295555,0.0,0.012351318262517452,0.0,0.0,0.5394851863384247,59.14969999867026,1.0,1.0,0.5394852161407471,0.524772047996521,0.6792166829109192
c1ccc2c3c([nH]c2c1)-c1[nH]ncc1CC3,MMFF_10step,0.003029723942745477,0.005478872684761882,0.0,0.003375222673639655,0.0,0.0,0.534596860408783,3.3936000036192127,1.0,1.0,0.534596860408783,0.5185614228248596,0.6796640157699585
c1ccc2c3c([nH]c2c1)-c1[nH]ncc1CC3,MMFF_50step,0.0,0.0,0.0,0.0,0.0,0.0,0.497890368103981,5.774999997811392,1.0,1.0,0.4978903532028198,0.464827299118042,0.6794974207878113
c1ccc2c3c([nH]c2c1)-c1[nH]ncc1CC3,upstream,0.013372996356338263,0.016977088525891304,0.0,0.015659093391150236,0.0,0.0,0.5393641591072083,0.0,1.0,1.0,0.5393641591072083,0.5246614813804626,0.6792146563529968
c1ccc2oc(-c3[nH]ncc3CN(Cc3ccncc3)CC3CCCO3)cc2c1,ECIR_4step_teacher,0.010200677905231714,0.02469335589557886,0.09205706231296062,0.01186332805082202,0.0,0.0,2.3552379608154297,64.02720000914996,0.0,0.0,2.3552379608154297,2.7254488468170166,3.5273020267486572
c1ccc2oc(-c3[nH]ncc3CN(Cc3ccncc3)CC3CCCO3)cc2c1,MMFF_10step,0.004835271975025535,0.009981437819078565,0.04580050706863403,0.004175591864623129,0.0,0.0,2.3509095907211304,7.304200000362471,0.0,0.0,2.35090970993042,2.736710786819458,3.5801167488098145
c1ccc2oc(-c3[nH]ncc3CN(Cc3ccncc3)CC3CCCO3)cc2c1,MMFF_50step,0.0,0.0,0.0,0.0,0.0,0.0,2.3251200914382935,14.250299995183013,0.0,0.0,2.325119972229004,2.7393200397491455,3.627549886703491
c1ccc2oc(-c3[nH]ncc3CN(Cc3ccncc3)CC3CCCO3)cc2c1,upstream,0.012371275573968887,0.02396614570170641,0.09296353906393051,0.015272201970219612,0.0,0.0,2.352136015892029,0.0,0.0,0.0,2.3521361351013184,2.721712589263916,3.5214033126831055
c1ccc2oc(Cc3ccc(Cc4nc5ccccc5o4)cc3)nc2c1,ECIR_4step_teacher,0.009508976712822914,0.017599415965378284,0.05281569063663483,0.010527078993618488,0.0,0.0,1.5158615112304688,62.26820000301814,0.0,0.0,1.5158615112304688,2.620776891708374,1.1423773765563965
c1ccc2oc(Cc3ccc(Cc4nc5ccccc5o4)cc3)nc2c1,MMFF_10step,0.0028504185611382127,0.004758034134283662,0.05278363823890686,0.0029176496900618076,0.0,0.0,1.516785442829132,7.625250000273809,0.0,0.0,1.5167853832244873,2.6293482780456543,1.1401562690734863
c1ccc2oc(Cc3ccc(Cc4nc5ccccc5o4)cc3)nc2c1,MMFF_50step,0.0,0.0,0.0,0.0,0.0,0.0,1.500286340713501,12.354500002402347,0.0,0.0,1.500286340713501,2.624533176422119,1.0363773107528687
c1ccc2oc(Cc3ccc(Cc4nc5ccccc5o4)cc3)nc2c1,upstream,0.011279156897217035,0.018745207227766514,0.05317188799381256,0.014176068361848593,0.0,0.0,1.5145909190177917,0.0,0.0,0.0,1.5145909786224365,2.619133710861206,1.1404005289077759
c1ccc2sc(C3(N4CCCCC4)CCCCC3)cc2c1,ECIR_4step_teacher,0.011937635485082865,0.02552567608654499,0.1528666615486145,0.014904743060469627,0.0,0.0,1.0944779217243195,62.80535000405507,1.0,0.13333334028720856,1.094477891921997,1.6536659002304077,2.269865036010742
c1ccc2sc(C3(N4CCCCC4)CCCCC3)cc2c1,MMFF_10step,0.004118688404560089,0.010203721467405558,0.06393089890480042,0.004791419603861868,0.0,0.0,1.0830849707126617,5.781650004792027,1.0,0.13333334028720856,1.0830849409103394,1.651294231414795,2.2744946479797363
c1ccc2sc(C3(N4CCCCC4)CCCCC3)cc2c1,MMFF_50step,0.0,0.0,0.0,0.0,0.0,0.0,1.0621598064899445,10.978300007991493,1.0,0.13333334028720856,1.062159776687622,1.6394271850585938,2.3174889087677
c1ccc2sc(C3(N4CCCCC4)CCCCC3)cc2c1,upstream,0.0142462607473135,0.025598932057619095,0.15176334977149963,0.019214754924178123,0.0,0.0,1.093998908996582,0.0,1.0,0.13333334028720856,1.093998908996582,1.652742624282837,2.267577886581421
