variant,seed,partition,molecule_id,reference_objective,reference_bond_objective,reference_angle_objective,reference_gradient_rms,reference_projected_movement,reference_projected_objective,source_objective,source_bond_objective,source_angle_objective,source_gradient_rms,source_projected_movement,source_projected_objective,source_minus_reference_objective
B,173,dev_a,CCN1CCN(c2cc3c(cc2F)c(=O)c(S(=O)(=O)c2ccccc2)cn3C)CC1,-2.6263095215096888,-3.3690354900626738,-1.8835835529567035,0.8330851007747873,0.0010000000000000325,-2.6665502240114294,-2.354808801840046,-2.98808116098413,-1.7215364426959627,1.499878885640922,0.0009999999999999714,-2.430166235955651,0.2715007196696426
B,173,dev_a,O=C1CCC(_C=C_c2ccccc2)=NN1Cc1ccc(Cl)c(Cl)c1,-2.903444417582146,-3.4836215860648454,-2.323267249099447,0.8166650917434508,0.0009999999999999905,-2.931281893509208,-2.743925402439002,-3.2259132524743865,-2.261937552403618,1.6345290321689028,0.0010000000000000005,-2.803844941097795,0.15951901514314404
B,173,dev_a,CCc1nnc(NC(=O)CSc2nnc(Cc3cccn3C)n2CCOC)s1,-2.579384236031161,-3.0515123522460765,-2.107256119816245,0.4540606039319218,0.0009999999999999974,-2.600158786991891,-2.380785251110727,-2.759787230492056,-2.0017832717293977,1.291271084783191,0.0009999999999999892,-2.441218988117069,0.19859898492043415
B,173,dev_a,Fc1ccc(CN2CCCCCCC2)c(F)c1,-2.725058100766226,-3.5465626784219895,-1.903553523110462,0.6972472201887582,0.0010000000000000256,-2.7463699815673763,-2.283904159358751,-3.046769246934492,-1.52103907178301,2.4006144452300657,0.0010000000000000122,-2.3641986871736114,0.441153941407475
B,173,dev_a,O=C(O)CCc1ccc(-c2ccc(Br)cc2)n1NC(=O)c1ccc([N+](=O)[O-])cc1,-2.8125661778881463,-3.3806848285063205,-2.2444475272699718,0.5706652042240583,0.0009999999999999597,-2.8332332296337803,-2.633469052493076,-3.0653135782665806,-2.2016245267195713,1.5808944768786861,0.0010000000000000013,-2.6985186368553844,0.1790971253950704
B,173,dev_a,Cc1ccc2oc(=O)c3cc(C(=O)NCCN4CCc5ccccc5C4)sc3c2c1,-2.6781501178937814,-3.342284827101634,-2.0140154086859288,0.8874805486259213,0.0009999999999999953,-2.7186701638328667,-2.2352363912607602,-2.754814791085478,-1.7156579914360421,1.773739397628623,0.0009999999999999755,-2.3220476165213624,0.4429137266330212
B,173,dev_a,CC(C)(C)NC(=O)C(c1ccccn1)N(C(=O)c1csnn1)C1CCCC1,-2.6973654181679216,-3.232816401842937,-2.1619144344929064,0.6202106623354972,0.001000000000000016,-2.7252402134512623,-2.52306168211338,-2.9668595151097668,-2.079263849116994,1.2288378210290987,0.0010000000000000074,-2.581264235581606,0.1743037360545414
B,173,dev_a,CCCN(CCC)c1nc(N)nc(-c2cc(Cl)ccc2OC)n1,-2.814517787895051,-3.1726344688085724,-2.456401106981529,0.39962252207158944,0.001000000000000008,-2.8299368830306237,-2.5119895963971257,-2.809826379530095,-2.2141528132641564,1.7567162143524966,0.0010000000000000078,-2.5850411796390818,0.3025281914979252
B,173,dev_a,CSc1nc2ccc(NC(=O)CSc3nnc(N)s3)cc2s1,-2.593560628816758,-2.999585577571879,-2.1875356800616372,0.8717225203713133,0.0009999999999999961,-2.6186261594572713,-2.3508522975838604,-2.696636024808161,-2.0050685703595597,2.2445610823726656,0.0009999999999999918,-2.4188445525283315,0.24270833123289748
B,173,dev_a,COc1cc(_C=C_C(=O)OCC(=O)N2CCCCCC2)ccc1OCC#N,-2.4949054697013797,-3.371758946563785,-1.6180519928389747,0.7459971397495931,0.0010000000000000109,-2.528718283106773,-2.266649039931293,-2.9887464012527185,-1.544551678609868,1.6046993741246114,0.000999999999999989,-2.3425856878101494,0.22825642977008664
B,173,dev_a,Cc1cccc(NC(=S)NC2CC3C=CC2C3)c1,-1.424302749474124,-3.2969001551875103,0.44829465623926207,1.374639334145281,0.0010000000000000002,-1.4678645832140407,-1.2776159216395926,-3.0276769064314712,0.47244506315228585,2.1642715918542867,0.0010000000000000033,-1.3492515611686402,0.14668682783453146
B,173,dev_a,CC(C)Sc1ccc(C(=O)Nc2ccc(F)cc2F)cn1,-2.8000261688263572,-3.2625112123084707,-2.3375411253442437,1.6411208488542761,0.000999999999999999,-2.851391627034964,-2.6170947657596644,-2.9386472815111375,-2.2955422500081917,2.503727982148378,0.0009999999999999736,-2.698234265741471,0.18293140306669287
B,173,dev_a,CN1CCN(C(=O)c2ccccc2NC(=O)CCN2C(=O)c3ccccc3C2=O)CC1,-2.6220143595024306,-3.3554273136284967,-1.8886014053763647,0.703238588597187,0.0009999999999999907,-2.654992058676442,-2.4361978420331543,-3.048706364425353,-1.8236893196409556,1.3948917422763774,0.0009999999999999781,-2.506970709651272,0.1858165174692763
B,173,dev_a,Cc1ccn2c(NCc3ccccc3)c(-c3cccs3)nc2c1,-2.4630147845382075,-3.168491805121362,-1.7575377639550531,1.3182461911763874,0.0010000000000000048,-2.509499397270542,-2.286127219603081,-2.94872210279883,-1.6235323364073317,1.9960692373586175,0.0009999999999999861,-2.359878822912945,0.17688756493512647
B,173,dev_a,C_C(CC(=O)NCc1ccco1)=N\NC(=O)CC#N,-2.637054295316373,-3.280364621987972,-1.9937439686447742,0.9868750184047569,0.000999999999999994,-2.665947061532407,-2.5996182440723103,-3.1074175552364154,-2.091818932908205,1.4130026071354107,0.0009999999999999979,-2.6416286925628576,0.037436051244062796
B,173,dev_a,Cc1ccccc1NC(=O)CN1C(=O)COc2ccc(S(=O)(=O)N3CCCC3)cc21,-2.69061009795032,-3.4419721282077003,-1.9392480676929393,0.6269158700028009,0.0009999999999999985,-2.718915312464854,-2.5659422620749974,-3.2315750883724963,-1.9003094357774983,1.2455417936354236,0.0009999999999999723,-2.626131201349066,0.12466783587532237
B,173,dev_a,CN1C2C=C3C(C#N)=C(N)C(C#N)(C#N)[C@@H](c4ccc(Cl)cc4)[C@@H]3C1CC2,-2.52645200962115,-3.270432120302902,-1.7824718989393982,1.1440586968678867,0.0010000000000000083,-2.5729719522309655,-1.9701473410465253,-2.8734931343618477,-1.066801547731203,2.1204819668553387,0.0010000000000000044,-2.0599725794741195,0.5563046685746247
B,173,dev_a,CCOc1cc(NC(=S)NCCCN2CCOCC2)c(OCC)cc1NC(=O)C1CCCCC1,-2.8114832766084152,-3.329989145992035,-2.292977407224795,0.4160656458237866,0.0009999999999999933,-2.8379043022082433,-2.5367110851125405,-2.9688916633593503,-2.1045305068657303,1.0158424866997224,0.001000000000000018,-2.6063459090212744,0.27477219149587473
B,173,dev_a,O=C(CN1CCN(C(=O)C2CCCO2)CC1)Nc1ccc(Br)cc1,-2.8230824309621108,-3.4218216494630895,-2.2243432124611315,0.6613150242401183,0.0010000000000000378,-2.84921630021559,-2.4405755609438584,-2.9498617063342687,-1.9312894155534486,1.8532644583408135,0.0009999999999999907,-2.519655698079317,0.38250687001825234
B,173,dev_a,COc1ccc(C2[NH2+]C(c3ccc(OC)c(OC)c3OC)C(C)C(=O)C2C)c(OC)c1OC,-2.5316834899581178,-3.24155926601782,-1.821807713898416,0.7201225611127152,0.0009999999999999987,-2.57559125535593,-2.0846951839832117,-2.5728682040731115,-1.5965221638933116,1.5417164136851054,0.0009999999999999814,-2.1824049983768563,0.446988305974906
B,173,dev_a,CCOC(=O)c1cnc2c(CC)cccc2c1NCCN1CCOCC1,-2.8508142322779224,-3.218724667802095,-2.48290379675375,0.8931879989331301,0.0010000000000000013,-2.8925775863412984,-2.4984358165739833,-2.7200080719226274,-2.2768635612253396,1.6964819682011374,0.0009999999999999963,-2.5831076007708917,0.35237841570393913
B,173,dev_a,COc1ccc(CNC(=O)CN(c2cc(C)cc(C)c2)S(=O)(=O)c2c(C)noc2C)cc1,-2.712011989594031,-3.3071185018421194,-2.116905477345943,0.6209373929104818,0.0009999999999999879,-2.743805554234486,-2.6863731100144195,-3.083370217652098,-2.2893760023767404,1.0854627872401859,0.0009999999999999855,-2.745273867799648,0.02563887957961164
B,173,dev_a,COC(=O)c1cc(OC)c(OC)cc1NC(=O)CSc1ccccc1,-2.7265855977584446,-3.2071069962032817,-2.2460641993136075,1.1793935597827756,0.0009999999999999942,-2.77268531426277,-2.379180282161988,-3.0493979114709595,-1.7089626528530164,1.7080959542296694,0.0010000000000000202,-2.4483869171625856,0.3474053155964567
B,173,dev_a,CCOC(=O)c1sc(NC(=O)CCC(=O)O)nc1C,-2.7036182216892595,-3.110247243634513,-2.296989199744006,0.8315080736428923,0.0010000000000000367,-2.72741504024956,-2.598421772731763,-2.8498530652294685,-2.346990480234058,1.841024068705651,0.0010000000000000148,-2.6537147661488154,0.10519644895749636
B,173,dev_a,CC(_C=C1\SC(=S)N(c2ccc(C(=O)O)cc2)C1=O)=C\c1ccccc1,-2.919834936222937,-3.386447804104615,-2.453222068341259,0.6721993062985674,0.0010000000000000198,-2.942510619983665,-2.7202115175016655,-3.2084905899139518,-2.2319324450893787,1.3868933634152913,0.0010000000000000159,-2.770533920531734,0.19962341872127176
B,173,dev_a,CC(C(=O)NCC1CCCCC1)N1CCN(S(=O)(=O)_C=C_c2ccccc2)CC1,-2.942412108295307,-3.447488680789452,-2.437335535801162,0.4208230208652556,0.0010000000000000037,-2.9639550283920775,-2.5237451789754424,-2.994206644515775,-2.05328371343511,1.3680367470924681,0.0010000000000000293,-2.6026495294393586,0.4186669293198646
B,173,dev_a,Cc1c(Cc2ccc3c(c2)OCO3)sc(NC(=O)c2cccc3ccccc23)c1C(N)=O,-2.7759977267340634,-3.20922274234389,-2.3427727111242365,1.1450950353244778,0.000999999999999999,-2.8288045751193804,-2.410102550910729,-2.614631525453088,-2.20557357636837,2.094623069319802,0.0010000000000000059,-2.5123247170158294,0.36589517582333464
B,173,dev_a,COc1ccccc1N(C(=O)c1snc(C(N)=O)c1N)C(C(=O)NCc1ccccc1)c1ccc(O)cc1,-2.7267630904137583,-3.229861861552772,-2.223664319274745,0.5783462580568964,0.0010000000000000002,-2.7595881093088765,-2.3960184942360825,-2.6327953262561885,-2.1592416622159765,1.5569599638792462,0.001,-2.487858922712373,0.3307445961776758
B,173,dev_a,O=[N+]([O-])C(Br)(CO)CO,-2.2524525158780975,-2.46730252313111,-2.0376025086250853,6.227419075277433,0.001000000000000015,-2.340500086223426,-2.1442835917397685,-2.654996467516361,-1.6335707159631763,5.185585152302697,0.00099999999999997,-2.2168717292457534,0.10816892413832901
B,173,dev_a,COc1ccc2c(OCc3nnc4ccc(-c5ccccc5)nn34)ccnc2c1,-2.4655544443419304,-3.0609928394356336,-1.870116049248227,1.6295926633557622,0.0010000000000000143,-2.5339339694973746,-2.3883899293175754,-2.899346555059079,-1.877433303576072,1.898990995484307,0.0009999999999999749,-2.4692600626006787,0.07716451502435495
B,173,dev_a,CC(C)CC(NS(=O)(=O)c1ccc2c(c1)oc(=O)n2C)C(=O)N1CC=C(c2ccccc2)CC1,-2.849459064400705,-3.3707215587804837,-2.3281965700209266,0.46382491974608736,0.0009999999999999844,-2.8736606504984428,-2.327341830042787,-2.5391782318590184,-2.115505428226556,1.7021968540966272,0.0009999999999999883,-2.428402141156857,0.5221172343579181
B,173,dev_a,O=C(NCCc1ccccc1)C1CCCN(S(=O)(=O)c2cccs2)C1,-2.958298958515375,-3.454688963291491,-2.4619089537392593,0.44147472402025517,0.0010000000000000163,-2.975111787455668,-2.528730377654963,-2.9912880401752306,-2.0661727151346945,1.7546928608107655,0.0009999999999999781,-2.6050226179561404,0.4295685808604124
B,173,dev_a,COc1cc(C(=O)OCC(=O)N2CCOCC2)c([N+](=O)[O-])cc1OC,-2.7043248434286697,-3.25929252000803,-2.149357166849309,1.2023214379107106,0.001000000000000018,-2.75020447007371,-2.3257758239439545,-2.813876356970573,-1.837675290917336,2.220095825427881,0.0010000000000000109,-2.415179229703015,0.3785490194847152
B,173,dev_a,CCC1(C)Cc2c(sc3[nH]c(=O)[nH]c(=O)c23)CS1,-2.5571931451103933,-3.215836163223592,-1.8985501269971947,1.1585081197130587,0.000999999999999984,-2.588997633849539,-2.3109432406631694,-3.018857253752248,-1.6030292275740907,1.9698339042425788,0.0009999999999999816,-2.368678543697621,0.24624990444722394
B,173,dev_a,COc1ccc([N+](=O)[O-])cc1N(CC(=O)N1CCCCC1)S(C)(=O)=O,-2.800581849885625,-3.357281381156271,-2.2438823186149794,0.8096158895011782,0.0010000000000000295,-2.83264725329679,-2.621533941371011,-3.090881456780096,-2.1521864259619257,1.5405050216872354,0.0009999999999999755,-2.686290092043164,0.17904790851461438
B,173,dev_a,Cc1cc(NC(=O)CN2C(=O)CC(c3ccco3)Sc3ccccc32)no1,-2.7765652834386083,-3.348499795488271,-2.204630771388945,0.8217171316059866,0.001000000000000006,-2.8067142867083987,-2.731690386704409,-3.2328260243940874,-2.2305547490147304,1.1749240721031402,0.0010000000000000226,-2.7777763740791546,0.04487489673419942
B,173,dev_a,CC1(C)C2([N+](=O)[O-])CN3CC1([N+](=O)[O-])CN(C2)C3c1ccccc1,-2.8574369552808934,-3.3501822723037966,-2.36469163825799,0.982513556214297,0.0010000000000000104,-2.895465236698538,-2.3861021813745893,-2.685393252353178,-2.0868111103960008,2.1794128547250775,0.0010000000000000085,-2.476503669963517,0.47133477390630407
B,173,dev_a,Cc1ccnc(N=Cc2nc(-c3ccccc3Br)oc2O)c1,-1.7309530173540073,-2.7035876451584078,-0.7583183895496068,3.251092450643255,0.0009999999999999955,-1.8350112279144315,-1.8254879686011032,-2.3689743484877406,-1.2820015887144658,3.661876235826111,0.000999999999999969,-1.9435331734204524,-0.09453495124709588
B,173,dev_a,C=CCN1CC[NH+](C(c2ccc(Cl)cc2)c2nnnn2CCc2ccc(OC)c(OC)c2)CC1,-2.822597757732561,-3.3061406451197435,-2.339054870345379,0.5641382442785393,0.0010000000000000015,-2.8549038425105193,-2.592703638680545,-3.015834008554227,-2.1695732688068627,1.1404568246963895,0.0009999999999999905,-2.661853339089049,0.22989411905201607
B,173,dev_a,O=C(COc1ccccc1[N+](=O)[O-])Nc1ccc2oc(=O)ccc2c1,-2.6646867090533144,-3.214100299565296,-2.1152731185413325,1.9947015336187546,0.000999999999999986,-2.7314372843526895,-1.9380340518534163,-3.0648901705649623,-0.8111779331418703,2.528327259066009,0.001000000000000018,-2.024695617590278,0.7266526571998981
B,173,dev_a,Cc1ccnc(N2CCC(C(=O)Nc3nnc(C)s3)CC2)n1,-2.742676175800363,-3.146105132909612,-2.3392472186911135,0.8025507866738436,0.001000000000000001,-2.769515821725914,-2.4366146443541075,-3.0088267072395736,-1.8644025814686418,1.4199460655329896,0.0010000000000000159,-2.488324771457121,0.3060615314462556
B,173,dev_a,O=C(CN1C(=O)COc2ccc(Cl)cc21)Nc1ccc(N2CCOCC2)cc1,-2.8063721546507145,-3.420170897278694,-2.192573412022735,0.8913863595669883,0.0010000000000000018,-2.8434276700539804,-2.469728489466855,-3.020830229995796,-1.9186267489379139,1.9223826835500295,0.0010000000000000041,-2.555274951152069,0.3366436651838596
B,173,dev_a,O=C(NNC(=O)c1cc2ccccc2cc1O)Nc1ccc(F)cc1F,-2.7679179443155784,-3.14887189628855,-2.3869639923426065,1.6442976290853726,0.0010000000000000176,-2.825521180341088,-2.3859081646614095,-2.4619527119884754,-2.309863617334344,2.851640630983467,0.0010000000000000044,-2.490556189071191,0.3820097796541688
B,173,dev_a,CN(C)C(CNC(=O)c1cnc(Cl)c(Cl)c1)c1ccccc1,-2.8121761047105265,-3.243710704565821,-2.3806415048552316,0.8393156412072954,0.000999999999999999,-2.8405088525864945,-2.722813739373609,-3.0030239824631617,-2.442603496284056,1.6369563553714095,0.0009999999999999577,-2.780642660885815,0.08936236533691755
B,173,dev_a,N#CCN1CCN(c2ccc(C(F)(F)F)cc2)CC1,-2.957891192303476,-3.438269907814869,-2.4775124767920826,1.0095839603635983,0.0010000000000000165,-2.98690636080003,-2.8120659850493026,-3.1734429000238533,-2.450689070074752,2.0393821427340377,0.0010000000000000048,-2.873867770758679,0.14582520725417325
B,173,dev_a,CCOC(=O)N1CCN(S(=O)(=O)c2ccc([N+](=O)[O-])cc2)CC1,-2.9059874521882145,-3.421497041300001,-2.3904778630764283,0.6143185701913529,0.0010000000000000054,-2.926593496802419,-2.6764743287507153,-3.080889320259253,-2.272059337242178,2.0201310842274847,0.0009999999999999894,-2.7511430117851425,0.2295131234374992
B,173,dev_a,O=C(O)_C=C_c1ccc2c(c1)OCCO2,-2.353923980959362,-3.456889072960231,-1.2509588889584933,1.969909596757129,0.00100000000000001,-2.3970672039189127,-2.102209461264921,-3.056179155009802,-1.14823976752004,3.634026087609284,0.0010000000000000057,-2.1866304321196215,0.25171451969444103
B,173,dev_a,COc1ccc(-c2nc([NH2+]CCCN(C)C)c3ccccc3n2)cc1,-2.5822265548131584,-2.98700826273586,-2.1774448468904564,1.1910793916555693,0.0010000000000000096,-2.6367089863809063,-2.3989059030749473,-2.849833749953252,-1.9479780561966433,1.6513716679120467,0.0010000000000000156,-2.4752894801851744,0.1833206517382111
B,173,dev_b,COc1ccc(NC(=O)C(F)(F)F)cc1OC,-2.608171620460853,-3.1367151532342374,-2.079628087687468,2.1838525524455874,0.0009999999999999796,-2.661537979284982,-2.0883714092421166,-2.9376283714427998,-1.2391144470414337,3.2931598890411884,0.0010000000000000024,-2.171784200102735,0.5198002112187363
B,173,dev_b,c1cc2c(cc1-c1csc(N[NH2+]C3=NCCCCC3)n1)OCCO2,-1.913263639263494,-3.0004441469480576,-0.8260831315789305,1.8471765264369628,0.000999999999999989,-1.990539730564672,-0.9163956628771371,-2.2092693197787368,0.3764779940244624,2.8593683446612683,0.000999999999999982,-1.0396103536909336,0.9968679763863569
B,173,dev_b,O=C(N_N=C_c1cccc2ccccc12)c1cc2ccccc2o1,-2.7561870074412607,-3.3580649990897036,-2.154309015792818,1.4348396947424187,0.0010000000000000317,-2.8040899950958065,-2.599425036578135,-3.0057388714301725,-2.193111201726097,2.451395861012929,0.0010000000000000009,-2.685221052398763,0.15676197086312582
B,173,dev_b,CCCCNc1nc2ccccc2n1CC(=O)Nc1c(C)cccc1CC,-2.851339022883408,-3.274216341769822,-2.428461703996994,0.47115897546806185,0.000999999999999997,-2.8725675392796095,-2.667415301631834,-2.96984386356998,-2.3649867396936877,1.2779778690448205,0.0009999999999999937,-2.73168109233728,0.18392372125157408
B,173,dev_b,CCOC(=O)CSc1nc2cc(C(=O)N3CCC(C(N)=O)CC3)ccc2c(=O)n1C1CCCCC1,-2.8694042734435747,-3.3782121454593734,-2.360596401427776,0.44900371288774743,0.0009999999999999961,-2.8947023740572724,-2.4703460645584983,-2.97517576834781,-1.9655163607691861,1.1561867465884212,0.0009999999999999972,-2.5419932382413695,0.3990582088850765
B,173,dev_b,CCOC(=O)C1CCCN(C(=O)c2cc(Nc3ccc(OC)cc3)nc3ccccc23)C1,-2.7035822061391843,-3.2347317783994876,-2.172432633878881,1.0181484029797092,0.0009999999999999892,-2.7574810189825385,-2.471216029911049,-2.735930681329044,-2.206501378493054,1.6650487054086505,0.0010000000000000098,-2.5632227832462613,0.2323661762281355
B,173,dev_b,Cc1ccc(N(C)C(=O)CCNC(=O)Cn2cnc3ccccc3c2=O)cc1C,-2.8319208711956856,-3.226873582767465,-2.436968159623907,0.6889275655240144,0.0010000000000000239,-2.8629521437371737,-2.4144084440796156,-2.702364849829888,-2.126452038329343,1.78383028591006,0.000999999999999995,-2.502652098552833,0.41751242711606995
B,173,dev_b,COc1ccccc1NC(=O)_C(C#N)=C_c1cc([N+](=O)[O-])ccc1N1CCCC1,-2.5981907281780736,-3.2982086830572195,-1.8981727732989278,0.8903847164385778,0.0010000000000000065,-2.6361006556154374,-1.9254456815988574,-2.6601177452465934,-1.1907736179511215,1.8629789123464373,0.000999999999999993,-2.0107713667621385,0.6727450465792162
B,173,dev_b,Cc1nn(C)cc1CN(C)C(=O)c1cc(COc2ccc(F)cc2F)on1,-2.467220707240417,-3.2440151864713207,-1.6904262280095137,0.9755512272111787,0.0009999999999999725,-2.5059864720370273,-2.6640402604699647,-3.017537364286045,-2.310543156653885,1.3709906276902872,0.001000000000000002,-2.719954346059186,-0.19681955322954758
B,173,dev_b,COc1ccc(C(=O)NCc2nnc(SCC(=O)N3CCc4ccccc43)o2)cc1OC,-2.504830635046272,-3.2708528100267578,-1.7388084600657865,0.7610380193174507,0.0010000000000000059,-2.5402894912806495,-2.1835647841063226,-2.9278495969975165,-1.439279971215129,1.4965326741836202,0.0010000000000000115,-2.258469985557857,0.3212658509399495
B,173,dev_b,O=C(Nc1cccc2ncccc12)c1cc(Br)ccc1Cl,-2.919924159674925,-3.2400006436937123,-2.5998476756561377,1.8790109380946738,0.0009999999999999855,-2.9711124139940637,-2.7175216791717194,-3.208429077564484,-2.226614280778955,2.0958106383863995,0.0010000000000000193,-2.7763770731779793,0.20240248050320542
B,173,dev_b,O=c1c(_C=N_O)coc2ccc3ccccc3c12,-1.702413582494095,-3.1728889864021657,-0.23193817858602428,3.4053236489129657,0.0010000000000000267,-1.7880395209603093,-1.5443996996228166,-2.8630925604757005,-0.2257068387699329,4.191753008779606,0.0010000000000000048,-1.651158293006466,0.15801388287127827
B,173,dev_b,O=C(_C=C_c1ccccc1Cl)Nc1ccncc1,-2.963914597403795,-3.3581828289069326,-2.5696463659006574,0.8483863212588934,0.0010000000000000065,-2.984005917844699,-2.880062479696791,-3.1960623857709036,-2.564062573622678,1.8285814520732984,0.0009999999999999924,-2.9267469936175576,0.08385211770700396
B,173,dev_b,CN(CCOc1ccc(C[C@H](Nc2ccccc2C(=O)c2ccccc2)C(=O)O)cc1)c1ccccn1,-2.8452867311832275,-3.27201429249187,-2.4185591698745856,0.597891738717188,0.0010000000000000106,-2.8800070234318853,-2.612774122840161,-2.930215333012205,-2.2953329126681177,1.2198162687817509,0.0010000000000000117,-2.687258774534203,0.23251260834306642
B,173,dev_b,CC(C)[C@@H]1C=C(C(=O)O)O[C@H](OCCCCO)C1,-2.738798684379724,-3.268447951786346,-2.2091494169731023,0.922267525234589,0.0009999999999999924,-2.771243310722335,-2.089961601110509,-2.5198644826592673,-1.6600587195617509,2.584996248369905,0.001000000000000015,-2.1877905046645307,0.648837083269215
B,173,dev_b,O=C(CN1C(=O)c2cccc([N+](=O)[O-])c2C1=O)N1CCN(c2ccc(F)cc2)CC1,-2.2709354534117683,-3.308032217204983,-1.2338386896185538,1.2032263699542711,0.0009999999999999818,-2.3213405491683643,-1.9510912302293093,-2.883796443818145,-1.0183860166404735,2.1154923672984616,0.0009999999999999985,-2.044187908722657,0.319844223182459
B,173,dev_b,O=C(NC1CCCCC1)c1cc(-c2ccccn2)nc2ccccc12,-2.8707080575356505,-3.311074285023687,-2.430341830047614,1.1497362455321563,0.0010000000000000278,-2.9170181349522797,-2.67989302960601,-2.9704746189453104,-2.38931144026671,1.9542103995785318,0.0010000000000000284,-2.762746160837699,0.19081502792964056
B,173,dev_b,Cn1cccc1Cc1nnc(SCC(=O)Nc2nc3ccccc3s2)n1CCc1ccccc1,-2.7211902151114096,-3.1979590052030824,-2.2444214250197363,0.42851107182615117,0.0009999999999999911,-2.742700588840246,-2.488730921669087,-2.8444561211850776,-2.1330057221530963,1.306708106162263,0.0010000000000000239,-2.558614371156674,0.2324592934423224
B,173,dev_b,CN=C1SC(CC(=O)Nc2ccc(N3CCOCC3)cc2)C(=O)N1C,-2.785589873832498,-3.302294125098561,-2.2688856225664344,0.7635640302790763,0.000999999999999999,-2.8171244337639356,-2.460803493120647,-2.977604310838705,-1.9440026754025883,1.6832444269979219,0.0009999999999999807,-2.5339646596894685,0.32478638071185095
B,173,dev_b,N#CCOc1ccc2oc(-c3ccco3)cc(=O)c2c1,-1.8162156449084605,-3.360909722815554,-0.27152156700136687,2.3350835240646055,0.0009999999999999946,-1.87880310257223,-1.4438995921863538,-2.8691760288992345,-0.01862315547347313,3.7774703417022857,0.0010000000000000018,-1.5469822182686095,0.37231605272210677
B,173,dev_b,CCOC(=O)CSc1ccc2nnc(CCNS(=O)(=O)c3ccc(C)cc3)n2n1,-2.4356234509896315,-2.999178157445427,-1.8720687445338358,1.3557672049198497,0.0010000000000000059,-2.496457596213223,-2.1064966669504885,-2.5207126743684105,-1.6922806595325666,2.100729847381727,0.0009999999999999944,-2.204816042069813,0.32912678403914297
B,173,dev_b,O=C(_C=C_c1ccc(OCCCF)cc1)Nc1ccnc(-c2ccncc2)n1,-2.699281889003374,-3.1233804797746703,-2.2751832982320783,1.0420127262094905,0.0010000000000000037,-2.7431830868596414,-2.5445871855070026,-2.9553837506841294,-2.1337906203298758,1.4478956767094477,0.0010000000000000466,-2.6078148280264837,0.1546947034963715
B,173,dev_b,CC(C)C(NC(=O)OCc1ccccc1)C(=O)OCC(=O)N1CCCCC1,-2.9294272851247287,-3.3725527172594685,-2.4863018529899885,0.41861609450487114,0.0010000000000000022,-2.947748402332566,-2.4698901014108126,-2.7885840266042634,-2.151196176217362,1.6632299894264442,0.0010000000000000054,-2.5554552238920833,0.45953718371391616
B,173,dev_b,CCCn1nc(C(=O)NCC(C)(C)N2CCOCC2)c2ccccc2c1=O,-2.77409022496218,-3.323961488178808,-2.224218961745552,0.5754762050259801,0.0009999999999999979,-2.80102415944135,-2.569407658649207,-3.080111060348091,-2.0587042569503238,1.2633770191764164,0.0009999999999999892,-2.6331525656688597,0.204682566312973
B,173,dev_b,CCN1CCN(Cc2nnc(-c3ccc(C)cc3)o2)CC1,-2.9575451830545134,-3.3885788855682275,-2.526511480540799,0.6053737261308734,0.0010000000000000297,-2.979831571178962,-2.8095366641531325,-3.174931830740282,-2.444141497565983,1.4158026692385535,0.0009999999999999937,-2.8648676399016404,0.1480085189013809
B,173,dev_b,COc1cccc(Nc2nc(-c3cccs3)nc3ccccc23)c1,-2.6860097843150275,-3.2330972647993033,-2.138922303830752,1.2787654342992483,0.0009999999999999892,-2.730354911299803,-2.608991589519441,-3.052273480838144,-2.1657096982007373,1.8129713310735662,0.001000000000000023,-2.673503599701684,0.07701819479558658
B,173,dev_b,COc1ccc(C(=O)N_N=C_c2ccc(OC)c(COc3ccccc3)c2)cc1,-2.7401174522745118,-3.392268603701597,-2.087966300847426,0.8286768807613714,0.0010000000000000057,-2.7773170608743314,-2.5142880314879594,-3.1059829763603664,-1.9225930866155523,1.4615030335026775,0.0009999999999999892,-2.5826161897835282,0.22582942078655233
B,173,dev_b,O=C(CN(C(=O)Cn1nnc(-c2cccs2)n1)c1ccc2c(c1)OCCO2)NC1CCCCC1,-2.585433034916754,-3.317454105403214,-1.8534119644302944,0.6153133361952213,0.0009999999999999983,-2.617059318587776,-2.3418156038967606,-2.9741659709770207,-1.7094652368165009,1.2107809620038366,0.0010000000000000297,-2.408395612205938,0.24361743101999345
B,173,dev_b,O=[N+]([O-])c1ncccc1OCc1ccc(Br)cc1F,-2.846671375158049,-3.3382754924903417,-2.355067257825756,1.4381039852685078,0.0009999999999999829,-2.8816912941637085,-2.0391614372227354,-3.1396815195139474,-0.9386413549315232,3.2960168652790944,0.0009999999999999684,-2.121941147591278,0.8075099379353134
B,173,dev_b,Cc1ccc2cc3cc(C(=O)N4CC(C)CC(C)C4)oc3nc2c1,-2.7853865365567323,-3.2494108467425185,-2.3213622263709457,1.30779636537004,0.0009999999999999855,-2.838767857422555,-2.5047428337296305,-2.8536848919505777,-2.155800775508683,2.0606891132755196,0.0010000000000000024,-2.593356849313862,0.2806437028271018
B,173,dev_b,C[C@]12Cc3cn[nH]c3C[C@@H]1CC[C@@H]1[C@@H]2CC[C@@]2(C)[C@H]1CC[C@]2(C)O,-2.399132785624699,-3.4556113656499483,-1.3426542055994495,0.8224894783723055,0.0009999999999999814,-2.4401027533088095,-1.9452536583514664,-2.9770387678202335,-0.9134685488826995,1.6173958742439858,0.000999999999999995,-2.029847188735064,0.45387912727323254
B,173,dev_b,CC(C)CCN1CCN(Cc2c(F)cccc2Cl)CC1CCO,-2.939959355036364,-3.3984593576153364,-2.4814593524573914,0.6019356748466129,0.0010000000000000226,-2.966485868470529,-2.786433434594243,-3.154458380698838,-2.4184084884896473,1.2055561148336884,0.0010000000000000078,-2.842308742270756,0.15352592044212088
B,173,dev_b,CC(=O)N1N=C(c2ccco2)CC1c1ccco1,-2.7388083875110216,-3.479918867744681,-1.9976979072773622,0.7611382934640376,0.0009999999999999727,-2.757471440427831,-2.4841597908156574,-3.0331634888704966,-1.9351560927608178,2.39894508232958,0.0009999999999999861,-2.550840171296714,0.2546485966953642
B,173,dev_b,CCCS(=O)(=O)N1CCCC(C(=O)NCCCOC(C)C)C1,-2.9344560750111457,-3.3790786915461193,-2.489833458476172,0.39444588620274706,0.0009999999999999953,-2.950970725621322,-2.6921005357071834,-2.959583631538961,-2.424617439875406,1.3925097816097924,0.0010000000000000074,-2.7587881810235606,0.24235553930396225
B,173,dev_b,O=C(_C=C_c1cccc([N+](=O)[O-])c1)Nc1cc(C(=O)O)cc(C(=O)O)c1,-2.882036987459948,-3.3357640893050973,-2.4283098856147984,0.7088810889699408,0.001000000000000007,-2.9045626833393494,-2.7098472376739675,-3.068329734568547,-2.3513647407793883,1.5338487484201544,0.0010000000000000054,-2.7629394280195845,0.17218974978598034
B,173,dev_b,COC(=O)[C@@H](NC(=O)NCc1ccc(F)cc1)C(C)C,-2.940164982961394,-3.291472472196679,-2.588857493726109,0.3875638361927927,0.0009999999999999966,-2.9515795522202515,-2.7170198010023805,-2.9622787725306527,-2.4717608294741082,1.8028004346217876,0.0010000000000000325,-2.7811577708140156,0.22314518195901334
B,173,dev_b,O=C(c1cc([N+](=O)[O-])[nH]n1)N1CCSCC1,-2.6300870845690056,-3.2909027713926977,-1.969271397745314,1.1710246904015258,0.0009999999999999812,-2.6561633653398595,-2.5150097178211066,-2.990496572090155,-2.0395228635520577,2.6547295062684113,0.0010000000000000035,-2.5780868989255374,0.11507736674789903
B,173,dev_b,COC(=O)NC(NC(=S)Nc1cccc(C)c1)C(Cl)(Cl)Cl,-2.691845793630053,-3.1191396204907194,-2.2645519667693863,1.018517213552473,0.000999999999999979,-2.7234719106985104,-2.469226617055953,-2.8045070410500514,-2.1339461930618544,2.149295907706245,0.0010000000000000278,-2.53833879662805,0.22261917657410013
B,173,dev_b,COc1ccccc1CN(C)c1nnnn1-c1ccccc1,-2.841081909267178,-3.2882752472508363,-2.3938885712835196,0.7100696721058953,0.0010000000000000252,-2.864657497503406,-2.7365050077635997,-3.0350020039622456,-2.438008011564954,1.5663678103643202,0.0010000000000000096,-2.791930689378871,0.10457690150357823
B,173,dev_b,C=CCN1CCN(C(=O)c2oc3ccccc3c2C)CC1,-2.7615584936563593,-3.3334042165940128,-2.1897127707187063,1.0490621413192143,0.001000000000000008,-2.7990588112085724,-2.587431710162349,-3.1866551494233195,-1.988208270901378,1.8664650162160394,0.0010000000000000132,-2.657829778679411,0.17412678349401034
B,173,dev_b,CC(=O)N1c2ccc(S(=O)(=O)NCCC(=O)Nc3ccc(OC(F)(F)F)cc3)cc2CC1C,-2.4466463484446197,-3.2352496835003732,-1.6580430133888664,0.8878409498349283,0.0010000000000000302,-2.4894195869759295,-2.2268387219381545,-2.9545179363491463,-1.4991595075271624,1.371020123449932,0.000999999999999999,-2.296586959153731,0.21980762650646524
B,173,dev_b,COCCCN1CC23C=CC(O2)C(C(=O)OC)C3C1=O,-0.9804916908506164,-2.977229913483668,1.0162465317824354,2.0174877228052512,0.0010000000000000206,-1.0529221043601025,-0.6971294816301417,-2.6475690533257943,1.253310090065511,2.6138698312441444,0.0010000000000000282,-0.7928094618889535,0.2833622092204747
B,173,dev_b,Cn1cc(C(=O)O)c(-c2ccncc2)n1,-2.7027126848507566,-3.157305709560577,-2.2481196601409366,1.508900970257731,0.0009999999999999953,-2.7332862704243936,-2.40809399641042,-3.0318620761659183,-1.784325916654922,2.285474877943437,0.0009999999999999996,-2.45727437831392,0.29461868844033656
B,173,dev_b,COc1cc(C2_C(=C(_O)c3ccccc3)C(=O)C(=O)N2c2ccccn2)ccc1O,-2.827619892048455,-3.286227610104322,-2.3690121739925885,0.9587569717410422,0.0009999999999999885,-2.8687915377769144,-2.648464240350456,-3.099145894857641,-2.1977825858432714,1.540984740586156,0.0010000000000000132,-2.7159747312844376,0.17915565169799885
B,173,dev_b,Cc1ccc(S(=O)(=O)CCc2nc3ccccc3[nH]2)cc1,-2.8779342882192025,-3.357430449097578,-2.398438127340827,0.6387762168358477,0.0010000000000000065,-2.8978041802500796,-2.706214761700496,-3.202264300567164,-2.210165222833828,1.350383458793176,0.0010000000000000332,-2.750576677194416,0.17171952651870637
B,173,dev_b,CCOc1ccc(CCNC(=O)c2cccc(NC3=NC4CS(=O)(=O)CC4S3)c2)cc1,-2.727069059318892,-3.245263485085201,-2.208874633552584,0.7456300110878733,0.0010000000000000083,-2.763694497105706,-2.3548607594647057,-2.7295631902713344,-1.9801583286580766,1.6280090155675873,0.0010000000000000048,-2.440230216393487,0.37220829985418646
B,173,dev_b,COc1ccc(CCNC(=O)C2CCCN(Cc3nc(-c4ccccc4C)oc3C)C2)cc1OC,-2.857057033875292,-3.3714724402445535,-2.34264162750603,0.4627957977084463,0.0010000000000000247,-2.884663766553791,-2.4728092135160935,-2.712216571520229,-2.233401855511958,1.307621669488125,0.0009999999999999946,-2.5586095434701717,0.3842478203591986
B,173,dev_b,Cc1ccc(S(=O)(=O)C2(S(=O)(=O)c3ccc(C)cc3)CC2)cc1,14.951836831068412,-3.0879758573291904,32.991649519466016,1.9310205950439554,0.0010000000000000028,14.88021469496615,15.598676435146677,-2.894548350070932,34.091901220364285,2.219965881643207,0.0010000000000000065,15.514160287408286,0.6468396040782647
B,181,dev_a,CCN1CCN(c2cc3c(cc2F)c(=O)c(S(=O)(=O)c2ccccc2)cn3C)CC1,-2.6694277090414005,-3.364610869300885,-1.9742445487819156,0.7818130546337307,0.00099999999999997,-2.7069639277911213,-2.4323380730773403,-2.9977142904864515,-1.866961855668229,1.422300334375515,0.0010000000000000176,-2.503449575370343,0.23708963596406019
B,181,dev_a,O=C1CCC(_C=C_c2ccccc2)=NN1Cc1ccc(Cl)c(Cl)c1,-2.9106009461172526,-3.448940710317066,-2.372261181917439,0.9338664937840466,0.0009999999999999883,-2.9424023957024836,-2.742487846197716,-3.1763483385391624,-2.30862735385627,1.718460618026557,0.0009999999999999814,-2.805611410774717,0.1681130999195366
B,181,dev_a,CCc1nnc(NC(=O)CSc2nnc(Cc3cccn3C)n2CCOC)s1,-2.574410455488786,-3.0573003723878656,-2.0915205385897067,0.4541927736408224,0.000999999999999993,-2.595362684630785,-2.382767431794706,-2.7697460991727287,-1.995788764416683,1.2825007058818085,0.0009999999999999727,-2.4427747847490027,0.19164302369408004
B,181,dev_a,Fc1ccc(CN2CCCCCCC2)c(F)c1,-2.7796066899205183,-3.5546492302444768,-2.0045641495965594,0.6833107642910644,0.000999999999999994,-2.8004134545193002,-2.3312492851076403,-3.0367214888924807,-1.6257770813228,2.4479707948051304,0.0009999999999999731,-2.413195877519446,0.448357404812878
B,181,dev_a,O=C(O)CCc1ccc(-c2ccc(Br)cc2)n1NC(=O)c1ccc([N+](=O)[O-])cc1,-2.863173461880888,-3.3852839049354757,-2.3410630188262997,0.4938593026117828,0.0010000000000000117,-2.880903041722904,-2.685956140542326,-3.0743206773614085,-2.297591603723243,1.5733967948853667,0.0010000000000000046,-2.7506168335737726,0.17721732133856216
B,181,dev_a,Cc1ccc2oc(=O)c3cc(C(=O)NCCN4CCc5ccccc5C4)sc3c2c1,-2.6382033321975835,-3.3407230764114146,-1.9356835879837526,0.9283347756217433,0.0009999999999999736,-2.6805453218904196,-2.2375430506479894,-2.7882770769365073,-1.6868090243594716,1.7869353391036245,0.0010000000000000143,-2.3248849674215917,0.4006602815495941
B,181,dev_a,CC(C)(C)NC(=O)C(c1ccccn1)N(C(=O)c1csnn1)C1CCCC1,-2.6886722698012635,-3.222889077447327,-2.1544554621551995,0.6530357946752928,0.0009999999999999905,-2.7179129689886277,-2.5266307909352204,-2.989074074711678,-2.064187507158763,1.191054791394381,0.0009999999999999916,-2.582846379985191,0.16204147886604314
B,181,dev_a,CCCN(CCC)c1nc(N)nc(-c2cc(Cl)ccc2OC)n1,-2.8267729317003143,-3.1757972463381368,-2.4777486170624923,0.4384770676916579,0.000999999999999998,-2.8432306720126457,-2.5196628946167126,-2.793126165566589,-2.2461996236668367,1.8018638505973292,0.0009999999999999623,-2.594680791287968,0.30711003708360174
B,181,dev_a,CSc1nc2ccc(NC(=O)CSc3nnc(N)s3)cc2s1,-2.617531692139911,-3.021839818470952,-2.21322356580887,0.7841344319897711,0.0010000000000000015,-2.6399555551048417,-2.398129744667755,-2.774973604991552,-2.0212858843439574,2.032427751743484,0.0009999999999999913,-2.4592200842283174,0.21940194747215624
B,181,dev_a,COc1cc(_C=C_C(=O)OCC(=O)N2CCCCCC2)ccc1OCC#N,-2.504234095341703,-3.368942160852781,-1.6395260298306242,0.7734174282617206,0.0009999999999999946,-2.539363094197088,-2.287133382399937,-2.9923974090432526,-1.581869355756621,1.6018029598096486,0.001000000000000009,-2.3628400106273366,0.21710071294176592
B,181,dev_a,Cc1cccc(NC(=S)NC2CC3C=CC2C3)c1,-1.488814309993296,-3.317927867747033,0.3402992477604409,1.2241439192425045,0.0009999999999999684,-1.5269495531558994,-1.3390748103520096,-3.0438587819720953,0.36570916126807607,2.095438634883383,0.001000000000000031,-1.408169479619364,0.1497394996412864
B,181,dev_a,CC(C)Sc1ccc(C(=O)Nc2ccc(F)cc2F)cn1,-2.7779892781230098,-3.2224878301475357,-2.3334907260984834,1.6701589033466833,0.000999999999999992,-2.830498931439654,-2.5807877889277098,-2.8672406100559993,-2.2943349677994203,2.638650568354164,0.000999999999999979,-2.666653901269714,0.1972014891953
B,181,dev_a,CN1CCN(C(=O)c2ccccc2NC(=O)CCN2C(=O)c3ccccc3C2=O)CC1,-2.81961801380449,-3.347909652293726,-2.291326375315254,0.6381642572837584,0.0009999999999999911,-2.8492709082000407,-2.650618675447555,-3.044763015229719,-2.256474335665391,1.3226564242146566,0.001,-2.7174804889186617,0.16899933835693526
B,181,dev_a,Cc1ccn2c(NCc3ccccc3)c(-c3cccs3)nc2c1,-2.5399438087138133,-3.170824370143084,-1.9090632472845426,1.262856040027796,0.0010000000000000282,-2.584287583810169,-2.3798065973029807,-2.983661011415685,-1.775952183190276,1.887626595578544,0.0009999999999999968,-2.44928572911747,0.1601372114108326
B,181,dev_a,C_C(CC(=O)NCc1ccco1)=N\NC(=O)CC#N,-2.671533199509131,-3.278632709348502,-2.0644336896697597,0.9296837914162386,0.0009999999999999926,-2.6986548856427266,-2.6289679158438473,-3.123402960912107,-2.1345328707755877,1.3023626163023814,0.0009999999999999946,-2.667442876465942,0.04256528366528389
B,181,dev_a,Cc1ccccc1NC(=O)CN1C(=O)COc2ccc(S(=O)(=O)N3CCCC3)cc21,-2.694333181848937,-3.447408102394887,-1.9412582613029872,0.5902239558251391,0.0009999999999999911,-2.720664502356104,-2.5589990233763804,-3.231884453332049,-1.8861135934207116,1.229968771830884,0.0010000000000000096,-2.618345262873279,0.1353341584725567
B,181,dev_a,CN1C2C=C3C(C#N)=C(N)C(C#N)(C#N)[C@@H](c4ccc(Cl)cc4)[C@@H]3C1CC2,-2.4698332873805926,-3.260946977604738,-1.6787195971564475,1.102911388512232,0.0010000000000000078,-2.5144108054924104,-1.8415928249866707,-2.7747257906722087,-0.9084598593011325,2.236486723716356,0.0010000000000000085,-1.9366746472043805,0.628240462393922
B,181,dev_a,CCOc1cc(NC(=S)NCCCN2CCOCC2)c(OCC)cc1NC(=O)C1CCCCC1,-2.8187068164920994,-3.3299153415150813,-2.307498291469118,0.40246980623929873,0.0009999999999999937,-2.844257467704185,-2.545038823606941,-2.9733010750377886,-2.1167765721760934,1.0168199959976878,0.0009999999999999857,-2.6147307844181187,0.27366799288515864
B,181,dev_a,O=C(CN1CCN(C(=O)C2CCCO2)CC1)Nc1ccc(Br)cc1,-2.825418645788904,-3.4110561552997165,-2.2397811362780913,0.6905051614812725,0.001000000000000019,-2.852715771798386,-2.437354264027234,-2.9235278533990483,-1.951180674655419,1.8832713093139317,0.0010000000000000102,-2.5178352028885524,0.38806438176167024
B,181,dev_a,COc1ccc(C2[NH2+]C(c3ccc(OC)c(OC)c3OC)C(C)C(=O)C2C)c(OC)c1OC,-2.5525324560878673,-3.2586232411798717,-1.8464416709958626,0.7260637568731574,0.0010000000000000122,-2.5964985907961564,-2.1041749133777348,-2.5844339753705423,-1.6239158513849268,1.5361151802873452,0.0009999999999999953,-2.2014483165247642,0.4483575427101325
B,181,dev_a,CCOC(=O)c1cnc2c(CC)cccc2c1NCCN1CCOCC1,-2.873835664360752,-3.2445540691159036,-2.5031172596056,0.8219917238962361,0.0010000000000000007,-2.91187158138023,-2.5405191881311033,-2.756687638367359,-2.3243507378948483,1.6414329478700818,0.0010000000000000304,-2.622258403340152,0.33331647622964855
B,181,dev_a,COc1ccc(CNC(=O)CN(c2cc(C)cc(C)c2)S(=O)(=O)c2c(C)noc2C)cc1,-2.740456375885639,-3.319597127732127,-2.1613156240391516,0.5793179343807365,0.0010000000000000128,-2.769806334880336,-2.6976383501147625,-3.100818910492277,-2.294457789737248,1.0601964663763102,0.0009999999999999983,-2.7550787523931533,0.04281802577087657
B,181,dev_a,COC(=O)c1cc(OC)c(OC)cc1NC(=O)CSc1ccccc1,-2.724985723530148,-3.2127401779982847,-2.2372312690620113,1.149924423483627,0.001000000000000008,-2.7698145703254866,-2.3710402429874704,-3.0375050167694666,-1.7045754692054744,1.6984561599276906,0.000999999999999998,-2.4398788252067236,0.3539454805426776
B,181,dev_a,CCOC(=O)c1sc(NC(=O)CCC(=O)O)nc1C,-2.706683451788629,-3.114277809143474,-2.2990890944337843,0.7973409393524513,0.0009999999999999766,-2.7293248771531218,-2.588439664998446,-2.851848585759753,-2.325030744237139,1.84302474773055,0.0009999999999999885,-2.6437992791969274,0.11824378679018333
B,181,dev_a,CC(_C=C1\SC(=S)N(c2ccc(C(=O)O)cc2)C1=O)=C\c1ccccc1,-2.9192846358097215,-3.3774108711628648,-2.4611584004565787,0.7443174114761885,0.0010000000000000135,-2.944469762196092,-2.722055535954606,-3.178203179712736,-2.2659078921964766,1.4846347220438456,0.0009999999999999937,-2.7761935360996395,0.1972290998551154
B,181,dev_a,CC(C(=O)NCC1CCCCC1)N1CCN(S(=O)(=O)_C=C_c2ccccc2)CC1,-2.9615549943826878,-3.4514699678772467,-2.4716400208881284,0.40183685034818595,0.0009999999999999885,-2.981995569762128,-2.5424937253665645,-3.0031401486414286,-2.0818473020917,1.3578819232043484,0.0010000000000000072,-2.6207849069114233,0.4190612690161233
B,181,dev_a,Cc1c(Cc2ccc3c(c2)OCO3)sc(NC(=O)c2cccc3ccccc23)c1C(N)=O,-2.86029384124949,-3.255634971460454,-2.4649527110385256,1.0528050239514999,0.00100000000000005,-2.9082492975682523,-2.51013908530481,-2.6707716371337717,-2.3495065334758487,2.034261116304724,0.000999999999999986,-2.609114719749378,0.35015475594468004
B,181,dev_a,COc1ccccc1N(C(=O)c1snc(C(N)=O)c1N)C(C(=O)NCc1ccccc1)c1ccc(O)cc1,-2.72286388764787,-3.2193507550667815,-2.226377020228959,0.5972961935115486,0.0010000000000000085,-2.756789812198468,-2.4080890437721676,-2.6230116246377206,-2.193166462906615,1.569056672005945,0.0010000000000000176,-2.500656985701866,0.31477484387570254
B,181,dev_a,O=[N+]([O-])C(Br)(CO)CO,-1.6961138436222942,-1.428527023963611,-1.9637006632809775,9.131833893721138,0.0010000000000000159,-1.827540879094181,-1.718097153463341,-1.8623269723853213,-1.5738673345413607,7.758311682799894,0.0009999999999999755,-1.82901853324072,-0.021983309841046683
B,181,dev_a,COc1ccc2c(OCc3nnc4ccc(-c5ccccc5)nn34)ccnc2c1,-2.438679698460051,-3.0799368978377935,-1.7974224990823084,1.614013846540336,0.0009999999999999918,-2.5064182605990806,-2.38283459432667,-2.946435581020404,-1.8192336076329363,1.8536305251191834,0.0009999999999999992,-2.461653835724335,0.055845104133381174
B,181,dev_a,CC(C)CC(NS(=O)(=O)c1ccc2c(c1)oc(=O)n2C)C(=O)N1CC=C(c2ccccc2)CC1,-2.833280734639997,-3.364407414473146,-2.302154054806848,0.476098140947504,0.0009999999999999922,-2.858190372805684,-2.3108670642961204,-2.507587625385529,-2.114146503206712,1.7175551207887283,0.0010000000000000315,-2.412913982490112,0.5224136703438766
B,181,dev_a,O=C(NCCc1ccccc1)C1CCCN(S(=O)(=O)c2cccs2)C1,-2.9692978315697687,-3.44999149725127,-2.488604165888267,0.43404986383984495,0.0009999999999999955,-2.985847977183383,-2.543151056906507,-3.0073038650051753,-2.0789982488078382,1.713487412764763,0.0010000000000000009,-2.6175262053998933,0.4261467746632617
B,181,dev_a,COc1cc(C(=O)OCC(=O)N2CCOCC2)c([N+](=O)[O-])cc1OC,-2.7171371348752293,-3.273066650718571,-2.161207619031887,1.1527126116654174,0.001,-2.760992207450691,-2.3479639279526747,-2.853329228622928,-1.8425986272824215,2.1754342977960994,0.000999999999999986,-2.4354890841968735,0.3691732069225546
B,181,dev_a,CCC1(C)Cc2c(sc3[nH]c(=O)[nH]c(=O)c23)CS1,-2.5418687253130123,-3.1981887813009253,-1.8855486693250996,1.0008387844833366,0.0009999999999999838,-2.5688863226950573,-2.2715686189949644,-2.9880925171226704,-1.5550447208672584,1.908195276819256,0.0010000000000000035,-2.3275804201034394,0.2703001063180479
B,181,dev_a,COc1ccc([N+](=O)[O-])cc1N(CC(=O)N1CCCCC1)S(C)(=O)=O,-2.80234489657526,-3.3524983136707442,-2.2521914794797753,0.8040137563364325,0.0009999999999999783,-2.8341737056486838,-2.623576230536113,-3.080946268951898,-2.1662061921203284,1.5459590700871237,0.000999999999999996,-2.688579545385373,0.17876866603914676
B,181,dev_a,Cc1cc(NC(=O)CN2C(=O)CC(c3ccco3)Sc3ccccc32)no1,-2.7349374104547706,-3.3448995166808118,-2.1249753042287294,0.7932121771830609,0.0010000000000000141,-2.764206192869909,-2.693035411137984,-3.2309631234661707,-2.1551076988097977,1.1649685321323595,0.0009999999999999675,-2.7388585961112337,0.0419019993167864
B,181,dev_a,CC1(C)C2([N+](=O)[O-])CN3CC1([N+](=O)[O-])CN(C2)C3c1ccccc1,-2.816416503677382,-3.345733269332997,-2.287099738021767,1.059368236555335,0.0009999999999999922,-2.858140013540499,-2.3889568262056313,-2.7422212849641285,-2.0356923674471346,2.1147774247948745,0.0010000000000000178,-2.4765790848170264,0.4274596774717505
B,181,dev_a,Cc1ccnc(N=Cc2nc(-c3ccccc3Br)oc2O)c1,-1.9836711556878812,-2.830017262125467,-1.1373250492502955,2.866307040381638,0.0010000000000000187,-2.0746924955733057,-1.974680178376187,-2.3304131801075574,-1.6189471766448165,3.7424674290536766,0.0010000000000000074,-2.095379863696265,0.008990977311694293
B,181,dev_a,C=CCN1CC[NH+](C(c2ccc(Cl)cc2)c2nnnn2CCc2ccc(OC)c(OC)c2)CC1,-2.820909756053937,-3.3088383027896304,-2.3329812093182434,0.5573563490111179,0.0009999999999999892,-2.8528869070676284,-2.5882916163373864,-3.0079758730991526,-2.1686073595756206,1.1444588634313553,0.001000000000000007,-2.6576816096306297,0.23261813971655076
B,181,dev_a,O=C(COc1ccccc1[N+](=O)[O-])Nc1ccc2oc(=O)ccc2c1,-2.714415728026772,-3.2007934926515818,-2.228037963401962,1.9572115147727889,0.0009999999999999892,-2.7795779531721996,-1.9356348300971915,-3.0378769968412613,-0.8333926633531217,2.526185355843447,0.0010000000000000323,-2.022190433069315,0.7787808979295805
B,181,dev_a,Cc1ccnc(N2CCC(C(=O)Nc3nnc(C)s3)CC2)n1,-2.7589681371856503,-3.1666048093761603,-2.3513314649951402,0.7446964821715224,0.0010000000000000063,-2.7836628600299766,-2.4521205882100183,-3.021426916353741,-1.8828142600662954,1.3947891486234165,0.0009999999999999887,-2.5028848557688312,0.30684754897563193
B,181,dev_a,O=C(CN1C(=O)COc2ccc(Cl)cc21)Nc1ccc(N2CCOCC2)cc1,-2.8227912040940666,-3.437360916634733,-2.2082214915533998,0.8060735298845719,0.0010000000000000351,-2.855869802564021,-2.511175194087737,-3.0625562388882073,-1.9597941492872668,1.8502952737931542,0.0009999999999999892,-2.593256335009234,0.31161601000632944
B,181,dev_a,O=C(NNC(=O)c1cc2ccccc2cc1O)Nc1ccc(F)cc1F,-2.771029608650553,-3.174860593596677,-2.367198623704429,1.578130626942615,0.000999999999999999,-2.826002478082416,-2.3954816084215835,-2.5029614574627486,-2.288001759380418,2.822846057534555,0.000999999999999975,-2.4989395383913653,0.3755480002289695
B,181,dev_a,CN(C)C(CNC(=O)c1cnc(Cl)c(Cl)c1)c1ccccc1,-2.8128873020667333,-3.248951202400711,-2.3768234017327563,0.8763434882785376,0.001000000000000018,-2.842356871030428,-2.722059011638002,-3.0053531894221432,-2.4387648338538606,1.620062620298639,0.000999999999999998,-2.7792702716579534,0.09082829042873142
B,181,dev_a,N#CCN1CCN(c2ccc(C(F)(F)F)cc2)CC1,-2.97782530076819,-3.4375610220683983,-2.5180895794679814,0.9937912874881261,0.00099999999999997,-3.005997825763308,-2.8454547464345463,-3.1742188333439425,-2.51669065952515,2.008023062510754,0.0009999999999999955,-2.9060640426070297,0.13237055433364375
B,181,dev_a,CCOC(=O)N1CCN(S(=O)(=O)c2ccc([N+](=O)[O-])cc2)CC1,-2.911345568232497,-3.426576355764478,-2.3961147807005156,0.5933808435878895,0.00099999999999998,-2.9311928894560655,-2.6855486410499125,-3.069238596135598,-2.301858685964227,2.0152792190787925,0.000999999999999997,-2.760017254077391,0.22579692718258437
B,181,dev_a,O=C(O)_C=C_c1ccc2c(c1)OCCO2,-2.556236942236628,-3.446123354803591,-1.6663505296696648,1.6521226780450158,0.000999999999999998,-2.5916707484240002,-2.310235928736084,-3.0706487194446757,-1.5498231380274925,3.3043590649216874,0.0009999999999999844,-2.386647167936337,0.24600101350054393
B,181,dev_a,COc1ccc(-c2nc([NH2+]CCCN(C)C)c3ccccc3n2)cc1,-2.569062419502927,-2.97359538970479,-2.1645294493010634,1.210533448525658,0.0010000000000000226,-2.624525357626821,-2.357290636336196,-2.832200547218156,-1.8823807254542364,1.6938234755231507,0.0009999999999999727,-2.435764720328297,0.21177178316673073
B,181,dev_b,COc1ccc(NC(=O)C(F)(F)F)cc1OC,-2.6136886848032965,-3.16956853773999,-2.0578088318666037,2.0804586531068505,0.0010000000000000202,-2.664246749324769,-2.056777191348573,-2.951596667122208,-1.1619577155749374,3.2915123536954085,0.0010000000000000028,-2.140113997005105,0.5569114934547237
B,181,dev_b,c1cc2c(cc1-c1csc(N[NH2+]C3=NCCCCC3)n1)OCCO2,-2.173275962236185,-3.094262058280283,-1.2522898661920867,1.6547586207821063,0.000999999999999982,-2.2419886552128503,-1.2117854864246258,-2.333007915011949,-0.09056305783730234,2.7359601543387297,0.0009999999999999979,-1.3294474426325347,0.961490475811559
B,181,dev_b,O=C(N_N=C_c1cccc2ccccc12)c1cc2ccccc2o1,-2.7851337988143605,-3.3999447351331322,-2.1703228624955884,1.2959426548428594,0.0010000000000000289,-2.827778816820525,-2.616735872372514,-3.0092093492118965,-2.224262395533131,2.4608851475867635,0.001000000000000007,-2.7029107899424716,0.16839792644184648
B,181,dev_b,CCCCNc1nc2ccccc2n1CC(=O)Nc1c(C)cccc1CC,-2.858204972465392,-3.2785333416809674,-2.4378766032498165,0.44117639610799364,0.000999999999999994,-2.877617204408355,-2.666702398937028,-2.9773356364578953,-2.3560691614161606,1.2713620258731981,0.0009999999999999747,-2.730577922950964,0.19150257352836375
B,181,dev_b,CCOC(=O)CSc1nc2cc(C(=O)N3CCC(C(N)=O)CC3)ccc2c(=O)n1C1CCCCC1,-2.877382440912524,-3.38903311882641,-2.3657317629986387,0.40467080238045355,0.0010000000000000028,-2.8999699238070717,-2.4822379394345524,-2.983703134831014,-1.980772744038091,1.148643193606684,0.000999999999999978,-2.5533693941372677,0.39514450147797175
B,181,dev_b,CCOC(=O)C1CCCN(C(=O)c2cc(Nc3ccc(OC)cc3)nc3ccccc23)C1,-2.7405260183541627,-3.268714511846499,-2.2123375248618267,0.9554258841339177,0.001000000000000005,-2.7907399142178604,-2.4840187369689852,-2.765038185521891,-2.20299928841608,1.6352538566140844,0.0010000000000000033,-2.5743505666829423,0.2565072813851774
B,181,dev_b,Cc1ccc(N(C)C(=O)CCNC(=O)Cn2cnc3ccccc3c2=O)cc1C,-2.8480599416047063,-3.2397397514860935,-2.4563801317233196,0.6201995973002956,0.0010000000000000044,-2.8755551710230716,-2.425449396672472,-2.701348026481609,-2.1495507668633356,1.7545316851276689,0.0010000000000000076,-2.512180428851532,0.42261054493223416
B,181,dev_b,COc1ccccc1NC(=O)_C(C#N)=C_c1cc([N+](=O)[O-])ccc1N1CCCC1,-2.608987697537231,-3.307234376226851,-1.9107410188476113,0.868178721768776,0.001000000000000011,-2.6458020716734496,-1.9328032623876334,-2.659394981135345,-1.2062115436399221,1.8805646490663364,0.0009999999999999736,-2.01896267646453,0.6761844351495976
B,181,dev_b,Cc1nn(C)cc1CN(C)C(=O)c1cc(COc2ccc(F)cc2F)on1,-2.5191032002024585,-3.243343549332637,-1.7948628510722797,0.9807407254643347,0.000999999999999997,-2.5579568150890024,-2.6469444643837177,-3.0195180928360585,-2.2743708359313763,1.3730677217923424,0.0010000000000000078,-2.7030534519393212,-0.12784126418125918
B,181,dev_b,COc1ccc(C(=O)NCc2nnc(SCC(=O)N3CCc4ccccc43)o2)cc1OC,-2.629749114387927,-3.285386857339926,-1.9741113714359284,0.6844782686672228,0.0009999999999999903,-2.6612605848630717,-2.297992602853638,-2.94537104513648,-1.650614160570796,1.4307884438735632,0.0009999999999999985,-2.3694026974864997,0.3317565115342891
B,181,dev_b,O=C(Nc1cccc2ncccc12)c1cc(Br)ccc1Cl,-2.9216441153412482,-3.2451887292983117,-2.598099501384185,1.860764616378235,0.001000000000000003,-2.9723097525253364,-2.733396075073699,-3.2004864038310723,-2.2663057463163265,2.1619029257742466,0.0010000000000000041,-2.794203515252253,0.18824804026754904
B,181,dev_b,O=c1c(_C=N_O)coc2ccc3ccccc3c12,-1.7700392540562717,-3.2421412515627903,-0.29793725654975295,3.200487538835161,0.0009999999999999903,-1.850142590108749,-1.5850499913628184,-2.9329098246939664,-0.23719015803167043,4.126467432482672,0.0009999999999999846,-1.6899064160791055,0.18498926269345328
B,181,dev_b,O=C(_C=C_c1ccccc1Cl)Nc1ccncc1,-2.965770805040865,-3.3634027585624175,-2.5681388515193126,0.7883990866178711,0.0009999999999999957,-2.9841361200839485,-2.8759307012864825,-3.1917095297137337,-2.560151872859231,1.8362657940803087,0.0010000000000000046,-2.922815654965679,0.08984010375438256
B,181,dev_b,CN(CCOc1ccc(C[C@H](Nc2ccccc2C(=O)c2ccccc2)C(=O)O)cc1)c1ccccn1,-2.848520958407774,-3.2790054547278635,-2.418036462087685,0.5925009111106175,0.001000000000000009,-2.8828104343713905,-2.6100689296573343,-2.930320823734918,-2.2898170355797505,1.2362685337121155,0.001000000000000002,-2.6855709264284595,0.23845202875043991
B,181,dev_b,CC(C)[C@@H]1C=C(C(=O)O)O[C@H](OCCCCO)C1,-2.7761730188865323,-3.252561835231363,-2.299784202541702,0.9568200436573415,0.0010000000000000002,-2.809570718126854,-2.1407533389023508,-2.526838873049812,-1.7546678047548898,2.5855282072414134,0.000999999999999999,-2.2385292820266525,0.6354196799841816
B,181,dev_b,O=C(CN1C(=O)c2cccc([N+](=O)[O-])c2C1=O)N1CCN(c2ccc(F)cc2)CC1,-2.5230683061470254,-3.3112944977488383,-1.7348421145452129,1.1077490884734387,0.0010000000000000102,-2.568979121322079,-2.2476294052054975,-2.9291613638642207,-1.5660974465467739,1.90910592685132,0.0009999999999999968,-2.3311433852924877,0.2754389009415279
B,181,dev_b,O=C(NC1CCCCC1)c1cc(-c2ccccn2)nc2ccccc12,-2.9004557875790873,-3.33324574378064,-2.467665831377535,1.0734247911770485,0.0009999999999999827,-2.9432200408189244,-2.704186219483309,-2.98059152243263,-2.427780916533988,1.9245692551832583,0.0010000000000000067,-2.785675764053217,0.19626956809577845
B,181,dev_b,Cn1cccc1Cc1nnc(SCC(=O)Nc2nc3ccccc3s2)n1CCc1ccccc1,-2.73772958731305,-3.2079391348113,-2.2675200398148,0.3937860747015685,0.0010000000000000041,-2.7573749285594102,-2.5123547420908623,-2.8558151736507065,-2.168894310531018,1.2823727457712282,0.0009999999999999768,-2.5808310509788903,0.22537484522218776
B,181,dev_b,CN=C1SC(CC(=O)Nc2ccc(N3CCOCC3)cc2)C(=O)N1C,-2.770936384777736,-3.3072840242934816,-2.234588745261991,0.7902070430882278,0.0010000000000000028,-2.8034276007396457,-2.4749806272620924,-2.968127314852553,-1.9818339396716325,1.681686024272644,0.0010000000000000083,-2.547935050568965,0.29595575751564374
B,181,dev_b,N#CCOc1ccc2oc(-c3ccco3)cc(=O)c2c1,-1.6231646972845972,-3.3425213212275144,0.09619192665831985,2.4250960781518143,0.000999999999999992,-1.6887020894274978,-1.3319132189135103,-2.8195531000328766,0.15572666220585604,3.576516399233403,0.0010000000000000026,-1.4294674506035159,0.2912514783710869
B,181,dev_b,CCOC(=O)CSc1ccc2nnc(CCNS(=O)(=O)c3ccc(C)cc3)n2n1,-2.5545628004953214,-3.0882157324690116,-2.0209098685216307,1.142493930099881,0.0009999999999999838,-2.6049921080470897,-2.2263522072170883,-2.635317621865889,-1.817386792568287,1.941548852535864,0.0010000000000000289,-2.316854779947124,0.3282105932782331
B,181,dev_b,O=C(_C=C_c1ccc(OCCCF)cc1)Nc1ccnc(-c2ccncc2)n1,-2.7253374359965647,-3.166397041301496,-2.2842778306916336,0.9699946309143913,0.0010000000000000638,-2.7657235784522625,-2.5538940769995433,-2.9584764664300285,-2.1493116875690585,1.4428916653637496,0.001000000000000045,-2.616708147615653,0.17144335899702146
B,181,dev_b,CC(C)C(NC(=O)OCc1ccccc1)C(=O)OCC(=O)N1CCCCC1,-2.9270363211173063,-3.370100077079241,-2.4839725651553715,0.41381739139808577,0.0010000000000000117,-2.945160021771404,-2.4641331758582274,-2.7732876043290307,-2.1549787473874242,1.673057384473543,0.0009999999999999996,-2.550244638783529,0.46290314525907883
B,181,dev_b,CCCn1nc(C(=O)NCC(C)(C)N2CCOCC2)c2ccccc2c1=O,-2.760102657908492,-3.32831611091589,-2.191889204901094,0.5428139835991261,0.0009999999999999974,-2.786083083755242,-2.5548044403762917,-3.0997017554141615,-2.0099071253384224,1.2634114720809568,0.000999999999999968,-2.6186064267918576,0.20529821753220023
B,181,dev_b,CCN1CCN(Cc2nnc(-c3ccc(C)cc3)o2)CC1,-2.9605560739453987,-3.387948774830632,-2.533163373060166,0.6252932598349809,0.000999999999999976,-2.9835197635557393,-2.8122825302997985,-3.1674167292844575,-2.4571483313151394,1.4501790373899694,0.0010000000000000206,-2.8690804192461785,0.1482735436456002
B,181,dev_b,COc1cccc(Nc2nc(-c3cccs3)nc3ccccc23)c1,-2.6985669824753993,-3.259954423000113,-2.137179541950685,1.1954965644785291,0.001000000000000013,-2.7398151192779783,-2.627612102128351,-3.0633262196321676,-2.191897984624535,1.7774251390969407,0.00100000000000001,-2.6906888519729177,0.07095488034704811
B,181,dev_b,COc1ccc(C(=O)N_N=C_c2ccc(OC)c(COc3ccccc3)c2)cc1,-2.745518483274058,-3.3904330262201485,-2.100603940327967,0.8343860551767042,0.0010000000000000002,-2.7828179219954348,-2.511148343688256,-3.0887521103086883,-1.9335445770678241,1.4909008908764905,0.0010000000000000044,-2.5808398863521385,0.23437013958580177
B,181,dev_b,O=C(CN(C(=O)Cn1nnc(-c2cccs2)n1)c1ccc2c(c1)OCCO2)NC1CCCCC1,-2.675739758783105,-3.317669184504264,-2.033810333061946,0.5498363856877612,0.001000000000000011,-2.703709847637092,-2.424203468630451,-2.9584212968217205,-1.889985640439182,1.1667434786962194,0.0009999999999999755,-2.488219359009147,0.25153629015265366
B,181,dev_b,O=[N+]([O-])c1ncccc1OCc1ccc(Br)cc1F,-2.857301259050791,-3.337294900265332,-2.3773076178362498,1.272667733957043,0.000999999999999989,-2.887957376174489,-2.1493826811316112,-3.139461934065517,-1.1593034281977055,3.1342401376171805,0.0009999999999999775,-2.2276938060185616,0.7079185779191799
B,181,dev_b,Cc1ccc2cc3cc(C(=O)N4CC(C)CC(C)C4)oc3nc2c1,-2.816936008511858,-3.2940187596529227,-2.339853257370793,1.193506563000228,0.0009999999999999946,-2.865147677665396,-2.5128004423634467,-2.8668186957887096,-2.1587821889381833,2.051949974458183,0.0009999999999999844,-2.6010771828176247,0.3041355661484113
B,181,dev_b,C[C@]12Cc3cn[nH]c3C[C@@H]1CC[C@@H]1[C@@H]2CC[C@@]2(C)[C@H]1CC[C@]2(C)O,-2.485237213903398,-3.4828694135706675,-1.487605014236128,0.7811298063566352,0.0009999999999999985,-2.5240714065100285,-2.024501669661516,-2.9422569191771704,-1.1067464201458612,1.669227475282703,0.001000000000000011,-2.1119750720090966,0.4607355442418819
B,181,dev_b,CC(C)CCN1CCN(Cc2c(F)cccc2Cl)CC1CCO,-2.9408939879770424,-3.3963839773572504,-2.485403998596835,0.6109137623167323,0.0010000000000000024,-2.9677724377151886,-2.8074376406969614,-3.175369804078397,-2.439505477315526,1.1709155424005413,0.0009999999999999929,-2.861549471239904,0.13345634728008093
B,181,dev_b,CC(=O)N1N=C(c2ccco2)CC1c1ccco1,-2.72720790625848,-3.4448485415108614,-2.009567271006099,1.0686025407270547,0.0009999999999999963,-2.754490353130789,-2.4729176583204513,-3.0222716887704517,-1.9235636278704509,2.477750650577563,0.0010000000000000256,-2.541797036247739,0.2542902479380289
B,181,dev_b,CCCS(=O)(=O)N1CCCC(C(=O)NCCCOC(C)C)C1,-2.948441991489255,-3.379300985745586,-2.5175829972329247,0.38064557537586546,0.0009999999999999926,-2.9642284299764823,-2.708615039042477,-2.957489275562287,-2.459740802522666,1.4033268204863287,0.0009999999999999848,-2.7758187213149017,0.2398269524467782
B,181,dev_b,O=C(_C=C_c1cccc([N+](=O)[O-])c1)Nc1cc(C(=O)O)cc(C(=O)O)c1,-2.8914415961907154,-3.339852002445264,-2.4430311899361667,0.6578679737495325,0.0010000000000000315,-2.9121197311675235,-2.705176705085406,-3.0662092156711216,-2.3441441944996906,1.5594033107936025,0.0010000000000000271,-2.759139361519274,0.18626489110530953
B,181,dev_b,COC(=O)[C@@H](NC(=O)NCc1ccc(F)cc1)C(C)C,-2.9380930566050316,-3.290046683748193,-2.5861394294618703,0.4012663430609282,0.0010000000000000365,-2.949565636108402,-2.715323762242778,-2.9643147865874475,-2.466332737898108,1.7798970676667485,0.0010000000000000104,-2.7786271031628855,0.22276929436225368
B,181,dev_b,O=C(c1cc([N+](=O)[O-])[nH]n1)N1CCSCC1,-2.566560387500003,-3.2683250092620115,-1.8647957657379948,1.3156937501553976,0.0010000000000000024,-2.5969826010517534,-2.4912977763571815,-2.984844941986867,-1.9977506107274963,2.6344123613233132,0.0009999999999999725,-2.553966968022557,0.07526261114282162
B,181,dev_b,COC(=O)NC(NC(=S)Nc1cccc(C)c1)C(Cl)(Cl)Cl,-2.8130006321688685,-3.2018728142099766,-2.4241284501277605,0.7063196181460284,0.000999999999999974,-2.833100789491126,-2.556248793500016,-2.8412147996313464,-2.271282787368686,2.107542875067136,0.0009999999999999723,-2.623807592041178,0.25675183866885254
B,181,dev_b,COc1ccccc1CN(C)c1nnnn1-c1ccccc1,-2.8374086669957537,-3.282189658526417,-2.3926276754650906,0.717924554316749,0.000999999999999994,-2.860983475701992,-2.731617082987727,-3.0400600121361547,-2.4231741538392986,1.5650616575261374,0.0009999999999999846,-2.7870504282540356,0.1057915840080268
B,181,dev_b,C=CCN1CCN(C(=O)c2oc3ccccc3c2C)CC1,-2.7749640005255136,-3.3464003361999484,-2.2035276648510784,0.9578197596800226,0.000999999999999998,-2.809140117535435,-2.6130166119915526,-3.222407291159664,-2.0036259328234407,1.7686166080233627,0.0009999999999999814,-2.6794277805122917,0.16194738853396107
B,181,dev_b,CC(=O)N1c2ccc(S(=O)(=O)NCCC(=O)Nc3ccc(OC(F)(F)F)cc3)cc2CC1C,-2.5743990977880404,-3.2674143583019695,-1.8813838372741114,0.7841348474373363,0.000999999999999994,-2.611734910608224,-2.352646805849344,-2.989954251948937,-1.7153393597497515,1.3004740701293922,0.0010000000000000148,-2.4186063356013587,0.22175229193869628
B,181,dev_b,COCCCN1CC23C=CC(O2)C(C(=O)OC)C3C1=O,-1.3448094163412383,-3.0362389992731424,0.34662016659066586,1.9901598519834163,0.0009999999999999953,-1.4163433560952567,-1.0660908488385474,-2.7146526984205672,0.5824710007434721,2.6123857330120774,0.001000000000000006,-1.1618552696412907,0.27871856750269086
B,181,dev_b,Cn1cc(C(=O)O)c(-c2ccncc2)n1,-2.685385568774781,-3.188716726837066,-2.1820544107124964,1.2807354481653541,0.0010000000000000167,-2.710945306050927,-2.3717315088466915,-3.060030930311315,-1.6834320873820678,2.156596802834581,0.0009999999999999996,-2.4178953679385877,0.3136540599280897
B,181,dev_b,COc1cc(C2_C(=C(_O)c3ccccc3)C(=O)C(=O)N2c2ccccn2)ccc1O,-2.7993353040650697,-3.292376748723307,-2.3062938594068325,0.9504783731267489,0.0009999999999999844,-2.840216877313625,-2.604358619178313,-3.098301815381358,-2.110415422975268,1.534366710209925,0.0010000000000000046,-2.6715957377772046,0.19497668488675668
B,181,dev_b,Cc1ccc(S(=O)(=O)CCc2nc3ccccc3[nH]2)cc1,-2.885657675247689,-3.373776743198491,-2.397538607296887,0.561201952723063,0.0010000000000000046,-2.902578647173108,-2.7322505869758498,-3.2242156788352667,-2.2402854951164333,1.2809042037895595,0.0010000000000000132,-2.7739999516007527,0.15340708827183924
B,181,dev_b,CCOc1ccc(CCNC(=O)c2cccc(NC3=NC4CS(=O)(=O)CC4S3)c2)cc1,-2.7648825461349174,-3.2486383750304437,-2.281126717239391,0.7604295139913256,0.0010000000000000028,-2.802143962050373,-2.35064724456049,-2.6963370829858646,-2.0049574061351154,1.6854925831166327,0.0009999999999999963,-2.439168016324503,0.41423530157442734
B,181,dev_b,COc1ccc(CCNC(=O)C2CCCN(Cc3nc(-c4ccccc4C)oc3C)C2)cc1OC,-2.8623067144756495,-3.3663653766460095,-2.3582480523052896,0.4618417623923689,0.000999999999999999,-2.8898268880720757,-2.4781108242435526,-2.70607563353837,-2.2501460149487356,1.3188427073800295,0.0009999999999999885,-2.564652594593528,0.384195890232097
B,181,dev_b,Cc1ccc(S(=O)(=O)C2(S(=O)(=O)c3ccc(C)cc3)CC2)cc1,14.38713469263999,-3.115770720774572,31.89004010605455,1.7929365470398655,0.000999999999999994,14.321230585059961,15.023853273560118,-2.905442628465211,32.953149175585445,2.140978365410392,0.0009999999999999996,14.942477014073525,0.6367185809201281
B,193,dev_a,CCN1CCN(c2cc3c(cc2F)c(=O)c(S(=O)(=O)c2ccccc2)cn3C)CC1,-2.5980109347930904,-3.346842077299587,-1.8491797922865938,0.7986613931159118,0.0010000000000000109,-2.6366787146422292,-2.342187543375461,-2.9846772339396033,-1.6996978528113191,1.4429893133363525,0.0009999999999999896,-2.4145378373815913,0.25582339141762933
B,193,dev_a,O=C1CCC(_C=C_c2ccccc2)=NN1Cc1ccc(Cl)c(Cl)c1,-2.9119121062245013,-3.4727786161246907,-2.3510455963243113,0.8205098919432559,0.000999999999999991,-2.9399343796391735,-2.736390879104956,-3.193737756311795,-2.2790440018981166,1.673365926540254,0.0009999999999999747,-2.7979212454822386,0.1755212271195452
B,193,dev_a,CCc1nnc(NC(=O)CSc2nnc(Cc3cccn3C)n2CCOC)s1,-2.5639942052892755,-3.0583525339398885,-2.0696358766386624,0.43627341301119626,0.0010000000000000104,-2.584021642563051,-2.3721183389573306,-2.7732603356169405,-1.970976342297721,1.2804295327152626,0.000999999999999966,-2.431942450254981,0.19187586633194487
B,193,dev_a,Fc1ccc(CN2CCCCCCC2)c(F)c1,-2.7356780238436507,-3.5574279069189085,-1.9139281407683926,0.684381637581416,0.0009999999999999911,-2.7564493774710916,-2.289498988213398,-3.07240348146441,-1.5065944949623853,2.415589455599053,0.0010000000000000098,-2.370266621736085,0.44617903563025285
B,193,dev_a,O=C(O)CCc1ccc(-c2ccc(Br)cc2)n1NC(=O)c1ccc([N+](=O)[O-])cc1,-2.762411340727307,-3.3603600147173243,-2.16446266673729,0.5405819385771222,0.0009999999999999846,-2.7817409006965597,-2.5793848529837162,-3.0516631202592137,-2.1071065857082187,1.5803547232575885,0.001000000000000019,-2.6443782171779917,0.18302648774359076
B,193,dev_a,Cc1ccc2oc(=O)c3cc(C(=O)NCCN4CCc5ccccc5C4)sc3c2c1,-2.5909833545548766,-3.301278459460628,-1.8806882496491248,1.0167094079427028,0.001000000000000006,-2.6381572010384735,-2.1330664792521477,-2.7128420416402528,-1.5532909168640425,1.8560529601723437,0.0009999999999999749,-2.2241330455824286,0.45791687530272895
B,193,dev_a,CC(C)(C)NC(=O)C(c1ccccn1)N(C(=O)c1csnn1)C1CCCC1,-2.7103885262568665,-3.2170925469093823,-2.2036845056043504,0.619545786412148,0.0009999999999999933,-2.738260362320975,-2.531928619339466,-2.9817178054550975,-2.0821394332238348,1.2066315776022745,0.0009999999999999957,-2.5890111757214926,0.17845990691740043
B,193,dev_a,CCCN(CCC)c1nc(N)nc(-c2cc(Cl)ccc2OC)n1,-2.8195133544876763,-3.1731981107016627,-2.4658285982736903,0.4309303837557549,0.0009999999999999907,-2.835921503166266,-2.51307717933577,-2.798207173328298,-2.2279471853432415,1.7914436085917238,0.0010000000000000052,-2.587671343970896,0.30643617515190646
B,193,dev_a,CSc1nc2ccc(NC(=O)CSc3nnc(N)s3)cc2s1,-2.5852140928193448,-3.014224415783067,-2.156203769855622,0.8331796908663696,0.0010000000000000234,-2.6091968707904556,-2.369654608352586,-2.752967672771503,-1.9863415439336687,2.054271767033991,0.0009999999999999987,-2.431649346100242,0.215559484466759
B,193,dev_a,COc1cc(_C=C_C(=O)OCC(=O)N2CCCCCC2)ccc1OCC#N,-2.4742765317215856,-3.375870818200705,-1.572682245242466,0.7620048783897223,0.0010000000000000182,-2.5089704017109513,-2.2630992524062856,-3.015866774498007,-1.5103317303145638,1.5737240940291275,0.0009999999999999998,-2.3374607032314834,0.21117727931529995
B,193,dev_a,Cc1cccc(NC(=S)NC2CC3C=CC2C3)c1,-1.5427312935067174,-3.331511357402783,0.246048770389348,1.1640423404674713,0.0009999999999999833,-1.5787319927828936,-1.3900828186335943,-3.0592773379489113,0.2791117006817227,2.056161995409827,0.0010000000000000106,-1.457760344497015,0.15264847487312316
B,193,dev_a,CC(C)Sc1ccc(C(=O)Nc2ccc(F)cc2F)cn1,-2.7745940856771893,-3.2399972536627293,-2.3091909176916494,1.6493870121148473,0.0010000000000000052,-2.826354185114117,-2.5925074946336917,-2.9102088678379308,-2.2748061214294526,2.519404981722747,0.0009999999999999944,-2.674227778927734,0.18208659104349767
B,193,dev_a,CN1CCN(C(=O)c2ccccc2NC(=O)CCN2C(=O)c3ccccc3C2=O)CC1,-2.632871594332413,-3.315840494797324,-1.9499026938675013,0.7235529124244117,0.0010000000000000096,-2.667004161836708,-2.476287883198819,-3.0479267982533473,-1.904648968144291,1.3430815542714176,0.0009999999999999885,-2.544187030144103,0.1565837111335937
B,193,dev_a,Cc1ccn2c(NCc3ccccc3)c(-c3cccs3)nc2c1,-2.446095781770757,-3.1503631756017985,-1.741828387939716,1.3360235783160888,0.0010000000000000263,-2.4931565461255625,-2.2874030108514702,-2.9597430393737083,-1.615062982329232,1.9091965419841506,0.0010000000000000159,-2.3576199778259608,0.1586927709192869
B,193,dev_a,C_C(CC(=O)NCc1ccco1)=N\NC(=O)CC#N,-2.664258117351394,-3.280726441525242,-2.047789793177546,0.9515336551771832,0.0010000000000000104,-2.6919158669344063,-2.6354244641446725,-3.136072162664151,-2.1347767656251944,1.3032022952568385,0.0010000000000000013,-2.6738395958511596,0.02883365320672171
B,193,dev_a,Cc1ccccc1NC(=O)CN1C(=O)COc2ccc(S(=O)(=O)N3CCCC3)cc21,-2.6812372609781754,-3.4482572572906824,-1.914217264665668,0.6302901559068165,0.0010000000000000078,-2.7099131325895374,-2.5631115245083596,-3.23408918658025,-1.8921338624364687,1.2471219148134904,0.0009999999999999953,-2.623389002639036,0.11812573646981583
B,193,dev_a,CN1C2C=C3C(C#N)=C(N)C(C#N)(C#N)[C@@H](c4ccc(Cl)cc4)[C@@H]3C1CC2,-2.3858433660009393,-3.1997748028689417,-1.5719119291329373,1.2341024607711066,0.00099999999999999,-2.436481006418102,-1.7949306089137527,-2.8763833039255333,-0.7134779139019722,2.202356455489493,0.0009999999999999933,-1.888495725631739,0.5909127570871866
B,193,dev_a,CCOc1cc(NC(=S)NCCCN2CCOCC2)c(OCC)cc1NC(=O)C1CCCCC1,-2.8037335454857706,-3.328400418581736,-2.279066672389805,0.4174210433352465,0.0009999999999999846,-2.830211753071842,-2.523045147827974,-2.9617807487618424,-2.0843095468941057,1.0258080440592727,0.0010000000000000252,-2.5934323468680027,0.2806883976577965
B,193,dev_a,O=C(CN1CCN(C(=O)C2CCCO2)CC1)Nc1ccc(Br)cc1,-2.8201461050114385,-3.414979682940425,-2.225312527082452,0.6824611569423723,0.0009999999999999911,-2.847071988083628,-2.43666846565151,-2.9352086951974337,-1.9381282361055858,1.8571635319435311,0.0010000000000000334,-2.515967715372789,0.3834776393599286
B,193,dev_a,COc1ccc(C2[NH2+]C(c3ccc(OC)c(OC)c3OC)C(C)C(=O)C2C)c(OC)c1OC,-2.5099065041467448,-3.247136405202581,-1.772676603090908,0.77322256000727,0.000999999999999985,-2.5570031175423447,-2.0545842095283704,-2.583748621744626,-1.525419797312115,1.564625474172435,0.0009999999999999864,-2.153800156637976,0.45532229461837437
B,193,dev_a,CCOC(=O)c1cnc2c(CC)cccc2c1NCCN1CCOCC1,-2.85404638256425,-3.2412822278948394,-2.4668105372336604,0.8558369693540513,0.0010000000000000026,-2.89380887055441,-2.5184892012680278,-2.742610857642294,-2.2943675448937615,1.66233470026458,0.000999999999999998,-2.601302672724163,0.33555718129622214
B,193,dev_a,COc1ccc(CNC(=O)CN(c2cc(C)cc(C)c2)S(=O)(=O)c2c(C)noc2C)cc1,-2.7019453842797283,-3.3037055763525514,-2.100185192206905,0.625553270261879,0.0009999999999999948,-2.7340301824240125,-2.6782855898657223,-3.0789261218701185,-2.2776450578613257,1.097313096588145,0.0009999999999999922,-2.737902191692231,0.023659794414006008
B,193,dev_a,COC(=O)c1cc(OC)c(OC)cc1NC(=O)CSc1ccccc1,-2.72623091617033,-3.2043102796957847,-2.248151552644875,1.2006173732045182,0.000999999999999992,-2.7732551494203435,-2.333764601936897,-3.034878186754108,-1.6326510171196866,1.7496840907446098,0.001000000000000011,-2.404861072966207,0.3924663142334328
B,193,dev_a,CCOC(=O)c1sc(NC(=O)CCC(=O)O)nc1C,-2.7026756391851894,-3.0989816223838127,-2.3063696559865665,0.8944507646660335,0.0010000000000000143,-2.7283038373612722,-2.583778023152848,-2.8524018827887483,-2.315154163516948,1.7792702142814647,0.0010000000000000074,-2.63712438544976,0.11889761603234117
B,193,dev_a,CC(_C=C1\SC(=S)N(c2ccc(C(=O)O)cc2)C1=O)=C\c1ccccc1,-2.8917832818681077,-3.3869630807369933,-2.3966034829992227,0.6462438688532433,0.0010000000000000106,-2.9132955828687184,-2.7140277576725014,-3.2047957717826447,-2.223259743562358,1.3776405687090265,0.0010000000000000126,-2.7638463121011236,0.17775552419560636
B,193,dev_a,CC(C(=O)NCC1CCCCC1)N1CCN(S(=O)(=O)_C=C_c2ccccc2)CC1,-2.932509026936331,-3.4391631711889934,-2.4258548826836686,0.4402906822092067,0.000999999999999998,-2.955184847478927,-2.5110149973515643,-2.9838128291143993,-2.0382171655887293,1.3785463424304318,0.0009999999999999753,-2.5905587779930803,0.42149402958476667
B,193,dev_a,Cc1c(Cc2ccc3c(c2)OCO3)sc(NC(=O)c2cccc3ccccc23)c1C(N)=O,-2.7842926303301128,-3.225178836244301,-2.3434064244159245,1.1248142192691468,0.0010000000000000367,-2.836054551150513,-2.4280032245061998,-2.6197962582270677,-2.236210190785332,2.0858559164169495,0.0010000000000000002,-2.5297182644794907,0.356289405823913
B,193,dev_a,COc1ccccc1N(C(=O)c1snc(C(N)=O)c1N)C(C(=O)NCc1ccccc1)c1ccc(O)cc1,-2.7285748372094334,-3.218382045635917,-2.2387676287829494,0.6040117434707153,0.0010000000000000022,-2.7629421200543822,-2.3771998359202353,-2.566864816467584,-2.187534855372887,1.602443503970289,0.001000000000000001,-2.4719715772105912,0.3513750012891981
B,193,dev_a,O=[N+]([O-])C(Br)(CO)CO,4.110518519607024,10.109722018330562,-1.888684979116513,25.59164342270639,0.0009999999999999922,3.732458946229626,3.4343352970922325,8.43988266825203,-1.571212074067565,23.76168653659188,0.0009999999999999903,3.0837306534581663,-0.6761832225147915
B,193,dev_a,COc1ccc2c(OCc3nnc4ccc(-c5ccccc5)nn34)ccnc2c1,-2.465835711405037,-3.068948879063273,-1.8627225437468005,1.5764234763991967,0.0009999999999999935,-2.5318211055455,-2.384708046618473,-2.901302440081098,-1.868113653155848,1.8718738766315415,0.000999999999999986,-2.4643525558207653,0.08112766478656397
B,193,dev_a,CC(C)CC(NS(=O)(=O)c1ccc2c(c1)oc(=O)n2C)C(=O)N1CC=C(c2ccccc2)CC1,-2.833152886742706,-3.3678403058209425,-2.298465467664469,0.47771199055208163,0.000999999999999973,-2.8583496592035393,-2.321315971542097,-2.538517871144103,-2.10411407194009,1.6942477345262659,0.0009999999999999673,-2.421953415847102,0.5118369152006093
B,193,dev_a,O=C(NCCc1ccccc1)C1CCCN(S(=O)(=O)c2cccs2)C1,-2.9510321446157795,-3.4508665461191703,-2.451197743112389,0.45688776327657715,0.0010000000000000254,-2.9685599717442033,-2.501267248552782,-2.979173637586357,-2.0233608595192067,1.7576170970091178,0.0009999999999999937,-2.5776891737526633,0.44976489606299763
B,193,dev_a,COc1cc(C(=O)OCC(=O)N2CCOCC2)c([N+](=O)[O-])cc1OC,-2.701554916600048,-3.245574017236433,-2.157535815963663,1.2436277101067281,0.0009999999999999992,-2.749144674077938,-2.323677124304587,-2.808266976453281,-1.8390872721558935,2.2352577657798625,0.000999999999999997,-2.413694899468814,0.37787779229546103
B,193,dev_a,CCC1(C)Cc2c(sc3[nH]c(=O)[nH]c(=O)c23)CS1,-2.3411058937730913,-3.1669308353277557,-1.5152809522184272,1.1097691869180415,0.0010000000000000085,-2.3713410651111655,-2.0292629803512017,-2.959651248047163,-1.0988747126552403,1.981705103598748,0.0009999999999999979,-2.0875176400696542,0.31184291342188963
B,193,dev_a,COc1ccc([N+](=O)[O-])cc1N(CC(=O)N1CCCCC1)S(C)(=O)=O,-2.789688902112074,-3.349231421606669,-2.2301463826174786,0.8162228074465661,0.0010000000000000013,-2.82210508880474,-2.609524165842899,-3.0791993773388864,-2.139848954346912,1.5476556766014358,0.0009999999999999953,-2.674614170995378,0.18016473626917495
B,193,dev_a,Cc1cc(NC(=O)CN2C(=O)CC(c3ccco3)Sc3ccccc32)no1,-2.782938892563352,-3.3646899236865946,-2.2011878614401086,0.7381495624523056,0.0010000000000000306,-2.8096000310066636,-2.713651039655521,-3.209355791553224,-2.217946287757818,1.2016903899790894,0.0010000000000000117,-2.7609094265046856,0.06928785290783068
B,193,dev_a,CC1(C)C2([N+](=O)[O-])CN3CC1([N+](=O)[O-])CN(C2)C3c1ccccc1,-2.8753283562686667,-3.378743564707423,-2.3719131478299107,0.9674680900323746,0.0010000000000000132,-2.9125574350861183,-2.4222315903751137,-2.7179847724427884,-2.126478408307439,2.1595956180175357,0.0009999999999999998,-2.5117328322601224,0.45309676589355297
B,193,dev_a,Cc1ccnc(N=Cc2nc(-c3ccccc3Br)oc2O)c1,-1.7847453511003737,-2.610236875312292,-0.9592538268884555,3.3987124850624895,0.0010000000000000007,-1.8937213443153118,-1.8507428811811248,-2.215502407639079,-1.485983354723171,3.8486926133739727,0.0009999999999999866,-1.9751330886708605,-0.06599753008075115
B,193,dev_a,C=CCN1CC[NH+](C(c2ccc(Cl)cc2)c2nnnn2CCc2ccc(OC)c(OC)c2)CC1,-2.825664886254147,-3.2950854064293993,-2.3562443660788954,0.5824765988851501,0.0009999999999999924,-2.859202826744545,-2.587292532121121,-3.003379855658981,-2.171205208583262,1.1472861085810955,0.0010000000000000005,-2.6569433724643483,0.23837235413302604
B,193,dev_a,O=C(COc1ccccc1[N+](=O)[O-])Nc1ccc2oc(=O)ccc2c1,-2.6768406982935335,-3.178082678093513,-2.1755987184935535,2.0259161495802704,0.0010000000000000052,-2.7445527430162473,-1.8712312275423593,-3.0199765710413584,-0.7224858840433601,2.6172318020751972,0.000999999999999971,-1.9611459755227134,0.8056094707511743
B,193,dev_a,Cc1ccnc(N2CCC(C(=O)Nc3nnc(C)s3)CC2)n1,-2.7424728516708035,-3.1588985271265297,-2.3260471762150776,0.7683626400785802,0.0009999999999999966,-2.768014055738993,-2.4314381938004543,-2.9988018063421604,-1.864074581258748,1.4142418135333397,0.0010000000000000059,-2.4829934539413885,0.3110346578703491
B,193,dev_a,O=C(CN1C(=O)COc2ccc(Cl)cc21)Nc1ccc(N2CCOCC2)cc1,-2.8075326429892025,-3.429957661528575,-2.18510762444983,0.847132837062688,0.0009999999999999987,-2.842668835521491,-2.4751903274889737,-3.0374865089204506,-1.9128941460574969,1.8759469577394752,0.0009999999999999692,-2.5585774778740134,0.33234231550022875
B,193,dev_a,O=C(NNC(=O)c1cc2ccccc2cc1O)Nc1ccc(F)cc1F,-2.8115311324189163,-3.1931067453225803,-2.4299555195152527,1.4805060519490156,0.0010000000000000085,-2.862795074320891,-2.450188641351346,-2.5477584373420514,-2.352618845360641,2.7326820787388404,0.0010000000000000362,-2.550176423581853,0.3613424910675702
B,193,dev_a,CN(C)C(CNC(=O)c1cnc(Cl)c(Cl)c1)c1ccccc1,-2.8168924101819663,-3.2358226662165834,-2.3979621541473493,0.8848445436330024,0.0010000000000000096,-2.8466396320224674,-2.719935091306577,-2.9808210673099893,-2.459049115303165,1.715292238862438,0.001000000000000001,-2.780731182334906,0.09695731887538939
B,193,dev_a,N#CCN1CCN(c2ccc(C(F)(F)F)cc2)CC1,-2.9610827452833783,-3.4487668128865634,-2.473398677680193,0.9712572910736003,0.0009999999999999723,-2.988461310847611,-2.828342882146919,-3.182921511600046,-2.473764252693792,2.004017182018093,0.0009999999999999935,-2.888830988462134,0.13273986313645914
B,193,dev_a,CCOC(=O)N1CCN(S(=O)(=O)c2ccc([N+](=O)[O-])cc2)CC1,-2.918500477980577,-3.4196352136438897,-2.4173657423172648,0.6000036010537022,0.0010000000000000104,-2.938574939988464,-2.699110406734807,-3.090992190898555,-2.3072286225710585,1.9972713834993596,0.00099999999999998,-2.7728270267309716,0.21939007124577037
B,193,dev_a,O=C(O)_C=C_c1ccc2c(c1)OCCO2,-2.2806869470282365,-3.4632549524462646,-1.0981189416102084,1.8901210363458785,0.0009999999999999827,-2.3221511474385306,-2.0359771266510314,-3.0828497912775124,-0.9891044620245505,3.5758535704061236,0.0010000000000000208,-2.1189779685528687,0.24470982037720512
B,193,dev_a,COc1ccc(-c2nc([NH2+]CCCN(C)C)c3ccccc3n2)cc1,-2.608273853420492,-3.004551846412924,-2.2119958604280603,1.169982140530451,0.0010000000000000067,-2.6616195939497285,-2.4211612331221724,-2.879130095562044,-1.9631923706823007,1.633598696686026,0.0009999999999999946,-2.4966401728736214,0.18711262029831977
B,193,dev_b,COc1ccc(NC(=O)C(F)(F)F)cc1OC,-2.632386676665689,-3.170779509371969,-2.093993843959409,2.069287381651128,0.0009999999999999844,-2.6826171690868623,-2.0389241063239183,-2.961277466488808,-1.1165707461590288,3.2858245190766713,0.0009999999999999913,-2.122132676558002,0.5934625703417709
B,193,dev_b,c1cc2c(cc1-c1csc(N[NH2+]C3=NCCCCC3)n1)OCCO2,-1.8849175644452898,-2.9929636861018545,-0.776871442788725,1.8042635026703056,0.0009999999999999942,-1.9602525689278665,-0.9260769643078997,-2.200032153479235,0.34787822486343545,2.8426320802155693,0.0010000000000000078,-1.0484794239015593,0.9588406001373901
B,193,dev_b,O=C(N_N=C_c1cccc2ccccc12)c1cc2ccccc2o1,-2.76575193412069,-3.414472890117057,-2.1170309781243235,1.2848186794716003,0.0009999999999999666,-2.808019662783101,-2.593526159440465,-3.0461729449726027,-2.1408793739083274,2.417198345027363,0.0009999999999999666,-2.6780059675868286,0.17222577468022493
B,193,dev_b,CCCCNc1nc2ccccc2n1CC(=O)Nc1c(C)cccc1CC,-2.8178274793033795,-3.27204710417818,-2.3636078544285795,0.4905751750654241,0.0009999999999999966,-2.840103055624379,-2.641420966503405,-2.969746032038486,-2.313095900968324,1.2878928389394888,0.0009999999999999957,-2.706224776586474,0.17640651279997455
B,193,dev_b,CCOC(=O)CSc1nc2cc(C(=O)N3CCC(C(N)=O)CC3)ccc2c(=O)n1C1CCCCC1,-2.8568667224733586,-3.3715369253949383,-2.3421965195517793,0.4370243672275291,0.0010000000000000033,-2.881696542567523,-2.4620839135301233,-2.981355433016012,-1.9428123940442348,1.132624674597993,0.0009999999999999812,-2.532255194015426,0.39478280894323525
B,193,dev_b,CCOC(=O)C1CCCN(C(=O)c2cc(Nc3ccc(OC)cc3)nc3ccccc23)C1,-2.712988104850263,-3.257304362060639,-2.1686718476398865,0.9602101268102701,0.0009999999999999892,-2.763519187076305,-2.476083543474,-2.7538626561854334,-2.1983044307625663,1.6382231473905886,0.0010000000000000087,-2.566578684923286,0.2369045613762628
B,193,dev_b,Cc1ccc(N(C)C(=O)CCNC(=O)Cn2cnc3ccccc3c2=O)cc1C,-2.8122188623150928,-3.210254481728142,-2.414183242902043,0.7080833892367667,0.0010000000000000189,-2.8446532256103163,-2.3913788560603617,-2.679627335354587,-2.103130376766136,1.7725174339683354,0.001000000000000003,-2.479203450212237,0.42084000625473106
B,193,dev_b,COc1ccccc1NC(=O)_C(C#N)=C_c1cc([N+](=O)[O-])ccc1N1CCCC1,-2.5790099633655394,-3.2967319507247486,-1.8612879760063303,0.9018593079509994,0.0010000000000000072,-2.617482973203305,-1.8790227450289527,-2.6650289954896667,-1.0930164945682386,1.8538333959955577,0.0009999999999999905,-1.9639095001777167,0.6999872183365867
B,193,dev_b,Cc1nn(C)cc1CN(C)C(=O)c1cc(COc2ccc(F)cc2F)on1,-2.445121233370355,-3.2427634618805077,-1.6474790048602024,1.0080848453887965,0.0010000000000000163,-2.4852462657920285,-2.6676711808561526,-3.0108427082350993,-2.324499653477206,1.3348305404359917,0.0009999999999999846,-2.7220721845664846,-0.2225499474857977
B,193,dev_b,COc1ccc(C(=O)NCc2nnc(SCC(=O)N3CCc4ccccc43)o2)cc1OC,-2.4973317303466827,-3.273451866808835,-1.7212115938845303,0.7437766110654366,0.0009999999999999879,-2.531906197093269,-2.1533032697923806,-2.9389521228277964,-1.3676544167569649,1.4731039616014991,0.001000000000000021,-2.226965813649742,0.34402846055430203
B,193,dev_b,O=C(Nc1cccc2ncccc12)c1cc(Br)ccc1Cl,-2.9049375600969602,-3.2604477932299476,-2.5494273269639733,1.840354324969933,0.001000000000000013,-2.9549881792790855,-2.6836595211786545,-3.2168377665023042,-2.1504812758550047,2.140731968833706,0.0009999999999999853,-2.743851522000009,0.22127803891830577
B,193,dev_b,O=c1c(_C=N_O)coc2ccc3ccccc3c12,-1.665624952567393,-3.17284782250991,-0.158402082624876,3.496705242821581,0.0009999999999999844,-1.7538041969360265,-1.4986909020373917,-2.8739680537588934,-0.12341375031589005,4.369384288186786,0.0009999999999999773,-1.6101235596500614,0.1669340505300012
B,193,dev_b,O=C(_C=C_c1ccccc1Cl)Nc1ccncc1,-2.9569169942975697,-3.35586129258177,-2.5579726960133695,0.8370073647071584,0.0009999999999999885,-2.9767864157124575,-2.8660108388312295,-3.1803327759387345,-2.551688901723725,1.8836634964747354,0.0010000000000000258,-2.9142694214159564,0.09090615546634018
B,193,dev_b,CN(CCOc1ccc(C[C@H](Nc2ccccc2C(=O)c2ccccc2)C(=O)O)cc1)c1ccccn1,-2.8567958643883564,-3.2838704540376162,-2.4297212747390966,0.5900274164336053,0.0010000000000000143,-2.890968758707088,-2.60144741681355,-2.92123540921029,-2.28165942441681,1.2290328056763682,0.0009999999999999972,-2.676465055680854,0.25534844757480624
B,193,dev_b,CC(C)[C@@H]1C=C(C(=O)O)O[C@H](OCCCCO)C1,-2.7156140070398833,-3.257997608560146,-2.1732304055196208,0.9776063519596664,0.001000000000000002,-2.7499309665931158,-2.080685501528515,-2.5577531535655806,-1.6036178494914495,2.5337158378992855,0.0010000000000000059,-2.176456762078688,0.6349285055113683
B,193,dev_b,O=C(CN1C(=O)c2cccc([N+](=O)[O-])c2C1=O)N1CCN(c2ccc(F)cc2)CC1,-2.1838250553359035,-3.2610487136878805,-1.106601396983927,1.2328800093719947,0.0010000000000000232,-2.235607616804843,-1.8507654764778874,-2.8593732716668416,-0.8421576812889329,2.1048420879445158,0.0009999999999999976,-1.9433904652797456,0.3330595788580162
B,193,dev_b,O=C(NC1CCCCC1)c1cc(-c2ccccn2)nc2ccccc12,-2.880350992956676,-3.3339882626658697,-2.4267137232474822,1.0932386971627461,0.0010000000000000002,-2.924083636579158,-2.6802210466043803,-2.984688915759137,-2.375753177449623,1.934003730901712,0.0010000000000000154,-2.76217945868119,0.20012994635229564
B,193,dev_b,Cn1cccc1Cc1nnc(SCC(=O)Nc2nc3ccccc3s2)n1CCc1ccccc1,-2.7246705376321905,-3.205472907330065,-2.2438681679343158,0.3752877670566868,0.0010000000000000007,-2.743168597297272,-2.492775542632846,-2.8524056150758814,-2.1331454701898105,1.2716517859369114,0.0009999999999999957,-2.5606329149494242,0.2318949949993443
B,193,dev_b,CN=C1SC(CC(=O)Nc2ccc(N3CCOCC3)cc2)C(=O)N1C,-2.7858698172001537,-3.3132074474442814,-2.2585321869560264,0.7211443669471227,0.0010000000000000135,-2.815545323765762,-2.4766676694246765,-2.9849916046019835,-1.96834373424737,1.6567786273401803,0.000999999999999975,-2.5485686658449542,0.30920214777547717
B,193,dev_b,N#CCOc1ccc2oc(-c3ccco3)cc(=O)c2c1,-1.6281679297550335,-3.3258816431943004,0.06954578368423325,2.4740135939571357,0.0009999999999999825,-1.6951144402616072,-1.3095498619437167,-2.8428877218708615,0.2237879979834281,3.638231861447195,0.0009999999999999874,-1.408747374217695,0.31861806781131685
B,193,dev_b,CCOC(=O)CSc1ccc2nnc(CCNS(=O)(=O)c3ccc(C)cc3)n2n1,-2.470689487626139,-3.0237048175940657,-1.9176741576582126,1.2684431030446064,0.0009999999999999916,-2.5271972365181106,-2.143568557947071,-2.563662696371709,-1.7234744195224332,2.0266056667326566,0.001000000000000011,-2.2382029369626606,0.32712092967906825
B,193,dev_b,O=C(_C=C_c1ccc(OCCCF)cc1)Nc1ccnc(-c2ccncc2)n1,-2.7683443326941513,-3.2429798992786925,-2.2937087661096105,0.7266372559442703,0.0009999999999999718,-2.7978954307958057,-2.58885604619155,-3.0395861282920276,-2.138125964091073,1.3154269560560128,0.0009999999999999838,-2.6459415808014954,0.1794882865026013
B,193,dev_b,CC(C)C(NC(=O)OCc1ccccc1)C(=O)OCC(=O)N1CCCCC1,-2.931972095820415,-3.3683667066124747,-2.4955774850283556,0.4333304585504402,0.0010000000000000163,-2.950990337170741,-2.456808719812838,-2.7848443171347017,-2.128773122490974,1.6699106838597617,0.0010000000000000154,-2.5427420587276774,0.4751633760075773
B,193,dev_b,CCCn1nc(C(=O)NCC(C)(C)N2CCOCC2)c2ccccc2c1=O,-2.73572929524422,-3.3285808432611,-2.1428777472273395,0.5391786267947668,0.0010000000000000252,-2.761455711199925,-2.5181009743683154,-3.0643927125423955,-1.9718092361942352,1.2766299187540646,0.0009999999999999874,-2.582664729955701,0.21762832087590445
B,193,dev_b,CCN1CCN(Cc2nnc(-c3ccc(C)cc3)o2)CC1,-2.9638323952289234,-3.3807702780261226,-2.546894512431724,0.6277260390746895,0.0009999999999999842,-2.986670220137812,-2.8188755565772174,-3.1760013733537082,-2.4617497398007266,1.4128330167816536,0.0009999999999999887,-2.8740118945740916,0.14495683865170594
B,193,dev_b,COc1cccc(Nc2nc(-c3cccs3)nc3ccccc23)c1,-2.689006547012963,-3.263624059576931,-2.1143890344489944,1.2337747972446815,0.0009999999999999979,-2.7318244894229626,-2.6355821301838986,-3.0664187320597165,-2.2047455283080803,1.795635471521059,0.000999999999999952,-2.699493657211631,0.05342441682906429
B,193,dev_b,COc1ccc(C(=O)N_N=C_c2ccc(OC)c(COc3ccccc3)c2)cc1,-2.745998574367193,-3.3886758623361715,-2.1033212863982147,0.8450020551634423,0.0010000000000000239,-2.783892327930146,-2.5213678159063058,-3.102363626266861,-1.940372005545751,1.4648001404219815,0.0010000000000000007,-2.5898580030057157,0.22463075846088731
B,193,dev_b,O=C(CN(C(=O)Cn1nnc(-c2cccs2)n1)c1ccc2c(c1)OCCO2)NC1CCCCC1,-2.5662089073067995,-3.326198438455369,-1.8062193761582301,0.6065164242901522,0.0010000000000000159,-2.597494306415724,-2.3269378113637815,-2.971983191211058,-1.6818924315165054,1.2104947821788814,0.000999999999999993,-2.393527699699238,0.239271095943018
B,193,dev_b,O=[N+]([O-])c1ncccc1OCc1ccc(Br)cc1F,-2.859745823101503,-3.3344673508764187,-2.3850242953265877,1.422442852273792,0.00100000000000004,-2.8942310898073753,-1.9742750297150882,-3.1392722577275394,-0.8092778017026371,3.3297504987797835,0.0009999999999999816,-2.05800302705428,0.885470793386415
B,193,dev_b,Cc1ccc2cc3cc(C(=O)N4CC(C)CC(C)C4)oc3nc2c1,-2.780467218771874,-3.287590583286784,-2.273343854256964,1.231476431468164,0.0009999999999999465,-2.8303532318876963,-2.478160101373479,-2.88309108660932,-2.0732291161376377,2.0515371664949607,0.0010000000000000135,-2.5663900438880765,0.30230711739839533
B,193,dev_b,C[C@]12Cc3cn[nH]c3C[C@@H]1CC[C@@H]1[C@@H]2CC[C@@]2(C)[C@H]1CC[C@]2(C)O,-2.3406168217295638,-3.466905938465459,-1.214327704993669,0.8324323752106647,0.0010000000000000057,-2.3822427501476886,-1.8795895668734586,-2.9730800425069033,-0.7860990912400139,1.6564304013240074,0.0010000000000000102,-1.9663494452381183,0.4610272548561052
B,193,dev_b,CC(C)CCN1CCN(Cc2c(F)cccc2Cl)CC1CCO,-2.9445206692672183,-3.3972883816318498,-2.491752956902587,0.6084964690826947,0.00099999999999999,-2.9711560638258083,-2.8017339236187615,-3.180360232631036,-2.4231076146064865,1.172378205170805,0.0010000000000000106,-2.85588060098297,0.14278674564845684
B,193,dev_b,CC(=O)N1N=C(c2ccco2)CC1c1ccco1,-2.70616863977788,-3.4436897476649793,-1.9686475318907806,1.0551488421811677,0.0009999999999999716,-2.7328951865815063,-2.407887716718557,-2.927304662300321,-1.888470771136793,2.6596484973183774,0.0009999999999999853,-2.482417949851048,0.29828092305932286
B,193,dev_b,CCCS(=O)(=O)N1CCCC(C(=O)NCCCOC(C)C)C1,-2.9337960621893373,-3.3744696247362804,-2.4931224996423937,0.4110745878047478,0.0010000000000000141,-2.951040219756501,-2.695782662728225,-2.9552834188130626,-2.4362819066433876,1.3866075950343921,0.0010000000000000228,-2.7621528052797686,0.23801339946111222
B,193,dev_b,O=C(_C=C_c1cccc([N+](=O)[O-])c1)Nc1cc(C(=O)O)cc(C(=O)O)c1,-2.882948402073748,-3.3363276053897017,-2.429569198757794,0.674228487803051,0.0009999999999999948,-2.9042710990371354,-2.701864588487898,-3.0656783387859243,-2.338050838189872,1.5287553442215942,0.0009999999999999645,-2.754772696462739,0.1810838135858499
B,193,dev_b,COC(=O)[C@@H](NC(=O)NCc1ccc(F)cc1)C(C)C,-2.936855310427773,-3.288339752383221,-2.585370868472325,0.4187629058985023,0.0010000000000000018,-2.949098711935828,-2.725771697058806,-2.9682395435556486,-2.4833038505619642,1.7677090372835453,0.0010000000000000356,-2.788578999008757,0.21108361336896664
B,193,dev_b,O=C(c1cc([N+](=O)[O-])[nH]n1)N1CCSCC1,-2.6312208970481645,-3.283270486588054,-1.9791713075082753,1.0872781862527556,0.0009999999999999922,-2.655811033054446,-2.515876819156758,-2.968675257113785,-2.0630783811997304,2.6054831629655633,0.0009999999999999855,-2.5777223044145803,0.11534407789140655
B,193,dev_b,COC(=O)NC(NC(=S)Nc1cccc(C)c1)C(Cl)(Cl)Cl,-2.7947952234134226,-3.1922727804724857,-2.397317666354359,0.760928597665838,0.0010000000000000067,-2.817047376178285,-2.5635724031604896,-2.835030660433874,-2.2921141458871057,2.1075504052262715,0.0009999999999999946,-2.631099457179741,0.23122282025293295
B,193,dev_b,COc1ccccc1CN(C)c1nnnn1-c1ccccc1,-2.8336912683411843,-3.2772188173389027,-2.390163719343466,0.7787983274940982,0.0009999999999999838,-2.8596649707371373,-2.743722650309623,-3.0503864085209407,-2.4370588920983054,1.5266627378123256,0.001000000000000002,-2.7976173823690518,0.08996861803156131
B,193,dev_b,C=CCN1CCN(C(=O)c2oc3ccccc3c2C)CC1,-2.723309625796253,-3.347963083405244,-2.098656168187262,1.0460304181846052,0.000999999999999998,-2.760598456256002,-2.534991787057499,-3.167633132374459,-1.902350441740539,1.9369216401021843,0.0009999999999999987,-2.6082092928485108,0.18831783873875407
B,193,dev_b,CC(=O)N1c2ccc(S(=O)(=O)NCCC(=O)Nc3ccc(OC(F)(F)F)cc3)cc2CC1C,-2.425262152350842,-3.265390336276405,-1.5851339684252799,0.8704936344442148,0.0010000000000000117,-2.4672304704481807,-2.208187311387416,-2.9924022283655,-1.4239723944093323,1.3572744586529921,0.0010000000000000128,-2.2771617102167547,0.21707484096342622
B,193,dev_b,COCCCN1CC23C=CC(O2)C(C(=O)OC)C3C1=O,-1.1041294481422037,-3.0130455119018933,0.804786615617486,1.9256445717130104,0.001000000000000005,-1.1730555744649767,-0.8324174085780188,-2.694068110203943,1.0292332930479053,2.5401946071159247,0.0010000000000000109,-0.9253161438096467,0.2717120395641849
B,193,dev_b,Cn1cc(C(=O)O)c(-c2ccncc2)n1,-2.678601997421826,-3.1895553505204233,-2.167648644323229,1.322765616042305,0.0010000000000000234,-2.705019361651041,-2.375960000848147,-3.080723634539341,-1.6711963671569527,2.0596388389966447,0.001000000000000027,-2.419939030435141,0.3026419965736791
B,193,dev_b,COc1cc(C2_C(=C(_O)c3ccccc3)C(=O)C(=O)N2c2ccccn2)ccc1O,-2.8146546136833837,-3.2613857399651383,-2.367923487401629,1.0002429230237408,0.0009999999999999688,-2.857861918573904,-2.625208199769597,-3.0832396836972134,-2.1671767158419812,1.552437451633311,0.0009999999999999799,-2.693331426171174,0.18944641391378658
B,193,dev_b,Cc1ccc(S(=O)(=O)CCc2nc3ccccc3[nH]2)cc1,-2.8508067375442288,-3.3644249017440635,-2.3371885733443944,0.6202353700737646,0.001,-2.8696216615458106,-2.6955068420371595,-3.207185357860565,-2.183828326213754,1.331188997648288,0.0009999999999999844,-2.7391572208959385,0.15529989550706924
B,193,dev_b,CCOc1ccc(CCNC(=O)c2cccc(NC3=NC4CS(=O)(=O)CC4S3)c2)cc1,-2.7343778287933893,-3.261754265193559,-2.2070013923932197,0.7220740653344376,0.0009999999999999894,-2.7694736693730704,-2.3618938694133838,-2.7499094829992607,-1.9738782558275068,1.623991364996331,0.0010000000000000143,-2.4470378687479926,0.37248395938000556
B,193,dev_b,COc1ccc(CCNC(=O)C2CCCN(Cc3nc(-c4ccccc4C)oc3C)C2)cc1OC,-2.857639606741022,-3.370196514904006,-2.345082698578038,0.4622168065384973,0.0010000000000000163,-2.8852455387852425,-2.4748902824025993,-2.707642810055149,-2.24213775475005,1.3071997432778515,0.0010000000000000115,-2.5606094814073828,0.3827493243384228
B,193,dev_b,Cc1ccc(S(=O)(=O)C2(S(=O)(=O)c3ccc(C)cc3)CC2)cc1,15.151457851666137,-3.0709917547116206,33.373907458043895,1.9789945022488935,0.0010000000000000143,15.077998005871414,15.815699135931652,-2.893225259808416,34.52462353167172,2.2544298417301203,0.0010000000000000306,15.729865604092035,0.6642412842655148
