section,entity,metric,value,authoritative_source
CURRENT_FINAL,source,records,5000.0,reports/ecir_mvr/final_evidence_closure/18_FINAL_MAIN_TABLE.csv
CURRENT_FINAL,source,molecules,2500.0,reports/ecir_mvr/final_evidence_closure/18_FINAL_MAIN_TABLE.csv
CURRENT_FINAL,source,v3d_overall,0.2226,reports/ecir_mvr/final_evidence_closure/18_FINAL_MAIN_TABLE.csv
CURRENT_FINAL,source,posebusters_overall,0.9314,reports/ecir_mvr/final_evidence_closure/18_FINAL_MAIN_TABLE.csv
CURRENT_FINAL,source,bond_raw_mae,0.0268122347641244,reports/ecir_mvr/final_evidence_closure/18_FINAL_MAIN_TABLE.csv
CURRENT_FINAL,source,angle_cosine_raw_mae,0.0480026646318544,reports/ecir_mvr/final_evidence_closure/18_FINAL_MAIN_TABLE.csv
CURRENT_FINAL,source,kabsch_source_rmsd,1.8840420015446218e-15,reports/ecir_mvr/final_evidence_closure/18_FINAL_MAIN_TABLE.csv
CURRENT_FINAL,source,reference_rmsd,1.4232389687961942,reports/ecir_mvr/final_evidence_closure/18_FINAL_MAIN_TABLE.csv
CURRENT_FINAL,source,xtb_delta_median,0.0,reports/ecir_mvr/final_evidence_closure/18_FINAL_MAIN_TABLE.csv
CURRENT_FINAL,source,xtb_delta_lower_fraction,0.0,reports/ecir_mvr/final_evidence_closure/18_FINAL_MAIN_TABLE.csv
CURRENT_FINAL,source,finite_coordinate_rate,1.0,reports/ecir_mvr/final_evidence_closure/18_FINAL_MAIN_TABLE.csv
CURRENT_FINAL,restricted_seed307,records,5000.0,reports/ecir_mvr/final_evidence_closure/18_FINAL_MAIN_TABLE.csv
CURRENT_FINAL,restricted_seed307,molecules,2500.0,reports/ecir_mvr/final_evidence_closure/18_FINAL_MAIN_TABLE.csv
CURRENT_FINAL,restricted_seed307,v3d_overall,0.4812,reports/ecir_mvr/final_evidence_closure/18_FINAL_MAIN_TABLE.csv
CURRENT_FINAL,restricted_seed307,posebusters_overall,0.9318,reports/ecir_mvr/final_evidence_closure/18_FINAL_MAIN_TABLE.csv
CURRENT_FINAL,restricted_seed307,bond_raw_mae,0.0237531597536775,reports/ecir_mvr/final_evidence_closure/18_FINAL_MAIN_TABLE.csv
CURRENT_FINAL,restricted_seed307,angle_cosine_raw_mae,0.0467373972024231,reports/ecir_mvr/final_evidence_closure/18_FINAL_MAIN_TABLE.csv
CURRENT_FINAL,restricted_seed307,kabsch_source_rmsd,0.0082476267023968,reports/ecir_mvr/final_evidence_closure/18_FINAL_MAIN_TABLE.csv
CURRENT_FINAL,restricted_seed307,reference_rmsd,1.4236101009671032,reports/ecir_mvr/final_evidence_closure/18_FINAL_MAIN_TABLE.csv
CURRENT_FINAL,restricted_seed307,xtb_delta_median,-3.4744973286072662,reports/ecir_mvr/final_evidence_closure/18_FINAL_MAIN_TABLE.csv
CURRENT_FINAL,restricted_seed307,xtb_delta_lower_fraction,0.9988,reports/ecir_mvr/final_evidence_closure/18_FINAL_MAIN_TABLE.csv
CURRENT_FINAL,restricted_seed307,finite_coordinate_rate,1.0,reports/ecir_mvr/final_evidence_closure/18_FINAL_MAIN_TABLE.csv
CURRENT_FINAL,restricted_seed331,records,5000.0,reports/ecir_mvr/final_evidence_closure/18_FINAL_MAIN_TABLE.csv
CURRENT_FINAL,restricted_seed331,molecules,2500.0,reports/ecir_mvr/final_evidence_closure/18_FINAL_MAIN_TABLE.csv
CURRENT_FINAL,restricted_seed331,v3d_overall,0.4802,reports/ecir_mvr/final_evidence_closure/18_FINAL_MAIN_TABLE.csv
CURRENT_FINAL,restricted_seed331,posebusters_overall,0.9318,reports/ecir_mvr/final_evidence_closure/18_FINAL_MAIN_TABLE.csv
CURRENT_FINAL,restricted_seed331,bond_raw_mae,0.023768849177308,reports/ecir_mvr/final_evidence_closure/18_FINAL_MAIN_TABLE.csv
CURRENT_FINAL,restricted_seed331,angle_cosine_raw_mae,0.0466207707470931,reports/ecir_mvr/final_evidence_closure/18_FINAL_MAIN_TABLE.csv
CURRENT_FINAL,restricted_seed331,kabsch_source_rmsd,0.008096973190945,reports/ecir_mvr/final_evidence_closure/18_FINAL_MAIN_TABLE.csv
CURRENT_FINAL,restricted_seed331,reference_rmsd,1.4235881612536605,reports/ecir_mvr/final_evidence_closure/18_FINAL_MAIN_TABLE.csv
CURRENT_FINAL,restricted_seed331,xtb_delta_median,-3.5062714619024007,reports/ecir_mvr/final_evidence_closure/18_FINAL_MAIN_TABLE.csv
CURRENT_FINAL,restricted_seed331,xtb_delta_lower_fraction,0.999,reports/ecir_mvr/final_evidence_closure/18_FINAL_MAIN_TABLE.csv
CURRENT_FINAL,restricted_seed331,finite_coordinate_rate,1.0,reports/ecir_mvr/final_evidence_closure/18_FINAL_MAIN_TABLE.csv
CURRENT_FINAL,restricted_seed353,records,5000.0,reports/ecir_mvr/final_evidence_closure/18_FINAL_MAIN_TABLE.csv
CURRENT_FINAL,restricted_seed353,molecules,2500.0,reports/ecir_mvr/final_evidence_closure/18_FINAL_MAIN_TABLE.csv
CURRENT_FINAL,restricted_seed353,v3d_overall,0.4856,reports/ecir_mvr/final_evidence_closure/18_FINAL_MAIN_TABLE.csv
CURRENT_FINAL,restricted_seed353,posebusters_overall,0.9318,reports/ecir_mvr/final_evidence_closure/18_FINAL_MAIN_TABLE.csv
CURRENT_FINAL,restricted_seed353,bond_raw_mae,0.0236428586718876,reports/ecir_mvr/final_evidence_closure/18_FINAL_MAIN_TABLE.csv
CURRENT_FINAL,restricted_seed353,angle_cosine_raw_mae,0.046620265435573,reports/ecir_mvr/final_evidence_closure/18_FINAL_MAIN_TABLE.csv
CURRENT_FINAL,restricted_seed353,kabsch_source_rmsd,0.0080410054101367,reports/ecir_mvr/final_evidence_closure/18_FINAL_MAIN_TABLE.csv
CURRENT_FINAL,restricted_seed353,reference_rmsd,1.4235931960771162,reports/ecir_mvr/final_evidence_closure/18_FINAL_MAIN_TABLE.csv
CURRENT_FINAL,restricted_seed353,xtb_delta_median,-3.499168258278494,reports/ecir_mvr/final_evidence_closure/18_FINAL_MAIN_TABLE.csv
CURRENT_FINAL,restricted_seed353,xtb_delta_lower_fraction,0.999,reports/ecir_mvr/final_evidence_closure/18_FINAL_MAIN_TABLE.csv
CURRENT_FINAL,restricted_seed353,finite_coordinate_rate,1.0,reports/ecir_mvr/final_evidence_closure/18_FINAL_MAIN_TABLE.csv
CURRENT_FINAL,unrestricted_seed307,records,5000.0,reports/ecir_mvr/final_evidence_closure/18_FINAL_MAIN_TABLE.csv
CURRENT_FINAL,unrestricted_seed307,molecules,2500.0,reports/ecir_mvr/final_evidence_closure/18_FINAL_MAIN_TABLE.csv
CURRENT_FINAL,unrestricted_seed307,v3d_overall,0.5036,reports/ecir_mvr/final_evidence_closure/18_FINAL_MAIN_TABLE.csv
CURRENT_FINAL,unrestricted_seed307,posebusters_overall,0.9318,reports/ecir_mvr/final_evidence_closure/18_FINAL_MAIN_TABLE.csv
CURRENT_FINAL,unrestricted_seed307,bond_raw_mae,0.023253363253394,reports/ecir_mvr/final_evidence_closure/18_FINAL_MAIN_TABLE.csv
CURRENT_FINAL,unrestricted_seed307,angle_cosine_raw_mae,0.0466574994612898,reports/ecir_mvr/final_evidence_closure/18_FINAL_MAIN_TABLE.csv
CURRENT_FINAL,unrestricted_seed307,kabsch_source_rmsd,0.0094559057883918,reports/ecir_mvr/final_evidence_closure/18_FINAL_MAIN_TABLE.csv
CURRENT_FINAL,unrestricted_seed307,reference_rmsd,1.4238343144817236,reports/ecir_mvr/final_evidence_closure/18_FINAL_MAIN_TABLE.csv
CURRENT_FINAL,unrestricted_seed307,xtb_delta_median,-3.568300896401512,reports/ecir_mvr/final_evidence_closure/18_FINAL_MAIN_TABLE.csv
CURRENT_FINAL,unrestricted_seed307,xtb_delta_lower_fraction,0.9988,reports/ecir_mvr/final_evidence_closure/18_FINAL_MAIN_TABLE.csv
CURRENT_FINAL,unrestricted_seed307,finite_coordinate_rate,1.0,reports/ecir_mvr/final_evidence_closure/18_FINAL_MAIN_TABLE.csv
CURRENT_FINAL,unrestricted_seed331,records,5000.0,reports/ecir_mvr/final_evidence_closure/18_FINAL_MAIN_TABLE.csv
CURRENT_FINAL,unrestricted_seed331,molecules,2500.0,reports/ecir_mvr/final_evidence_closure/18_FINAL_MAIN_TABLE.csv
CURRENT_FINAL,unrestricted_seed331,v3d_overall,0.5002,reports/ecir_mvr/final_evidence_closure/18_FINAL_MAIN_TABLE.csv
CURRENT_FINAL,unrestricted_seed331,posebusters_overall,0.9324,reports/ecir_mvr/final_evidence_closure/18_FINAL_MAIN_TABLE.csv
CURRENT_FINAL,unrestricted_seed331,bond_raw_mae,0.0232414691240598,reports/ecir_mvr/final_evidence_closure/18_FINAL_MAIN_TABLE.csv
CURRENT_FINAL,unrestricted_seed331,angle_cosine_raw_mae,0.0465332113668444,reports/ecir_mvr/final_evidence_closure/18_FINAL_MAIN_TABLE.csv
CURRENT_FINAL,unrestricted_seed331,kabsch_source_rmsd,0.0099615075867623,reports/ecir_mvr/final_evidence_closure/18_FINAL_MAIN_TABLE.csv
CURRENT_FINAL,unrestricted_seed331,reference_rmsd,1.4237909677373073,reports/ecir_mvr/final_evidence_closure/18_FINAL_MAIN_TABLE.csv
CURRENT_FINAL,unrestricted_seed331,xtb_delta_median,-3.6027888948972286,reports/ecir_mvr/final_evidence_closure/18_FINAL_MAIN_TABLE.csv
CURRENT_FINAL,unrestricted_seed331,xtb_delta_lower_fraction,0.999,reports/ecir_mvr/final_evidence_closure/18_FINAL_MAIN_TABLE.csv
CURRENT_FINAL,unrestricted_seed331,finite_coordinate_rate,1.0,reports/ecir_mvr/final_evidence_closure/18_FINAL_MAIN_TABLE.csv
CURRENT_FINAL,unrestricted_seed353,records,5000.0,reports/ecir_mvr/final_evidence_closure/18_FINAL_MAIN_TABLE.csv
CURRENT_FINAL,unrestricted_seed353,molecules,2500.0,reports/ecir_mvr/final_evidence_closure/18_FINAL_MAIN_TABLE.csv
CURRENT_FINAL,unrestricted_seed353,v3d_overall,0.5058,reports/ecir_mvr/final_evidence_closure/18_FINAL_MAIN_TABLE.csv
CURRENT_FINAL,unrestricted_seed353,posebusters_overall,0.9322,reports/ecir_mvr/final_evidence_closure/18_FINAL_MAIN_TABLE.csv
CURRENT_FINAL,unrestricted_seed353,bond_raw_mae,0.0235789685859347,reports/ecir_mvr/final_evidence_closure/18_FINAL_MAIN_TABLE.csv
CURRENT_FINAL,unrestricted_seed353,angle_cosine_raw_mae,0.0464028572546748,reports/ecir_mvr/final_evidence_closure/18_FINAL_MAIN_TABLE.csv
CURRENT_FINAL,unrestricted_seed353,kabsch_source_rmsd,0.0097858248868957,reports/ecir_mvr/final_evidence_closure/18_FINAL_MAIN_TABLE.csv
CURRENT_FINAL,unrestricted_seed353,reference_rmsd,1.423564719834739,reports/ecir_mvr/final_evidence_closure/18_FINAL_MAIN_TABLE.csv
CURRENT_FINAL,unrestricted_seed353,xtb_delta_median,-3.6193323773954,reports/ecir_mvr/final_evidence_closure/18_FINAL_MAIN_TABLE.csv
CURRENT_FINAL,unrestricted_seed353,xtb_delta_lower_fraction,0.9988,reports/ecir_mvr/final_evidence_closure/18_FINAL_MAIN_TABLE.csv
CURRENT_FINAL,unrestricted_seed353,finite_coordinate_rate,1.0,reports/ecir_mvr/final_evidence_closure/18_FINAL_MAIN_TABLE.csv
CURRENT_FINAL,restricted_three_seed_mean_sd,records,5000.0,reports/ecir_mvr/final_evidence_closure/18_FINAL_MAIN_TABLE.csv
CURRENT_FINAL,restricted_three_seed_mean_sd,molecules,2500.0,reports/ecir_mvr/final_evidence_closure/18_FINAL_MAIN_TABLE.csv
CURRENT_FINAL,restricted_three_seed_mean_sd,v3d_overall,0.48233333333333334,reports/ecir_mvr/final_evidence_closure/18_FINAL_MAIN_TABLE.csv
CURRENT_FINAL,restricted_three_seed_mean_sd,posebusters_overall,0.9318,reports/ecir_mvr/final_evidence_closure/18_FINAL_MAIN_TABLE.csv
CURRENT_FINAL,restricted_three_seed_mean_sd,bond_raw_mae,0.023721622534291036,reports/ecir_mvr/final_evidence_closure/18_FINAL_MAIN_TABLE.csv
CURRENT_FINAL,restricted_three_seed_mean_sd,angle_cosine_raw_mae,0.046659477795029734,reports/ecir_mvr/final_evidence_closure/18_FINAL_MAIN_TABLE.csv
CURRENT_FINAL,restricted_three_seed_mean_sd,kabsch_source_rmsd,0.008128535101159498,reports/ecir_mvr/final_evidence_closure/18_FINAL_MAIN_TABLE.csv
CURRENT_FINAL,restricted_three_seed_mean_sd,reference_rmsd,1.42359715276596,reports/ecir_mvr/final_evidence_closure/18_FINAL_MAIN_TABLE.csv
CURRENT_FINAL,restricted_three_seed_mean_sd,xtb_delta_median,-3.4933123495960534,reports/ecir_mvr/final_evidence_closure/18_FINAL_MAIN_TABLE.csv
CURRENT_FINAL,restricted_three_seed_mean_sd,xtb_delta_lower_fraction,0.9989333333333333,reports/ecir_mvr/final_evidence_closure/18_FINAL_MAIN_TABLE.csv
CURRENT_FINAL,restricted_three_seed_mean_sd,finite_coordinate_rate,1.0,reports/ecir_mvr/final_evidence_closure/18_FINAL_MAIN_TABLE.csv
CURRENT_FINAL,restricted_three_seed_mean_sd,v3d_overall_seed_sd,0.0028728615235220096,reports/ecir_mvr/final_evidence_closure/18_FINAL_MAIN_TABLE.csv
CURRENT_FINAL,restricted_three_seed_mean_sd,posebusters_overall_seed_sd,0.0,reports/ecir_mvr/final_evidence_closure/18_FINAL_MAIN_TABLE.csv
CURRENT_FINAL,restricted_three_seed_mean_sd,bond_raw_mae_seed_sd,6.866111722798037e-05,reports/ecir_mvr/final_evidence_closure/18_FINAL_MAIN_TABLE.csv
CURRENT_FINAL,restricted_three_seed_mean_sd,angle_cosine_raw_mae_seed_sd,6.748065923902158e-05,reports/ecir_mvr/final_evidence_closure/18_FINAL_MAIN_TABLE.csv
CURRENT_FINAL,restricted_three_seed_mean_sd,kabsch_source_rmsd_seed_sd,0.00010686536031895259,reports/ecir_mvr/final_evidence_closure/18_FINAL_MAIN_TABLE.csv
CURRENT_FINAL,restricted_three_seed_mean_sd,reference_rmsd_seed_sd,1.1492575709615821e-05,reports/ecir_mvr/final_evidence_closure/18_FINAL_MAIN_TABLE.csv
CURRENT_FINAL,restricted_three_seed_mean_sd,xtb_delta_median_seed_sd,0.016676859312743948,reports/ecir_mvr/final_evidence_closure/18_FINAL_MAIN_TABLE.csv
CURRENT_FINAL,restricted_three_seed_mean_sd,xtb_delta_lower_fraction_seed_sd,0.00011547005383791244,reports/ecir_mvr/final_evidence_closure/18_FINAL_MAIN_TABLE.csv
CURRENT_FINAL,restricted_three_seed_mean_sd,finite_coordinate_rate_seed_sd,0.0,reports/ecir_mvr/final_evidence_closure/18_FINAL_MAIN_TABLE.csv
CURRENT_FINAL,unrestricted_three_seed_mean_sd,records,5000.0,reports/ecir_mvr/final_evidence_closure/18_FINAL_MAIN_TABLE.csv
CURRENT_FINAL,unrestricted_three_seed_mean_sd,molecules,2500.0,reports/ecir_mvr/final_evidence_closure/18_FINAL_MAIN_TABLE.csv
CURRENT_FINAL,unrestricted_three_seed_mean_sd,v3d_overall,0.5032,reports/ecir_mvr/final_evidence_closure/18_FINAL_MAIN_TABLE.csv
CURRENT_FINAL,unrestricted_three_seed_mean_sd,posebusters_overall,0.9321333333333333,reports/ecir_mvr/final_evidence_closure/18_FINAL_MAIN_TABLE.csv
CURRENT_FINAL,unrestricted_three_seed_mean_sd,bond_raw_mae,0.023357933654462832,reports/ecir_mvr/final_evidence_closure/18_FINAL_MAIN_TABLE.csv
CURRENT_FINAL,unrestricted_three_seed_mean_sd,angle_cosine_raw_mae,0.04653118936093634,reports/ecir_mvr/final_evidence_closure/18_FINAL_MAIN_TABLE.csv
CURRENT_FINAL,unrestricted_three_seed_mean_sd,kabsch_source_rmsd,0.009734412754016599,reports/ecir_mvr/final_evidence_closure/18_FINAL_MAIN_TABLE.csv
CURRENT_FINAL,unrestricted_three_seed_mean_sd,reference_rmsd,1.42373000068459,reports/ecir_mvr/final_evidence_closure/18_FINAL_MAIN_TABLE.csv
CURRENT_FINAL,unrestricted_three_seed_mean_sd,xtb_delta_median,-3.5968073895647135,reports/ecir_mvr/final_evidence_closure/18_FINAL_MAIN_TABLE.csv
CURRENT_FINAL,unrestricted_three_seed_mean_sd,xtb_delta_lower_fraction,0.9988666666666667,reports/ecir_mvr/final_evidence_closure/18_FINAL_MAIN_TABLE.csv
CURRENT_FINAL,unrestricted_three_seed_mean_sd,finite_coordinate_rate,1.0,reports/ecir_mvr/final_evidence_closure/18_FINAL_MAIN_TABLE.csv
CURRENT_FINAL,unrestricted_three_seed_mean_sd,v3d_overall_seed_sd,0.0028213471959332046,reports/ecir_mvr/final_evidence_closure/18_FINAL_MAIN_TABLE.csv
CURRENT_FINAL,unrestricted_three_seed_mean_sd,posebusters_overall_seed_sd,0.00030550504633041625,reports/ecir_mvr/final_evidence_closure/18_FINAL_MAIN_TABLE.csv
CURRENT_FINAL,unrestricted_three_seed_mean_sd,bond_raw_mae_seed_sd,0.0001915142247360073,reports/ecir_mvr/final_evidence_closure/18_FINAL_MAIN_TABLE.csv
CURRENT_FINAL,unrestricted_three_seed_mean_sd,angle_cosine_raw_mae_seed_sd,0.00012733314465746364,reports/ecir_mvr/final_evidence_closure/18_FINAL_MAIN_TABLE.csv
CURRENT_FINAL,unrestricted_three_seed_mean_sd,kabsch_source_rmsd_seed_sd,0.0002566918389514058,reports/ecir_mvr/final_evidence_closure/18_FINAL_MAIN_TABLE.csv
CURRENT_FINAL,unrestricted_three_seed_mean_sd,reference_rmsd_seed_sd,0.0001447689695980072,reports/ecir_mvr/final_evidence_closure/18_FINAL_MAIN_TABLE.csv
CURRENT_FINAL,unrestricted_three_seed_mean_sd,xtb_delta_median_seed_sd,0.026036259670689368,reports/ecir_mvr/final_evidence_closure/18_FINAL_MAIN_TABLE.csv
CURRENT_FINAL,unrestricted_three_seed_mean_sd,xtb_delta_lower_fraction_seed_sd,0.00011547005383791244,reports/ecir_mvr/final_evidence_closure/18_FINAL_MAIN_TABLE.csv
CURRENT_FINAL,unrestricted_three_seed_mean_sd,finite_coordinate_rate_seed_sd,0.0,reports/ecir_mvr/final_evidence_closure/18_FINAL_MAIN_TABLE.csv
CURRENT_FINAL,MMFF94s,records,5000.0,reports/ecir_mvr/final_evidence_closure/03_MMFF_FINAL_RESULTS.csv
CURRENT_FINAL,MMFF94s,molecules,2500.0,reports/ecir_mvr/final_evidence_closure/03_MMFF_FINAL_RESULTS.csv
CURRENT_FINAL,MMFF94s,v3d_overall,0.609,reports/ecir_mvr/final_evidence_closure/03_MMFF_FINAL_RESULTS.csv
CURRENT_FINAL,MMFF94s,posebusters_overall,0.9546,reports/ecir_mvr/final_evidence_closure/03_MMFF_FINAL_RESULTS.csv
CURRENT_FINAL,MMFF94s,bond_raw_mae,0.0229690384641255,reports/ecir_mvr/final_evidence_closure/03_MMFF_FINAL_RESULTS.csv
CURRENT_FINAL,MMFF94s,angle_cosine_raw_mae,0.0457456607286448,reports/ecir_mvr/final_evidence_closure/03_MMFF_FINAL_RESULTS.csv
CURRENT_FINAL,MMFF94s,kabsch_source_rmsd,0.8624400291009988,reports/ecir_mvr/final_evidence_closure/03_MMFF_FINAL_RESULTS.csv
CURRENT_FINAL,MMFF94s,reference_rmsd,1.450865842991124,reports/ecir_mvr/final_evidence_closure/03_MMFF_FINAL_RESULTS.csv
CURRENT_FINAL,MMFF94s,xtb_delta_median,2.242690448645303,reports/ecir_mvr/final_evidence_closure/03_MMFF_FINAL_RESULTS.csv
CURRENT_FINAL,MMFF94s,xtb_delta_lower_fraction,0.2754,reports/ecir_mvr/final_evidence_closure/03_MMFF_FINAL_RESULTS.csv
CURRENT_FINAL,MMFF94s,finite_coordinate_rate,1.0,reports/ecir_mvr/final_evidence_closure/03_MMFF_FINAL_RESULTS.csv
CURRENT_FINAL,MMFF94s,mmff_optimization_success_rate,0.9954,reports/ecir_mvr/final_evidence_closure/03_MMFF_FINAL_RESULTS.csv
CURRENT_FINAL,reference_context,records,5000.0,reports/ecir_mvr/final_evidence_closure/09_REFERENCE_CONTEXTUAL_METRICS.csv
CURRENT_FINAL,reference_context,molecules,2500.0,reports/ecir_mvr/final_evidence_closure/09_REFERENCE_CONTEXTUAL_METRICS.csv
CURRENT_FINAL,reference_context,v3d_overall,0.0156,reports/ecir_mvr/final_evidence_closure/09_REFERENCE_CONTEXTUAL_METRICS.csv
CURRENT_FINAL,reference_context,posebusters_overall,0.8876,reports/ecir_mvr/final_evidence_closure/09_REFERENCE_CONTEXTUAL_METRICS.csv
CURRENT_FINAL,reference_context,bond_raw_mae,0.0,reports/ecir_mvr/final_evidence_closure/09_REFERENCE_CONTEXTUAL_METRICS.csv
CURRENT_FINAL,reference_context,angle_cosine_raw_mae,0.0,reports/ecir_mvr/final_evidence_closure/09_REFERENCE_CONTEXTUAL_METRICS.csv
CURRENT_FINAL,reference_context,kabsch_source_rmsd,2.3803525008960773,reports/ecir_mvr/final_evidence_closure/09_REFERENCE_CONTEXTUAL_METRICS.csv
CURRENT_FINAL,reference_context,reference_rmsd,1.5977511601760601e-15,reports/ecir_mvr/final_evidence_closure/09_REFERENCE_CONTEXTUAL_METRICS.csv
CURRENT_FINAL,reference_context,xtb_delta_median,36.93506737621117,reports/ecir_mvr/final_evidence_closure/09_REFERENCE_CONTEXTUAL_METRICS.csv
CURRENT_FINAL,reference_context,finite_coordinate_rate,1.0,reports/ecir_mvr/final_evidence_closure/09_REFERENCE_CONTEXTUAL_METRICS.csv
REFERENCE,source,records,5000.0,reports/ecir_mvr/final_evidence_closure/10_REFERENCE_FIDELITY_METRICS.csv
REFERENCE,source,v3d,0.2226,reports/ecir_mvr/final_evidence_closure/10_REFERENCE_FIDELITY_METRICS.csv
REFERENCE,source,pb,0.9314,reports/ecir_mvr/final_evidence_closure/10_REFERENCE_FIDELITY_METRICS.csv
REFERENCE,source,source_rmsd,1.8840420015446218e-15,reports/ecir_mvr/final_evidence_closure/10_REFERENCE_FIDELITY_METRICS.csv
REFERENCE,source,reference_rmsd,1.4232389687961942,reports/ecir_mvr/final_evidence_closure/10_REFERENCE_FIDELITY_METRICS.csv
REFERENCE,source,bond_raw_mae,0.0268122347641244,reports/ecir_mvr/final_evidence_closure/10_REFERENCE_FIDELITY_METRICS.csv
REFERENCE,source,angle_cosine_raw_mae,0.0480026646318544,reports/ecir_mvr/final_evidence_closure/10_REFERENCE_FIDELITY_METRICS.csv
REFERENCE,unrestricted_seed307,records,5000.0,reports/ecir_mvr/final_evidence_closure/10_REFERENCE_FIDELITY_METRICS.csv
REFERENCE,unrestricted_seed307,v3d,0.5036,reports/ecir_mvr/final_evidence_closure/10_REFERENCE_FIDELITY_METRICS.csv
REFERENCE,unrestricted_seed307,pb,0.9318,reports/ecir_mvr/final_evidence_closure/10_REFERENCE_FIDELITY_METRICS.csv
REFERENCE,unrestricted_seed307,source_rmsd,0.0094559057883918,reports/ecir_mvr/final_evidence_closure/10_REFERENCE_FIDELITY_METRICS.csv
REFERENCE,unrestricted_seed307,reference_rmsd,1.4238343144817236,reports/ecir_mvr/final_evidence_closure/10_REFERENCE_FIDELITY_METRICS.csv
REFERENCE,unrestricted_seed307,bond_raw_mae,0.023253363253394,reports/ecir_mvr/final_evidence_closure/10_REFERENCE_FIDELITY_METRICS.csv
REFERENCE,unrestricted_seed307,angle_cosine_raw_mae,0.0466574994612898,reports/ecir_mvr/final_evidence_closure/10_REFERENCE_FIDELITY_METRICS.csv
REFERENCE,unrestricted_seed331,records,5000.0,reports/ecir_mvr/final_evidence_closure/10_REFERENCE_FIDELITY_METRICS.csv
REFERENCE,unrestricted_seed331,v3d,0.5002,reports/ecir_mvr/final_evidence_closure/10_REFERENCE_FIDELITY_METRICS.csv
REFERENCE,unrestricted_seed331,pb,0.9324,reports/ecir_mvr/final_evidence_closure/10_REFERENCE_FIDELITY_METRICS.csv
REFERENCE,unrestricted_seed331,source_rmsd,0.0099615075867623,reports/ecir_mvr/final_evidence_closure/10_REFERENCE_FIDELITY_METRICS.csv
REFERENCE,unrestricted_seed331,reference_rmsd,1.4237909677373073,reports/ecir_mvr/final_evidence_closure/10_REFERENCE_FIDELITY_METRICS.csv
REFERENCE,unrestricted_seed331,bond_raw_mae,0.0232414691240598,reports/ecir_mvr/final_evidence_closure/10_REFERENCE_FIDELITY_METRICS.csv
REFERENCE,unrestricted_seed331,angle_cosine_raw_mae,0.0465332113668444,reports/ecir_mvr/final_evidence_closure/10_REFERENCE_FIDELITY_METRICS.csv
REFERENCE,unrestricted_seed353,records,5000.0,reports/ecir_mvr/final_evidence_closure/10_REFERENCE_FIDELITY_METRICS.csv
REFERENCE,unrestricted_seed353,v3d,0.5058,reports/ecir_mvr/final_evidence_closure/10_REFERENCE_FIDELITY_METRICS.csv
REFERENCE,unrestricted_seed353,pb,0.9322,reports/ecir_mvr/final_evidence_closure/10_REFERENCE_FIDELITY_METRICS.csv
REFERENCE,unrestricted_seed353,source_rmsd,0.0097858248868957,reports/ecir_mvr/final_evidence_closure/10_REFERENCE_FIDELITY_METRICS.csv
REFERENCE,unrestricted_seed353,reference_rmsd,1.423564719834739,reports/ecir_mvr/final_evidence_closure/10_REFERENCE_FIDELITY_METRICS.csv
REFERENCE,unrestricted_seed353,bond_raw_mae,0.0235789685859347,reports/ecir_mvr/final_evidence_closure/10_REFERENCE_FIDELITY_METRICS.csv
REFERENCE,unrestricted_seed353,angle_cosine_raw_mae,0.0464028572546748,reports/ecir_mvr/final_evidence_closure/10_REFERENCE_FIDELITY_METRICS.csv
REFERENCE,mmff94s,records,5000.0,reports/ecir_mvr/final_evidence_closure/10_REFERENCE_FIDELITY_METRICS.csv
REFERENCE,mmff94s,v3d,0.609,reports/ecir_mvr/final_evidence_closure/10_REFERENCE_FIDELITY_METRICS.csv
REFERENCE,mmff94s,pb,0.9546,reports/ecir_mvr/final_evidence_closure/10_REFERENCE_FIDELITY_METRICS.csv
REFERENCE,mmff94s,source_rmsd,0.8624400291009988,reports/ecir_mvr/final_evidence_closure/10_REFERENCE_FIDELITY_METRICS.csv
REFERENCE,mmff94s,reference_rmsd,1.450865842991124,reports/ecir_mvr/final_evidence_closure/10_REFERENCE_FIDELITY_METRICS.csv
REFERENCE,mmff94s,bond_raw_mae,0.0229690384641255,reports/ecir_mvr/final_evidence_closure/10_REFERENCE_FIDELITY_METRICS.csv
REFERENCE,mmff94s,angle_cosine_raw_mae,0.0457456607286448,reports/ecir_mvr/final_evidence_closure/10_REFERENCE_FIDELITY_METRICS.csv
REFERENCE,reference_context,records,5000.0,reports/ecir_mvr/final_evidence_closure/09_REFERENCE_CONTEXTUAL_METRICS.csv
REFERENCE,reference_context,v3d,0.0156,reports/ecir_mvr/final_evidence_closure/09_REFERENCE_CONTEXTUAL_METRICS.csv
REFERENCE,reference_context,pb,0.8876,reports/ecir_mvr/final_evidence_closure/09_REFERENCE_CONTEXTUAL_METRICS.csv
REFERENCE,reference_context,source_rmsd,2.3803525008960773,reports/ecir_mvr/final_evidence_closure/09_REFERENCE_CONTEXTUAL_METRICS.csv
REFERENCE,reference_context,reference_rmsd,1.5977511601760601e-15,reports/ecir_mvr/final_evidence_closure/09_REFERENCE_CONTEXTUAL_METRICS.csv
REFERENCE,reference_context,bond_raw_mae,0.0,reports/ecir_mvr/final_evidence_closure/09_REFERENCE_CONTEXTUAL_METRICS.csv
REFERENCE,reference_context,angle_cosine_raw_mae,0.0,reports/ecir_mvr/final_evidence_closure/09_REFERENCE_CONTEXTUAL_METRICS.csv
CROSS_UPSTREAM_AVGFLOW,AVGFLOW_RAW,records,10000.0,reports/ecir_mvr/sixs_final_cross_upstream_unrestricted/avgflow/METHOD_SUMMARY.csv; reports/ecir_mvr/final_evidence_closure/AVG_REFERENCE_METRICS.csv
CROSS_UPSTREAM_AVGFLOW,AVGFLOW_RAW,reference_records,7908.0,reports/ecir_mvr/sixs_final_cross_upstream_unrestricted/avgflow/METHOD_SUMMARY.csv; reports/ecir_mvr/final_evidence_closure/AVG_REFERENCE_METRICS.csv
CROSS_UPSTREAM_AVGFLOW,AVGFLOW_RAW,V3D,0.5472,reports/ecir_mvr/sixs_final_cross_upstream_unrestricted/avgflow/METHOD_SUMMARY.csv; reports/ecir_mvr/final_evidence_closure/AVG_REFERENCE_METRICS.csv
CROSS_UPSTREAM_AVGFLOW,AVGFLOW_RAW,PB,0.9529,reports/ecir_mvr/sixs_final_cross_upstream_unrestricted/avgflow/METHOD_SUMMARY.csv; reports/ecir_mvr/final_evidence_closure/AVG_REFERENCE_METRICS.csv
CROSS_UPSTREAM_AVGFLOW,AVGFLOW_RAW,source_rmsd_mean,0.0,reports/ecir_mvr/sixs_final_cross_upstream_unrestricted/avgflow/METHOD_SUMMARY.csv; reports/ecir_mvr/final_evidence_closure/AVG_REFERENCE_METRICS.csv
CROSS_UPSTREAM_AVGFLOW,AVGFLOW_RAW,source_rmsd_median,0.0,reports/ecir_mvr/sixs_final_cross_upstream_unrestricted/avgflow/METHOD_SUMMARY.csv; reports/ecir_mvr/final_evidence_closure/AVG_REFERENCE_METRICS.csv
CROSS_UPSTREAM_AVGFLOW,AVGFLOW_RAW,source_rmsd_p95,0.0,reports/ecir_mvr/sixs_final_cross_upstream_unrestricted/avgflow/METHOD_SUMMARY.csv; reports/ecir_mvr/final_evidence_closure/AVG_REFERENCE_METRICS.csv
CROSS_UPSTREAM_AVGFLOW,AVGFLOW_RAW,source_rmsd_p99,0.0,reports/ecir_mvr/sixs_final_cross_upstream_unrestricted/avgflow/METHOD_SUMMARY.csv; reports/ecir_mvr/final_evidence_closure/AVG_REFERENCE_METRICS.csv
CROSS_UPSTREAM_AVGFLOW,AVGFLOW_RAW,reference_rmsd,0.6759700617388053,reports/ecir_mvr/sixs_final_cross_upstream_unrestricted/avgflow/METHOD_SUMMARY.csv; reports/ecir_mvr/final_evidence_closure/AVG_REFERENCE_METRICS.csv
CROSS_UPSTREAM_AVGFLOW,AVGFLOW_RAW,COV_P,0.6275624210628582,reports/ecir_mvr/sixs_final_cross_upstream_unrestricted/avgflow/METHOD_SUMMARY.csv; reports/ecir_mvr/final_evidence_closure/AVG_REFERENCE_METRICS.csv
CROSS_UPSTREAM_AVGFLOW,AVGFLOW_RAW,COV_R,0.212002215758887,reports/ecir_mvr/sixs_final_cross_upstream_unrestricted/avgflow/METHOD_SUMMARY.csv; reports/ecir_mvr/final_evidence_closure/AVG_REFERENCE_METRICS.csv
CROSS_UPSTREAM_AVGFLOW,AVGFLOW_RAW,AMR_P,0.681062217893108,reports/ecir_mvr/sixs_final_cross_upstream_unrestricted/avgflow/METHOD_SUMMARY.csv; reports/ecir_mvr/final_evidence_closure/AVG_REFERENCE_METRICS.csv
CROSS_UPSTREAM_AVGFLOW,AVGFLOW_RAW,AMR_R,1.3659168445969705,reports/ecir_mvr/sixs_final_cross_upstream_unrestricted/avgflow/METHOD_SUMMARY.csv; reports/ecir_mvr/final_evidence_closure/AVG_REFERENCE_METRICS.csv
CROSS_UPSTREAM_AVGFLOW,AVGFLOW_SIXS_U_SEED307,seed,307.0,reports/ecir_mvr/sixs_final_cross_upstream_unrestricted/avgflow/METHOD_SUMMARY.csv; reports/ecir_mvr/final_evidence_closure/AVG_REFERENCE_METRICS.csv
CROSS_UPSTREAM_AVGFLOW,AVGFLOW_SIXS_U_SEED307,records,10000.0,reports/ecir_mvr/sixs_final_cross_upstream_unrestricted/avgflow/METHOD_SUMMARY.csv; reports/ecir_mvr/final_evidence_closure/AVG_REFERENCE_METRICS.csv
CROSS_UPSTREAM_AVGFLOW,AVGFLOW_SIXS_U_SEED307,reference_records,7908.0,reports/ecir_mvr/sixs_final_cross_upstream_unrestricted/avgflow/METHOD_SUMMARY.csv; reports/ecir_mvr/final_evidence_closure/AVG_REFERENCE_METRICS.csv
CROSS_UPSTREAM_AVGFLOW,AVGFLOW_SIXS_U_SEED307,V3D,0.5708,reports/ecir_mvr/sixs_final_cross_upstream_unrestricted/avgflow/METHOD_SUMMARY.csv; reports/ecir_mvr/final_evidence_closure/AVG_REFERENCE_METRICS.csv
CROSS_UPSTREAM_AVGFLOW,AVGFLOW_SIXS_U_SEED307,PB,0.953,reports/ecir_mvr/sixs_final_cross_upstream_unrestricted/avgflow/METHOD_SUMMARY.csv; reports/ecir_mvr/final_evidence_closure/AVG_REFERENCE_METRICS.csv
CROSS_UPSTREAM_AVGFLOW,AVGFLOW_SIXS_U_SEED307,source_rmsd_mean,0.0034811634243233,reports/ecir_mvr/sixs_final_cross_upstream_unrestricted/avgflow/METHOD_SUMMARY.csv; reports/ecir_mvr/final_evidence_closure/AVG_REFERENCE_METRICS.csv
CROSS_UPSTREAM_AVGFLOW,AVGFLOW_SIXS_U_SEED307,source_rmsd_median,0.003339214483276,reports/ecir_mvr/sixs_final_cross_upstream_unrestricted/avgflow/METHOD_SUMMARY.csv; reports/ecir_mvr/final_evidence_closure/AVG_REFERENCE_METRICS.csv
CROSS_UPSTREAM_AVGFLOW,AVGFLOW_SIXS_U_SEED307,source_rmsd_p95,0.0043102632509544,reports/ecir_mvr/sixs_final_cross_upstream_unrestricted/avgflow/METHOD_SUMMARY.csv; reports/ecir_mvr/final_evidence_closure/AVG_REFERENCE_METRICS.csv
CROSS_UPSTREAM_AVGFLOW,AVGFLOW_SIXS_U_SEED307,source_rmsd_p99,0.0053494637319818,reports/ecir_mvr/sixs_final_cross_upstream_unrestricted/avgflow/METHOD_SUMMARY.csv; reports/ecir_mvr/final_evidence_closure/AVG_REFERENCE_METRICS.csv
CROSS_UPSTREAM_AVGFLOW,AVGFLOW_SIXS_U_SEED307,reference_rmsd,0.6760316396578695,reports/ecir_mvr/sixs_final_cross_upstream_unrestricted/avgflow/METHOD_SUMMARY.csv; reports/ecir_mvr/final_evidence_closure/AVG_REFERENCE_METRICS.csv
CROSS_UPSTREAM_AVGFLOW,AVGFLOW_SIXS_U_SEED307,finite_coordinate_rate,1.0,reports/ecir_mvr/sixs_final_cross_upstream_unrestricted/avgflow/METHOD_SUMMARY.csv; reports/ecir_mvr/final_evidence_closure/AVG_REFERENCE_METRICS.csv
CROSS_UPSTREAM_AVGFLOW,AVGFLOW_SIXS_U_SEED307,tau_median,0.003339214483276,reports/ecir_mvr/sixs_final_cross_upstream_unrestricted/avgflow/METHOD_SUMMARY.csv; reports/ecir_mvr/final_evidence_closure/AVG_REFERENCE_METRICS.csv
CROSS_UPSTREAM_AVGFLOW,AVGFLOW_SIXS_U_SEED307,tau_p95,0.0043102632509544,reports/ecir_mvr/sixs_final_cross_upstream_unrestricted/avgflow/METHOD_SUMMARY.csv; reports/ecir_mvr/final_evidence_closure/AVG_REFERENCE_METRICS.csv
CROSS_UPSTREAM_AVGFLOW,AVGFLOW_SIXS_U_SEED307,tau_p99,0.0053494637319818,reports/ecir_mvr/sixs_final_cross_upstream_unrestricted/avgflow/METHOD_SUMMARY.csv; reports/ecir_mvr/final_evidence_closure/AVG_REFERENCE_METRICS.csv
CROSS_UPSTREAM_AVGFLOW,AVGFLOW_SIXS_U_SEED307,tau_max,0.0543897785246372,reports/ecir_mvr/sixs_final_cross_upstream_unrestricted/avgflow/METHOD_SUMMARY.csv; reports/ecir_mvr/final_evidence_closure/AVG_REFERENCE_METRICS.csv
CROSS_UPSTREAM_AVGFLOW,AVGFLOW_SIXS_U_SEED307,xtb_median_delta_e,0.2822487664305929,reports/ecir_mvr/sixs_final_cross_upstream_unrestricted/avgflow/METHOD_SUMMARY.csv; reports/ecir_mvr/final_evidence_closure/AVG_REFERENCE_METRICS.csv
CROSS_UPSTREAM_AVGFLOW,AVGFLOW_SIXS_U_SEED307,xtb_trimmed_mean_delta_e,0.2960552359929438,reports/ecir_mvr/sixs_final_cross_upstream_unrestricted/avgflow/METHOD_SUMMARY.csv; reports/ecir_mvr/final_evidence_closure/AVG_REFERENCE_METRICS.csv
CROSS_UPSTREAM_AVGFLOW,AVGFLOW_SIXS_U_SEED307,xtb_lower_fraction,0.018,reports/ecir_mvr/sixs_final_cross_upstream_unrestricted/avgflow/METHOD_SUMMARY.csv; reports/ecir_mvr/final_evidence_closure/AVG_REFERENCE_METRICS.csv
CROSS_UPSTREAM_AVGFLOW,AVGFLOW_SIXS_U_SEED307,xtb_p90,0.4980385419872394,reports/ecir_mvr/sixs_final_cross_upstream_unrestricted/avgflow/METHOD_SUMMARY.csv; reports/ecir_mvr/final_evidence_closure/AVG_REFERENCE_METRICS.csv
CROSS_UPSTREAM_AVGFLOW,AVGFLOW_SIXS_U_SEED307,xtb_p95,0.5817818991397422,reports/ecir_mvr/sixs_final_cross_upstream_unrestricted/avgflow/METHOD_SUMMARY.csv; reports/ecir_mvr/final_evidence_closure/AVG_REFERENCE_METRICS.csv
CROSS_UPSTREAM_AVGFLOW,AVGFLOW_SIXS_U_SEED307,xtb_p99,0.8983121282954737,reports/ecir_mvr/sixs_final_cross_upstream_unrestricted/avgflow/METHOD_SUMMARY.csv; reports/ecir_mvr/final_evidence_closure/AVG_REFERENCE_METRICS.csv
CROSS_UPSTREAM_AVGFLOW,AVGFLOW_SIXS_U_SEED307,xtb_gt25,0.0,reports/ecir_mvr/sixs_final_cross_upstream_unrestricted/avgflow/METHOD_SUMMARY.csv; reports/ecir_mvr/final_evidence_closure/AVG_REFERENCE_METRICS.csv
CROSS_UPSTREAM_AVGFLOW,AVGFLOW_SIXS_U_SEED307,xtb_gt50,0.0,reports/ecir_mvr/sixs_final_cross_upstream_unrestricted/avgflow/METHOD_SUMMARY.csv; reports/ecir_mvr/final_evidence_closure/AVG_REFERENCE_METRICS.csv
CROSS_UPSTREAM_AVGFLOW,AVGFLOW_SIXS_U_SEED307,xtb_gt100,0.0,reports/ecir_mvr/sixs_final_cross_upstream_unrestricted/avgflow/METHOD_SUMMARY.csv; reports/ecir_mvr/final_evidence_closure/AVG_REFERENCE_METRICS.csv
CROSS_UPSTREAM_AVGFLOW,AVGFLOW_SIXS_U_SEED307,COV_P,0.6276595744680851,reports/ecir_mvr/sixs_final_cross_upstream_unrestricted/avgflow/METHOD_SUMMARY.csv; reports/ecir_mvr/final_evidence_closure/AVG_REFERENCE_METRICS.csv
CROSS_UPSTREAM_AVGFLOW,AVGFLOW_SIXS_U_SEED307,COV_R,0.211946605846853,reports/ecir_mvr/sixs_final_cross_upstream_unrestricted/avgflow/METHOD_SUMMARY.csv; reports/ecir_mvr/final_evidence_closure/AVG_REFERENCE_METRICS.csv
CROSS_UPSTREAM_AVGFLOW,AVGFLOW_SIXS_U_SEED307,AMR_P,0.6811178646772086,reports/ecir_mvr/sixs_final_cross_upstream_unrestricted/avgflow/METHOD_SUMMARY.csv; reports/ecir_mvr/final_evidence_closure/AVG_REFERENCE_METRICS.csv
CROSS_UPSTREAM_AVGFLOW,AVGFLOW_SIXS_U_SEED307,AMR_R,1.365919519119294,reports/ecir_mvr/sixs_final_cross_upstream_unrestricted/avgflow/METHOD_SUMMARY.csv; reports/ecir_mvr/final_evidence_closure/AVG_REFERENCE_METRICS.csv
CROSS_UPSTREAM_AVGFLOW,AVGFLOW_SIXS_U_SEED307,xtb_attempted,10000.0,reports/ecir_mvr/sixs_final_cross_upstream_unrestricted/avgflow/METHOD_SUMMARY.csv; reports/ecir_mvr/final_evidence_closure/AVG_REFERENCE_METRICS.csv
CROSS_UPSTREAM_AVGFLOW,AVGFLOW_SIXS_U_SEED307,xtb_valid,10000.0,reports/ecir_mvr/sixs_final_cross_upstream_unrestricted/avgflow/METHOD_SUMMARY.csv; reports/ecir_mvr/final_evidence_closure/AVG_REFERENCE_METRICS.csv
CROSS_UPSTREAM_AVGFLOW,AVGFLOW_SIXS_U_SEED307,xtb_failed,0.0,reports/ecir_mvr/sixs_final_cross_upstream_unrestricted/avgflow/METHOD_SUMMARY.csv; reports/ecir_mvr/final_evidence_closure/AVG_REFERENCE_METRICS.csv
CROSS_UPSTREAM_AVGFLOW,AVGFLOW_SIXS_U_SEED331,seed,331.0,reports/ecir_mvr/sixs_final_cross_upstream_unrestricted/avgflow/METHOD_SUMMARY.csv; reports/ecir_mvr/final_evidence_closure/AVG_REFERENCE_METRICS.csv
CROSS_UPSTREAM_AVGFLOW,AVGFLOW_SIXS_U_SEED331,records,10000.0,reports/ecir_mvr/sixs_final_cross_upstream_unrestricted/avgflow/METHOD_SUMMARY.csv; reports/ecir_mvr/final_evidence_closure/AVG_REFERENCE_METRICS.csv
CROSS_UPSTREAM_AVGFLOW,AVGFLOW_SIXS_U_SEED331,reference_records,7908.0,reports/ecir_mvr/sixs_final_cross_upstream_unrestricted/avgflow/METHOD_SUMMARY.csv; reports/ecir_mvr/final_evidence_closure/AVG_REFERENCE_METRICS.csv
CROSS_UPSTREAM_AVGFLOW,AVGFLOW_SIXS_U_SEED331,V3D,0.5751,reports/ecir_mvr/sixs_final_cross_upstream_unrestricted/avgflow/METHOD_SUMMARY.csv; reports/ecir_mvr/final_evidence_closure/AVG_REFERENCE_METRICS.csv
CROSS_UPSTREAM_AVGFLOW,AVGFLOW_SIXS_U_SEED331,PB,0.9531,reports/ecir_mvr/sixs_final_cross_upstream_unrestricted/avgflow/METHOD_SUMMARY.csv; reports/ecir_mvr/final_evidence_closure/AVG_REFERENCE_METRICS.csv
CROSS_UPSTREAM_AVGFLOW,AVGFLOW_SIXS_U_SEED331,source_rmsd_mean,0.0035957203081343,reports/ecir_mvr/sixs_final_cross_upstream_unrestricted/avgflow/METHOD_SUMMARY.csv; reports/ecir_mvr/final_evidence_closure/AVG_REFERENCE_METRICS.csv
CROSS_UPSTREAM_AVGFLOW,AVGFLOW_SIXS_U_SEED331,source_rmsd_median,0.0034612490562722,reports/ecir_mvr/sixs_final_cross_upstream_unrestricted/avgflow/METHOD_SUMMARY.csv; reports/ecir_mvr/final_evidence_closure/AVG_REFERENCE_METRICS.csv
CROSS_UPSTREAM_AVGFLOW,AVGFLOW_SIXS_U_SEED331,source_rmsd_p95,0.0043420689878985,reports/ecir_mvr/sixs_final_cross_upstream_unrestricted/avgflow/METHOD_SUMMARY.csv; reports/ecir_mvr/final_evidence_closure/AVG_REFERENCE_METRICS.csv
CROSS_UPSTREAM_AVGFLOW,AVGFLOW_SIXS_U_SEED331,source_rmsd_p99,0.0054536923393607,reports/ecir_mvr/sixs_final_cross_upstream_unrestricted/avgflow/METHOD_SUMMARY.csv; reports/ecir_mvr/final_evidence_closure/AVG_REFERENCE_METRICS.csv
CROSS_UPSTREAM_AVGFLOW,AVGFLOW_SIXS_U_SEED331,reference_rmsd,0.6760193543307206,reports/ecir_mvr/sixs_final_cross_upstream_unrestricted/avgflow/METHOD_SUMMARY.csv; reports/ecir_mvr/final_evidence_closure/AVG_REFERENCE_METRICS.csv
CROSS_UPSTREAM_AVGFLOW,AVGFLOW_SIXS_U_SEED331,finite_coordinate_rate,1.0,reports/ecir_mvr/sixs_final_cross_upstream_unrestricted/avgflow/METHOD_SUMMARY.csv; reports/ecir_mvr/final_evidence_closure/AVG_REFERENCE_METRICS.csv
CROSS_UPSTREAM_AVGFLOW,AVGFLOW_SIXS_U_SEED331,tau_median,0.0034612490562722,reports/ecir_mvr/sixs_final_cross_upstream_unrestricted/avgflow/METHOD_SUMMARY.csv; reports/ecir_mvr/final_evidence_closure/AVG_REFERENCE_METRICS.csv
CROSS_UPSTREAM_AVGFLOW,AVGFLOW_SIXS_U_SEED331,tau_p95,0.0043420689878985,reports/ecir_mvr/sixs_final_cross_upstream_unrestricted/avgflow/METHOD_SUMMARY.csv; reports/ecir_mvr/final_evidence_closure/AVG_REFERENCE_METRICS.csv
CROSS_UPSTREAM_AVGFLOW,AVGFLOW_SIXS_U_SEED331,tau_p99,0.0054536923393607,reports/ecir_mvr/sixs_final_cross_upstream_unrestricted/avgflow/METHOD_SUMMARY.csv; reports/ecir_mvr/final_evidence_closure/AVG_REFERENCE_METRICS.csv
CROSS_UPSTREAM_AVGFLOW,AVGFLOW_SIXS_U_SEED331,tau_max,0.0519641526043415,reports/ecir_mvr/sixs_final_cross_upstream_unrestricted/avgflow/METHOD_SUMMARY.csv; reports/ecir_mvr/final_evidence_closure/AVG_REFERENCE_METRICS.csv
CROSS_UPSTREAM_AVGFLOW,AVGFLOW_SIXS_U_SEED331,xtb_median_delta_e,0.3015569954307664,reports/ecir_mvr/sixs_final_cross_upstream_unrestricted/avgflow/METHOD_SUMMARY.csv; reports/ecir_mvr/final_evidence_closure/AVG_REFERENCE_METRICS.csv
CROSS_UPSTREAM_AVGFLOW,AVGFLOW_SIXS_U_SEED331,xtb_trimmed_mean_delta_e,0.3136023638751387,reports/ecir_mvr/sixs_final_cross_upstream_unrestricted/avgflow/METHOD_SUMMARY.csv; reports/ecir_mvr/final_evidence_closure/AVG_REFERENCE_METRICS.csv
CROSS_UPSTREAM_AVGFLOW,AVGFLOW_SIXS_U_SEED331,xtb_lower_fraction,0.0169,reports/ecir_mvr/sixs_final_cross_upstream_unrestricted/avgflow/METHOD_SUMMARY.csv; reports/ecir_mvr/final_evidence_closure/AVG_REFERENCE_METRICS.csv
CROSS_UPSTREAM_AVGFLOW,AVGFLOW_SIXS_U_SEED331,xtb_p90,0.5096411516232806,reports/ecir_mvr/sixs_final_cross_upstream_unrestricted/avgflow/METHOD_SUMMARY.csv; reports/ecir_mvr/final_evidence_closure/AVG_REFERENCE_METRICS.csv
CROSS_UPSTREAM_AVGFLOW,AVGFLOW_SIXS_U_SEED331,xtb_p95,0.5972036166129634,reports/ecir_mvr/sixs_final_cross_upstream_unrestricted/avgflow/METHOD_SUMMARY.csv; reports/ecir_mvr/final_evidence_closure/AVG_REFERENCE_METRICS.csv
CROSS_UPSTREAM_AVGFLOW,AVGFLOW_SIXS_U_SEED331,xtb_p99,0.8939189742853576,reports/ecir_mvr/sixs_final_cross_upstream_unrestricted/avgflow/METHOD_SUMMARY.csv; reports/ecir_mvr/final_evidence_closure/AVG_REFERENCE_METRICS.csv
CROSS_UPSTREAM_AVGFLOW,AVGFLOW_SIXS_U_SEED331,xtb_gt25,0.0,reports/ecir_mvr/sixs_final_cross_upstream_unrestricted/avgflow/METHOD_SUMMARY.csv; reports/ecir_mvr/final_evidence_closure/AVG_REFERENCE_METRICS.csv
CROSS_UPSTREAM_AVGFLOW,AVGFLOW_SIXS_U_SEED331,xtb_gt50,0.0,reports/ecir_mvr/sixs_final_cross_upstream_unrestricted/avgflow/METHOD_SUMMARY.csv; reports/ecir_mvr/final_evidence_closure/AVG_REFERENCE_METRICS.csv
CROSS_UPSTREAM_AVGFLOW,AVGFLOW_SIXS_U_SEED331,xtb_gt100,0.0,reports/ecir_mvr/sixs_final_cross_upstream_unrestricted/avgflow/METHOD_SUMMARY.csv; reports/ecir_mvr/final_evidence_closure/AVG_REFERENCE_METRICS.csv
CROSS_UPSTREAM_AVGFLOW,AVGFLOW_SIXS_U_SEED331,COV_P,0.6276595744680851,reports/ecir_mvr/sixs_final_cross_upstream_unrestricted/avgflow/METHOD_SUMMARY.csv; reports/ecir_mvr/final_evidence_closure/AVG_REFERENCE_METRICS.csv
CROSS_UPSTREAM_AVGFLOW,AVGFLOW_SIXS_U_SEED331,COV_R,0.2119660365278983,reports/ecir_mvr/sixs_final_cross_upstream_unrestricted/avgflow/METHOD_SUMMARY.csv; reports/ecir_mvr/final_evidence_closure/AVG_REFERENCE_METRICS.csv
CROSS_UPSTREAM_AVGFLOW,AVGFLOW_SIXS_U_SEED331,AMR_P,0.681104960508179,reports/ecir_mvr/sixs_final_cross_upstream_unrestricted/avgflow/METHOD_SUMMARY.csv; reports/ecir_mvr/final_evidence_closure/AVG_REFERENCE_METRICS.csv
CROSS_UPSTREAM_AVGFLOW,AVGFLOW_SIXS_U_SEED331,AMR_R,1.3658939004650976,reports/ecir_mvr/sixs_final_cross_upstream_unrestricted/avgflow/METHOD_SUMMARY.csv; reports/ecir_mvr/final_evidence_closure/AVG_REFERENCE_METRICS.csv
CROSS_UPSTREAM_AVGFLOW,AVGFLOW_SIXS_U_SEED331,xtb_attempted,10000.0,reports/ecir_mvr/sixs_final_cross_upstream_unrestricted/avgflow/METHOD_SUMMARY.csv; reports/ecir_mvr/final_evidence_closure/AVG_REFERENCE_METRICS.csv
CROSS_UPSTREAM_AVGFLOW,AVGFLOW_SIXS_U_SEED331,xtb_valid,10000.0,reports/ecir_mvr/sixs_final_cross_upstream_unrestricted/avgflow/METHOD_SUMMARY.csv; reports/ecir_mvr/final_evidence_closure/AVG_REFERENCE_METRICS.csv
CROSS_UPSTREAM_AVGFLOW,AVGFLOW_SIXS_U_SEED331,xtb_failed,0.0,reports/ecir_mvr/sixs_final_cross_upstream_unrestricted/avgflow/METHOD_SUMMARY.csv; reports/ecir_mvr/final_evidence_closure/AVG_REFERENCE_METRICS.csv
CROSS_UPSTREAM_AVGFLOW,AVGFLOW_SIXS_U_SEED353,seed,353.0,reports/ecir_mvr/sixs_final_cross_upstream_unrestricted/avgflow/METHOD_SUMMARY.csv; reports/ecir_mvr/final_evidence_closure/AVG_REFERENCE_METRICS.csv
CROSS_UPSTREAM_AVGFLOW,AVGFLOW_SIXS_U_SEED353,records,10000.0,reports/ecir_mvr/sixs_final_cross_upstream_unrestricted/avgflow/METHOD_SUMMARY.csv; reports/ecir_mvr/final_evidence_closure/AVG_REFERENCE_METRICS.csv
CROSS_UPSTREAM_AVGFLOW,AVGFLOW_SIXS_U_SEED353,reference_records,7908.0,reports/ecir_mvr/sixs_final_cross_upstream_unrestricted/avgflow/METHOD_SUMMARY.csv; reports/ecir_mvr/final_evidence_closure/AVG_REFERENCE_METRICS.csv
CROSS_UPSTREAM_AVGFLOW,AVGFLOW_SIXS_U_SEED353,V3D,0.5806,reports/ecir_mvr/sixs_final_cross_upstream_unrestricted/avgflow/METHOD_SUMMARY.csv; reports/ecir_mvr/final_evidence_closure/AVG_REFERENCE_METRICS.csv
CROSS_UPSTREAM_AVGFLOW,AVGFLOW_SIXS_U_SEED353,PB,0.9531,reports/ecir_mvr/sixs_final_cross_upstream_unrestricted/avgflow/METHOD_SUMMARY.csv; reports/ecir_mvr/final_evidence_closure/AVG_REFERENCE_METRICS.csv
CROSS_UPSTREAM_AVGFLOW,AVGFLOW_SIXS_U_SEED353,source_rmsd_mean,0.0034598346612416,reports/ecir_mvr/sixs_final_cross_upstream_unrestricted/avgflow/METHOD_SUMMARY.csv; reports/ecir_mvr/final_evidence_closure/AVG_REFERENCE_METRICS.csv
CROSS_UPSTREAM_AVGFLOW,AVGFLOW_SIXS_U_SEED353,source_rmsd_median,0.0033144635381176,reports/ecir_mvr/sixs_final_cross_upstream_unrestricted/avgflow/METHOD_SUMMARY.csv; reports/ecir_mvr/final_evidence_closure/AVG_REFERENCE_METRICS.csv
CROSS_UPSTREAM_AVGFLOW,AVGFLOW_SIXS_U_SEED353,source_rmsd_p95,0.0045158107997849,reports/ecir_mvr/sixs_final_cross_upstream_unrestricted/avgflow/METHOD_SUMMARY.csv; reports/ecir_mvr/final_evidence_closure/AVG_REFERENCE_METRICS.csv
CROSS_UPSTREAM_AVGFLOW,AVGFLOW_SIXS_U_SEED353,source_rmsd_p99,0.0058823023177683,reports/ecir_mvr/sixs_final_cross_upstream_unrestricted/avgflow/METHOD_SUMMARY.csv; reports/ecir_mvr/final_evidence_closure/AVG_REFERENCE_METRICS.csv
CROSS_UPSTREAM_AVGFLOW,AVGFLOW_SIXS_U_SEED353,reference_rmsd,0.6760364634008103,reports/ecir_mvr/sixs_final_cross_upstream_unrestricted/avgflow/METHOD_SUMMARY.csv; reports/ecir_mvr/final_evidence_closure/AVG_REFERENCE_METRICS.csv
CROSS_UPSTREAM_AVGFLOW,AVGFLOW_SIXS_U_SEED353,finite_coordinate_rate,1.0,reports/ecir_mvr/sixs_final_cross_upstream_unrestricted/avgflow/METHOD_SUMMARY.csv; reports/ecir_mvr/final_evidence_closure/AVG_REFERENCE_METRICS.csv
CROSS_UPSTREAM_AVGFLOW,AVGFLOW_SIXS_U_SEED353,tau_median,0.0033144635381177,reports/ecir_mvr/sixs_final_cross_upstream_unrestricted/avgflow/METHOD_SUMMARY.csv; reports/ecir_mvr/final_evidence_closure/AVG_REFERENCE_METRICS.csv
CROSS_UPSTREAM_AVGFLOW,AVGFLOW_SIXS_U_SEED353,tau_p95,0.0045158107997849,reports/ecir_mvr/sixs_final_cross_upstream_unrestricted/avgflow/METHOD_SUMMARY.csv; reports/ecir_mvr/final_evidence_closure/AVG_REFERENCE_METRICS.csv
CROSS_UPSTREAM_AVGFLOW,AVGFLOW_SIXS_U_SEED353,tau_p99,0.0058823023177683,reports/ecir_mvr/sixs_final_cross_upstream_unrestricted/avgflow/METHOD_SUMMARY.csv; reports/ecir_mvr/final_evidence_closure/AVG_REFERENCE_METRICS.csv
CROSS_UPSTREAM_AVGFLOW,AVGFLOW_SIXS_U_SEED353,tau_max,0.0537509396672248,reports/ecir_mvr/sixs_final_cross_upstream_unrestricted/avgflow/METHOD_SUMMARY.csv; reports/ecir_mvr/final_evidence_closure/AVG_REFERENCE_METRICS.csv
CROSS_UPSTREAM_AVGFLOW,AVGFLOW_SIXS_U_SEED353,xtb_median_delta_e,0.2614315591215157,reports/ecir_mvr/sixs_final_cross_upstream_unrestricted/avgflow/METHOD_SUMMARY.csv; reports/ecir_mvr/final_evidence_closure/AVG_REFERENCE_METRICS.csv
CROSS_UPSTREAM_AVGFLOW,AVGFLOW_SIXS_U_SEED353,xtb_trimmed_mean_delta_e,0.2784739009316411,reports/ecir_mvr/sixs_final_cross_upstream_unrestricted/avgflow/METHOD_SUMMARY.csv; reports/ecir_mvr/final_evidence_closure/AVG_REFERENCE_METRICS.csv
CROSS_UPSTREAM_AVGFLOW,AVGFLOW_SIXS_U_SEED353,xtb_lower_fraction,0.0161,reports/ecir_mvr/sixs_final_cross_upstream_unrestricted/avgflow/METHOD_SUMMARY.csv; reports/ecir_mvr/final_evidence_closure/AVG_REFERENCE_METRICS.csv
CROSS_UPSTREAM_AVGFLOW,AVGFLOW_SIXS_U_SEED353,xtb_p90,0.4917894795502176,reports/ecir_mvr/sixs_final_cross_upstream_unrestricted/avgflow/METHOD_SUMMARY.csv; reports/ecir_mvr/final_evidence_closure/AVG_REFERENCE_METRICS.csv
CROSS_UPSTREAM_AVGFLOW,AVGFLOW_SIXS_U_SEED353,xtb_p95,0.5949209507302468,reports/ecir_mvr/sixs_final_cross_upstream_unrestricted/avgflow/METHOD_SUMMARY.csv; reports/ecir_mvr/final_evidence_closure/AVG_REFERENCE_METRICS.csv
CROSS_UPSTREAM_AVGFLOW,AVGFLOW_SIXS_U_SEED353,xtb_p99,0.9729181021971924,reports/ecir_mvr/sixs_final_cross_upstream_unrestricted/avgflow/METHOD_SUMMARY.csv; reports/ecir_mvr/final_evidence_closure/AVG_REFERENCE_METRICS.csv
CROSS_UPSTREAM_AVGFLOW,AVGFLOW_SIXS_U_SEED353,xtb_gt25,1.0,reports/ecir_mvr/sixs_final_cross_upstream_unrestricted/avgflow/METHOD_SUMMARY.csv; reports/ecir_mvr/final_evidence_closure/AVG_REFERENCE_METRICS.csv
CROSS_UPSTREAM_AVGFLOW,AVGFLOW_SIXS_U_SEED353,xtb_gt50,0.0,reports/ecir_mvr/sixs_final_cross_upstream_unrestricted/avgflow/METHOD_SUMMARY.csv; reports/ecir_mvr/final_evidence_closure/AVG_REFERENCE_METRICS.csv
CROSS_UPSTREAM_AVGFLOW,AVGFLOW_SIXS_U_SEED353,xtb_gt100,0.0,reports/ecir_mvr/sixs_final_cross_upstream_unrestricted/avgflow/METHOD_SUMMARY.csv; reports/ecir_mvr/final_evidence_closure/AVG_REFERENCE_METRICS.csv
CROSS_UPSTREAM_AVGFLOW,AVGFLOW_SIXS_U_SEED353,COV_P,0.6278053045759254,reports/ecir_mvr/sixs_final_cross_upstream_unrestricted/avgflow/METHOD_SUMMARY.csv; reports/ecir_mvr/final_evidence_closure/AVG_REFERENCE_METRICS.csv
CROSS_UPSTREAM_AVGFLOW,AVGFLOW_SIXS_U_SEED353,COV_R,0.2120139066602919,reports/ecir_mvr/sixs_final_cross_upstream_unrestricted/avgflow/METHOD_SUMMARY.csv; reports/ecir_mvr/final_evidence_closure/AVG_REFERENCE_METRICS.csv
CROSS_UPSTREAM_AVGFLOW,AVGFLOW_SIXS_U_SEED353,AMR_P,0.6811206479608616,reports/ecir_mvr/sixs_final_cross_upstream_unrestricted/avgflow/METHOD_SUMMARY.csv; reports/ecir_mvr/final_evidence_closure/AVG_REFERENCE_METRICS.csv
CROSS_UPSTREAM_AVGFLOW,AVGFLOW_SIXS_U_SEED353,AMR_R,1.3659273364067763,reports/ecir_mvr/sixs_final_cross_upstream_unrestricted/avgflow/METHOD_SUMMARY.csv; reports/ecir_mvr/final_evidence_closure/AVG_REFERENCE_METRICS.csv
CROSS_UPSTREAM_AVGFLOW,AVGFLOW_SIXS_U_SEED353,xtb_attempted,10000.0,reports/ecir_mvr/sixs_final_cross_upstream_unrestricted/avgflow/METHOD_SUMMARY.csv; reports/ecir_mvr/final_evidence_closure/AVG_REFERENCE_METRICS.csv
CROSS_UPSTREAM_AVGFLOW,AVGFLOW_SIXS_U_SEED353,xtb_valid,10000.0,reports/ecir_mvr/sixs_final_cross_upstream_unrestricted/avgflow/METHOD_SUMMARY.csv; reports/ecir_mvr/final_evidence_closure/AVG_REFERENCE_METRICS.csv
CROSS_UPSTREAM_AVGFLOW,AVGFLOW_SIXS_U_SEED353,xtb_failed,0.0,reports/ecir_mvr/sixs_final_cross_upstream_unrestricted/avgflow/METHOD_SUMMARY.csv; reports/ecir_mvr/final_evidence_closure/AVG_REFERENCE_METRICS.csv
CROSS_UPSTREAM_AVGFLOW,AVGFLOW_SIXS_U_THREE_SEED_MEAN_SD,records,10000.0,same authoritative per-seed rows; sample SD across seeds
CROSS_UPSTREAM_AVGFLOW,AVGFLOW_SIXS_U_THREE_SEED_MEAN_SD,reference_records,7908.0,same authoritative per-seed rows; sample SD across seeds
CROSS_UPSTREAM_AVGFLOW,AVGFLOW_SIXS_U_THREE_SEED_MEAN_SD,V3D,0.5755,same authoritative per-seed rows; sample SD across seeds
CROSS_UPSTREAM_AVGFLOW,AVGFLOW_SIXS_U_THREE_SEED_MEAN_SD,PB,0.9530666666666666,same authoritative per-seed rows; sample SD across seeds
CROSS_UPSTREAM_AVGFLOW,AVGFLOW_SIXS_U_THREE_SEED_MEAN_SD,source_rmsd_mean,0.0035122394645663996,same authoritative per-seed rows; sample SD across seeds
CROSS_UPSTREAM_AVGFLOW,AVGFLOW_SIXS_U_THREE_SEED_MEAN_SD,reference_rmsd,0.6760291524631334,same authoritative per-seed rows; sample SD across seeds
CROSS_UPSTREAM_AVGFLOW,AVGFLOW_SIXS_U_THREE_SEED_MEAN_SD,finite_coordinate_rate,1.0,same authoritative per-seed rows; sample SD across seeds
CROSS_UPSTREAM_AVGFLOW,AVGFLOW_SIXS_U_THREE_SEED_MEAN_SD,xtb_median_delta_e,0.2817457736609583,same authoritative per-seed rows; sample SD across seeds
CROSS_UPSTREAM_AVGFLOW,AVGFLOW_SIXS_U_THREE_SEED_MEAN_SD,xtb_lower_fraction,0.017,same authoritative per-seed rows; sample SD across seeds
CROSS_UPSTREAM_AVGFLOW,AVGFLOW_SIXS_U_THREE_SEED_MEAN_SD,COV_P,0.6277081511706984,same authoritative per-seed rows; sample SD across seeds
CROSS_UPSTREAM_AVGFLOW,AVGFLOW_SIXS_U_THREE_SEED_MEAN_SD,COV_R,0.2119755163450144,same authoritative per-seed rows; sample SD across seeds
CROSS_UPSTREAM_AVGFLOW,AVGFLOW_SIXS_U_THREE_SEED_MEAN_SD,AMR_P,0.6811144910487498,same authoritative per-seed rows; sample SD across seeds
CROSS_UPSTREAM_AVGFLOW,AVGFLOW_SIXS_U_THREE_SEED_MEAN_SD,AMR_R,1.3659135853303894,same authoritative per-seed rows; sample SD across seeds
CROSS_UPSTREAM_AVGFLOW,AVGFLOW_SIXS_U_THREE_SEED_MEAN_SD,V3D_seed_sd,0.004912229636326071,same authoritative per-seed rows; sample SD across seeds
CROSS_UPSTREAM_AVGFLOW,AVGFLOW_SIXS_U_THREE_SEED_MEAN_SD,PB_seed_sd,5.773502691895622e-05,same authoritative per-seed rows; sample SD across seeds
CROSS_UPSTREAM_AVGFLOW,AVGFLOW_SIXS_U_THREE_SEED_MEAN_SD,source_rmsd_mean_seed_sd,7.307884417363874e-05,same authoritative per-seed rows; sample SD across seeds
CROSS_UPSTREAM_AVGFLOW,AVGFLOW_SIXS_U_THREE_SEED_MEAN_SD,reference_rmsd_seed_sd,8.821545957179006e-06,same authoritative per-seed rows; sample SD across seeds
CROSS_UPSTREAM_AVGFLOW,AVGFLOW_SIXS_U_THREE_SEED_MEAN_SD,finite_coordinate_rate_seed_sd,0.0,same authoritative per-seed rows; sample SD across seeds
CROSS_UPSTREAM_AVGFLOW,AVGFLOW_SIXS_U_THREE_SEED_MEAN_SD,COV_P_seed_sd,8.413731699066408e-05,same authoritative per-seed rows; sample SD across seeds
CROSS_UPSTREAM_AVGFLOW,AVGFLOW_SIXS_U_THREE_SEED_MEAN_SD,COV_R_seed_sd,3.4637408560702346e-05,same authoritative per-seed rows; sample SD across seeds
CROSS_UPSTREAM_AVGFLOW,AVGFLOW_SIXS_U_THREE_SEED_MEAN_SD,AMR_P_seed_sd,8.370189343769014e-06,same authoritative per-seed rows; sample SD across seeds
CROSS_UPSTREAM_AVGFLOW,AVGFLOW_SIXS_U_THREE_SEED_MEAN_SD,AMR_R_seed_sd,1.7489938166273273e-05,same authoritative per-seed rows; sample SD across seeds
CROSS_UPSTREAM_AVGFLOW,AVGFLOW_SIXS_U_THREE_SEED_MEAN_SD,xtb_median_delta_e_seed_sd,0.020067446550238073,same authoritative per-seed rows; sample SD across seeds
CROSS_UPSTREAM_AVGFLOW,AVGFLOW_SIXS_U_THREE_SEED_MEAN_SD,xtb_lower_fraction_seed_sd,0.0009539392014169452,same authoritative per-seed rows; sample SD across seeds
CROSS_UPSTREAM_DITMC,DITMC_SIXS_U_SEED307,seed,307.0,reports/ecir_mvr/sixs_final_cross_upstream_unrestricted/ditmc/METHOD_SUMMARY.csv; reports/ecir_mvr/final_evidence_closure/06_DITMC_TAU_FORENSIC.csv
CROSS_UPSTREAM_DITMC,DITMC_SIXS_U_SEED307,records,10000.0,reports/ecir_mvr/sixs_final_cross_upstream_unrestricted/ditmc/METHOD_SUMMARY.csv; reports/ecir_mvr/final_evidence_closure/06_DITMC_TAU_FORENSIC.csv
CROSS_UPSTREAM_DITMC,DITMC_SIXS_U_SEED307,reference_records,10000.0,reports/ecir_mvr/sixs_final_cross_upstream_unrestricted/ditmc/METHOD_SUMMARY.csv; reports/ecir_mvr/final_evidence_closure/06_DITMC_TAU_FORENSIC.csv
CROSS_UPSTREAM_DITMC,DITMC_SIXS_U_SEED307,V3D,0.3931,reports/ecir_mvr/sixs_final_cross_upstream_unrestricted/ditmc/METHOD_SUMMARY.csv; reports/ecir_mvr/final_evidence_closure/06_DITMC_TAU_FORENSIC.csv
CROSS_UPSTREAM_DITMC,DITMC_SIXS_U_SEED307,PB,0.919,reports/ecir_mvr/sixs_final_cross_upstream_unrestricted/ditmc/METHOD_SUMMARY.csv; reports/ecir_mvr/final_evidence_closure/06_DITMC_TAU_FORENSIC.csv
CROSS_UPSTREAM_DITMC,DITMC_SIXS_U_SEED307,source_rmsd_mean,4.234868201605044,reports/ecir_mvr/sixs_final_cross_upstream_unrestricted/ditmc/METHOD_SUMMARY.csv; reports/ecir_mvr/final_evidence_closure/06_DITMC_TAU_FORENSIC.csv
CROSS_UPSTREAM_DITMC,DITMC_SIXS_U_SEED307,source_rmsd_median,0.0095585952512919,reports/ecir_mvr/sixs_final_cross_upstream_unrestricted/ditmc/METHOD_SUMMARY.csv; reports/ecir_mvr/final_evidence_closure/06_DITMC_TAU_FORENSIC.csv
CROSS_UPSTREAM_DITMC,DITMC_SIXS_U_SEED307,source_rmsd_p95,0.0153236486483365,reports/ecir_mvr/sixs_final_cross_upstream_unrestricted/ditmc/METHOD_SUMMARY.csv; reports/ecir_mvr/final_evidence_closure/06_DITMC_TAU_FORENSIC.csv
CROSS_UPSTREAM_DITMC,DITMC_SIXS_U_SEED307,source_rmsd_p99,201.2843560791019,reports/ecir_mvr/sixs_final_cross_upstream_unrestricted/ditmc/METHOD_SUMMARY.csv; reports/ecir_mvr/final_evidence_closure/06_DITMC_TAU_FORENSIC.csv
CROSS_UPSTREAM_DITMC,DITMC_SIXS_U_SEED307,reference_rmsd,7.25753373102246,reports/ecir_mvr/sixs_final_cross_upstream_unrestricted/ditmc/METHOD_SUMMARY.csv; reports/ecir_mvr/final_evidence_closure/06_DITMC_TAU_FORENSIC.csv
CROSS_UPSTREAM_DITMC,DITMC_SIXS_U_SEED307,finite_coordinate_rate,1.0,reports/ecir_mvr/sixs_final_cross_upstream_unrestricted/ditmc/METHOD_SUMMARY.csv; reports/ecir_mvr/final_evidence_closure/06_DITMC_TAU_FORENSIC.csv
CROSS_UPSTREAM_DITMC,DITMC_SIXS_U_SEED307,tau_median,0.0095585952512919,reports/ecir_mvr/sixs_final_cross_upstream_unrestricted/ditmc/METHOD_SUMMARY.csv; reports/ecir_mvr/final_evidence_closure/06_DITMC_TAU_FORENSIC.csv
CROSS_UPSTREAM_DITMC,DITMC_SIXS_U_SEED307,tau_p95,0.0153236486483365,reports/ecir_mvr/sixs_final_cross_upstream_unrestricted/ditmc/METHOD_SUMMARY.csv; reports/ecir_mvr/final_evidence_closure/06_DITMC_TAU_FORENSIC.csv
CROSS_UPSTREAM_DITMC,DITMC_SIXS_U_SEED307,tau_p99,201.2843560791019,reports/ecir_mvr/sixs_final_cross_upstream_unrestricted/ditmc/METHOD_SUMMARY.csv; reports/ecir_mvr/final_evidence_closure/06_DITMC_TAU_FORENSIC.csv
CROSS_UPSTREAM_DITMC,DITMC_SIXS_U_SEED307,tau_max,398.6802368164063,reports/ecir_mvr/sixs_final_cross_upstream_unrestricted/ditmc/METHOD_SUMMARY.csv; reports/ecir_mvr/final_evidence_closure/06_DITMC_TAU_FORENSIC.csv
CROSS_UPSTREAM_DITMC,DITMC_SIXS_U_SEED307,xtb_median_delta_e,-4.134578275162294,reports/ecir_mvr/sixs_final_cross_upstream_unrestricted/ditmc/METHOD_SUMMARY.csv; reports/ecir_mvr/final_evidence_closure/06_DITMC_TAU_FORENSIC.csv
CROSS_UPSTREAM_DITMC,DITMC_SIXS_U_SEED307,xtb_trimmed_mean_delta_e,-4.509268660209881,reports/ecir_mvr/sixs_final_cross_upstream_unrestricted/ditmc/METHOD_SUMMARY.csv; reports/ecir_mvr/final_evidence_closure/06_DITMC_TAU_FORENSIC.csv
CROSS_UPSTREAM_DITMC,DITMC_SIXS_U_SEED307,xtb_lower_fraction,0.9992827133927656,reports/ecir_mvr/sixs_final_cross_upstream_unrestricted/ditmc/METHOD_SUMMARY.csv; reports/ecir_mvr/final_evidence_closure/06_DITMC_TAU_FORENSIC.csv
CROSS_UPSTREAM_DITMC,DITMC_SIXS_U_SEED307,xtb_p90,-1.8986642603543995,reports/ecir_mvr/sixs_final_cross_upstream_unrestricted/ditmc/METHOD_SUMMARY.csv; reports/ecir_mvr/final_evidence_closure/06_DITMC_TAU_FORENSIC.csv
CROSS_UPSTREAM_DITMC,DITMC_SIXS_U_SEED307,xtb_p95,-1.507363319661882,reports/ecir_mvr/sixs_final_cross_upstream_unrestricted/ditmc/METHOD_SUMMARY.csv; reports/ecir_mvr/final_evidence_closure/06_DITMC_TAU_FORENSIC.csv
CROSS_UPSTREAM_DITMC,DITMC_SIXS_U_SEED307,xtb_p99,-0.940606171156162,reports/ecir_mvr/sixs_final_cross_upstream_unrestricted/ditmc/METHOD_SUMMARY.csv; reports/ecir_mvr/final_evidence_closure/06_DITMC_TAU_FORENSIC.csv
CROSS_UPSTREAM_DITMC,DITMC_SIXS_U_SEED307,xtb_gt25,3.0,reports/ecir_mvr/sixs_final_cross_upstream_unrestricted/ditmc/METHOD_SUMMARY.csv; reports/ecir_mvr/final_evidence_closure/06_DITMC_TAU_FORENSIC.csv
CROSS_UPSTREAM_DITMC,DITMC_SIXS_U_SEED307,xtb_gt50,3.0,reports/ecir_mvr/sixs_final_cross_upstream_unrestricted/ditmc/METHOD_SUMMARY.csv; reports/ecir_mvr/final_evidence_closure/06_DITMC_TAU_FORENSIC.csv
CROSS_UPSTREAM_DITMC,DITMC_SIXS_U_SEED307,xtb_gt100,3.0,reports/ecir_mvr/sixs_final_cross_upstream_unrestricted/ditmc/METHOD_SUMMARY.csv; reports/ecir_mvr/final_evidence_closure/06_DITMC_TAU_FORENSIC.csv
CROSS_UPSTREAM_DITMC,DITMC_SIXS_U_SEED307,raw_displacement_rms_mean,4.234868201605044,reports/ecir_mvr/sixs_final_cross_upstream_unrestricted/ditmc/METHOD_SUMMARY.csv; reports/ecir_mvr/final_evidence_closure/06_DITMC_TAU_FORENSIC.csv
CROSS_UPSTREAM_DITMC,DITMC_SIXS_U_SEED307,raw_displacement_rms_median,0.009558595251291997,reports/ecir_mvr/sixs_final_cross_upstream_unrestricted/ditmc/METHOD_SUMMARY.csv; reports/ecir_mvr/final_evidence_closure/06_DITMC_TAU_FORENSIC.csv
CROSS_UPSTREAM_DITMC,DITMC_SIXS_U_SEED307,kabsch_source_rmsd_mean,4.234868201605044,reports/ecir_mvr/sixs_final_cross_upstream_unrestricted/ditmc/METHOD_SUMMARY.csv; reports/ecir_mvr/final_evidence_closure/06_DITMC_TAU_FORENSIC.csv
CROSS_UPSTREAM_DITMC,DITMC_SIXS_U_SEED307,max_atom_displacement_max,1536.0972534619327,reports/ecir_mvr/sixs_final_cross_upstream_unrestricted/ditmc/METHOD_SUMMARY.csv; reports/ecir_mvr/final_evidence_closure/06_DITMC_TAU_FORENSIC.csv
CROSS_UPSTREAM_DITMC,DITMC_SIXS_U_SEED307,xtb_attempted,10000.0,reports/ecir_mvr/sixs_final_cross_upstream_unrestricted/ditmc/METHOD_SUMMARY.csv; reports/ecir_mvr/final_evidence_closure/06_DITMC_TAU_FORENSIC.csv
CROSS_UPSTREAM_DITMC,DITMC_SIXS_U_SEED307,xtb_valid_matched,9759.0,reports/ecir_mvr/sixs_final_cross_upstream_unrestricted/ditmc/METHOD_SUMMARY.csv; reports/ecir_mvr/final_evidence_closure/06_DITMC_TAU_FORENSIC.csv
CROSS_UPSTREAM_DITMC,DITMC_SIXS_U_SEED307,xtb_failed_or_unmatched,241.0,reports/ecir_mvr/sixs_final_cross_upstream_unrestricted/ditmc/METHOD_SUMMARY.csv; reports/ecir_mvr/final_evidence_closure/06_DITMC_TAU_FORENSIC.csv
CROSS_UPSTREAM_DITMC,DITMC_SIXS_U_SEED307,tau_gt_1A_records,194.0,reports/ecir_mvr/sixs_final_cross_upstream_unrestricted/ditmc/METHOD_SUMMARY.csv; reports/ecir_mvr/final_evidence_closure/06_DITMC_TAU_FORENSIC.csv
CROSS_UPSTREAM_DITMC,DITMC_SIXS_U_SEED307,tau_gt_1A_molecules,2.0,reports/ecir_mvr/sixs_final_cross_upstream_unrestricted/ditmc/METHOD_SUMMARY.csv; reports/ecir_mvr/final_evidence_closure/06_DITMC_TAU_FORENSIC.csv
CROSS_UPSTREAM_DITMC,DITMC_SIXS_U_SEED307,tau_gt_1A_raw_v3d_invalid_records,194.0,reports/ecir_mvr/sixs_final_cross_upstream_unrestricted/ditmc/METHOD_SUMMARY.csv; reports/ecir_mvr/final_evidence_closure/06_DITMC_TAU_FORENSIC.csv
CROSS_UPSTREAM_DITMC,DITMC_SIXS_U_SEED307,tau_gt_1A_raw_pb_invalid_records,194.0,reports/ecir_mvr/sixs_final_cross_upstream_unrestricted/ditmc/METHOD_SUMMARY.csv; reports/ecir_mvr/final_evidence_closure/06_DITMC_TAU_FORENSIC.csv
CROSS_UPSTREAM_DITMC,DITMC_SIXS_U_SEED307,tau_gt_1A_raw_any_pathology_records,194.0,reports/ecir_mvr/sixs_final_cross_upstream_unrestricted/ditmc/METHOD_SUMMARY.csv; reports/ecir_mvr/final_evidence_closure/06_DITMC_TAU_FORENSIC.csv
CROSS_UPSTREAM_DITMC,DITMC_SIXS_U_SEED331,seed,331.0,reports/ecir_mvr/sixs_final_cross_upstream_unrestricted/ditmc/METHOD_SUMMARY.csv; reports/ecir_mvr/final_evidence_closure/06_DITMC_TAU_FORENSIC.csv
CROSS_UPSTREAM_DITMC,DITMC_SIXS_U_SEED331,records,10000.0,reports/ecir_mvr/sixs_final_cross_upstream_unrestricted/ditmc/METHOD_SUMMARY.csv; reports/ecir_mvr/final_evidence_closure/06_DITMC_TAU_FORENSIC.csv
CROSS_UPSTREAM_DITMC,DITMC_SIXS_U_SEED331,reference_records,10000.0,reports/ecir_mvr/sixs_final_cross_upstream_unrestricted/ditmc/METHOD_SUMMARY.csv; reports/ecir_mvr/final_evidence_closure/06_DITMC_TAU_FORENSIC.csv
CROSS_UPSTREAM_DITMC,DITMC_SIXS_U_SEED331,V3D,0.3843,reports/ecir_mvr/sixs_final_cross_upstream_unrestricted/ditmc/METHOD_SUMMARY.csv; reports/ecir_mvr/final_evidence_closure/06_DITMC_TAU_FORENSIC.csv
CROSS_UPSTREAM_DITMC,DITMC_SIXS_U_SEED331,PB,0.9191,reports/ecir_mvr/sixs_final_cross_upstream_unrestricted/ditmc/METHOD_SUMMARY.csv; reports/ecir_mvr/final_evidence_closure/06_DITMC_TAU_FORENSIC.csv
CROSS_UPSTREAM_DITMC,DITMC_SIXS_U_SEED331,source_rmsd_mean,0.0107448011379223,reports/ecir_mvr/sixs_final_cross_upstream_unrestricted/ditmc/METHOD_SUMMARY.csv; reports/ecir_mvr/final_evidence_closure/06_DITMC_TAU_FORENSIC.csv
CROSS_UPSTREAM_DITMC,DITMC_SIXS_U_SEED331,source_rmsd_median,0.0102730602957308,reports/ecir_mvr/sixs_final_cross_upstream_unrestricted/ditmc/METHOD_SUMMARY.csv; reports/ecir_mvr/final_evidence_closure/06_DITMC_TAU_FORENSIC.csv
CROSS_UPSTREAM_DITMC,DITMC_SIXS_U_SEED331,source_rmsd_p95,0.0147807943169027,reports/ecir_mvr/sixs_final_cross_upstream_unrestricted/ditmc/METHOD_SUMMARY.csv; reports/ecir_mvr/final_evidence_closure/06_DITMC_TAU_FORENSIC.csv
CROSS_UPSTREAM_DITMC,DITMC_SIXS_U_SEED331,source_rmsd_p99,0.023458128515631,reports/ecir_mvr/sixs_final_cross_upstream_unrestricted/ditmc/METHOD_SUMMARY.csv; reports/ecir_mvr/final_evidence_closure/06_DITMC_TAU_FORENSIC.csv
CROSS_UPSTREAM_DITMC,DITMC_SIXS_U_SEED331,reference_rmsd,2.1528222153519136,reports/ecir_mvr/sixs_final_cross_upstream_unrestricted/ditmc/METHOD_SUMMARY.csv; reports/ecir_mvr/final_evidence_closure/06_DITMC_TAU_FORENSIC.csv
CROSS_UPSTREAM_DITMC,DITMC_SIXS_U_SEED331,finite_coordinate_rate,1.0,reports/ecir_mvr/sixs_final_cross_upstream_unrestricted/ditmc/METHOD_SUMMARY.csv; reports/ecir_mvr/final_evidence_closure/06_DITMC_TAU_FORENSIC.csv
CROSS_UPSTREAM_DITMC,DITMC_SIXS_U_SEED331,tau_median,0.0102730602957308,reports/ecir_mvr/sixs_final_cross_upstream_unrestricted/ditmc/METHOD_SUMMARY.csv; reports/ecir_mvr/final_evidence_closure/06_DITMC_TAU_FORENSIC.csv
CROSS_UPSTREAM_DITMC,DITMC_SIXS_U_SEED331,tau_p95,0.0147807943169027,reports/ecir_mvr/sixs_final_cross_upstream_unrestricted/ditmc/METHOD_SUMMARY.csv; reports/ecir_mvr/final_evidence_closure/06_DITMC_TAU_FORENSIC.csv
CROSS_UPSTREAM_DITMC,DITMC_SIXS_U_SEED331,tau_p99,0.023458128515631,reports/ecir_mvr/sixs_final_cross_upstream_unrestricted/ditmc/METHOD_SUMMARY.csv; reports/ecir_mvr/final_evidence_closure/06_DITMC_TAU_FORENSIC.csv
CROSS_UPSTREAM_DITMC,DITMC_SIXS_U_SEED331,tau_max,0.1095421239733696,reports/ecir_mvr/sixs_final_cross_upstream_unrestricted/ditmc/METHOD_SUMMARY.csv; reports/ecir_mvr/final_evidence_closure/06_DITMC_TAU_FORENSIC.csv
CROSS_UPSTREAM_DITMC,DITMC_SIXS_U_SEED331,xtb_median_delta_e,-4.109284922922197,reports/ecir_mvr/sixs_final_cross_upstream_unrestricted/ditmc/METHOD_SUMMARY.csv; reports/ecir_mvr/final_evidence_closure/06_DITMC_TAU_FORENSIC.csv
CROSS_UPSTREAM_DITMC,DITMC_SIXS_U_SEED331,xtb_trimmed_mean_delta_e,-4.500534695366161,reports/ecir_mvr/sixs_final_cross_upstream_unrestricted/ditmc/METHOD_SUMMARY.csv; reports/ecir_mvr/final_evidence_closure/06_DITMC_TAU_FORENSIC.csv
CROSS_UPSTREAM_DITMC,DITMC_SIXS_U_SEED331,xtb_lower_fraction,0.9903553299492386,reports/ecir_mvr/sixs_final_cross_upstream_unrestricted/ditmc/METHOD_SUMMARY.csv; reports/ecir_mvr/final_evidence_closure/06_DITMC_TAU_FORENSIC.csv
CROSS_UPSTREAM_DITMC,DITMC_SIXS_U_SEED331,xtb_p90,-1.8158668236362057,reports/ecir_mvr/sixs_final_cross_upstream_unrestricted/ditmc/METHOD_SUMMARY.csv; reports/ecir_mvr/final_evidence_closure/06_DITMC_TAU_FORENSIC.csv
CROSS_UPSTREAM_DITMC,DITMC_SIXS_U_SEED331,xtb_p95,-1.4037216745904777,reports/ecir_mvr/sixs_final_cross_upstream_unrestricted/ditmc/METHOD_SUMMARY.csv; reports/ecir_mvr/final_evidence_closure/06_DITMC_TAU_FORENSIC.csv
CROSS_UPSTREAM_DITMC,DITMC_SIXS_U_SEED331,xtb_p99,-0.316134448765864,reports/ecir_mvr/sixs_final_cross_upstream_unrestricted/ditmc/METHOD_SUMMARY.csv; reports/ecir_mvr/final_evidence_closure/06_DITMC_TAU_FORENSIC.csv
CROSS_UPSTREAM_DITMC,DITMC_SIXS_U_SEED331,xtb_gt25,2.0,reports/ecir_mvr/sixs_final_cross_upstream_unrestricted/ditmc/METHOD_SUMMARY.csv; reports/ecir_mvr/final_evidence_closure/06_DITMC_TAU_FORENSIC.csv
CROSS_UPSTREAM_DITMC,DITMC_SIXS_U_SEED331,xtb_gt50,2.0,reports/ecir_mvr/sixs_final_cross_upstream_unrestricted/ditmc/METHOD_SUMMARY.csv; reports/ecir_mvr/final_evidence_closure/06_DITMC_TAU_FORENSIC.csv
CROSS_UPSTREAM_DITMC,DITMC_SIXS_U_SEED331,xtb_gt100,1.0,reports/ecir_mvr/sixs_final_cross_upstream_unrestricted/ditmc/METHOD_SUMMARY.csv; reports/ecir_mvr/final_evidence_closure/06_DITMC_TAU_FORENSIC.csv
CROSS_UPSTREAM_DITMC,DITMC_SIXS_U_SEED331,raw_displacement_rms_mean,0.010744801137922332,reports/ecir_mvr/sixs_final_cross_upstream_unrestricted/ditmc/METHOD_SUMMARY.csv; reports/ecir_mvr/final_evidence_closure/06_DITMC_TAU_FORENSIC.csv
CROSS_UPSTREAM_DITMC,DITMC_SIXS_U_SEED331,raw_displacement_rms_median,0.010273060295730836,reports/ecir_mvr/sixs_final_cross_upstream_unrestricted/ditmc/METHOD_SUMMARY.csv; reports/ecir_mvr/final_evidence_closure/06_DITMC_TAU_FORENSIC.csv
CROSS_UPSTREAM_DITMC,DITMC_SIXS_U_SEED331,kabsch_source_rmsd_mean,0.0107448011379223,reports/ecir_mvr/sixs_final_cross_upstream_unrestricted/ditmc/METHOD_SUMMARY.csv; reports/ecir_mvr/final_evidence_closure/06_DITMC_TAU_FORENSIC.csv
CROSS_UPSTREAM_DITMC,DITMC_SIXS_U_SEED331,max_atom_displacement_max,0.38887437269528813,reports/ecir_mvr/sixs_final_cross_upstream_unrestricted/ditmc/METHOD_SUMMARY.csv; reports/ecir_mvr/final_evidence_closure/06_DITMC_TAU_FORENSIC.csv
CROSS_UPSTREAM_DITMC,DITMC_SIXS_U_SEED331,xtb_attempted,10000.0,reports/ecir_mvr/sixs_final_cross_upstream_unrestricted/ditmc/METHOD_SUMMARY.csv; reports/ecir_mvr/final_evidence_closure/06_DITMC_TAU_FORENSIC.csv
CROSS_UPSTREAM_DITMC,DITMC_SIXS_U_SEED331,xtb_valid_matched,9850.0,reports/ecir_mvr/sixs_final_cross_upstream_unrestricted/ditmc/METHOD_SUMMARY.csv; reports/ecir_mvr/final_evidence_closure/06_DITMC_TAU_FORENSIC.csv
CROSS_UPSTREAM_DITMC,DITMC_SIXS_U_SEED331,xtb_failed_or_unmatched,150.0,reports/ecir_mvr/sixs_final_cross_upstream_unrestricted/ditmc/METHOD_SUMMARY.csv; reports/ecir_mvr/final_evidence_closure/06_DITMC_TAU_FORENSIC.csv
CROSS_UPSTREAM_DITMC,DITMC_SIXS_U_SEED331,tau_gt_1A_records,0.0,reports/ecir_mvr/sixs_final_cross_upstream_unrestricted/ditmc/METHOD_SUMMARY.csv; reports/ecir_mvr/final_evidence_closure/06_DITMC_TAU_FORENSIC.csv
CROSS_UPSTREAM_DITMC,DITMC_SIXS_U_SEED331,tau_gt_1A_molecules,0.0,reports/ecir_mvr/sixs_final_cross_upstream_unrestricted/ditmc/METHOD_SUMMARY.csv; reports/ecir_mvr/final_evidence_closure/06_DITMC_TAU_FORENSIC.csv
CROSS_UPSTREAM_DITMC,DITMC_SIXS_U_SEED331,tau_gt_1A_raw_v3d_invalid_records,0.0,reports/ecir_mvr/sixs_final_cross_upstream_unrestricted/ditmc/METHOD_SUMMARY.csv; reports/ecir_mvr/final_evidence_closure/06_DITMC_TAU_FORENSIC.csv
CROSS_UPSTREAM_DITMC,DITMC_SIXS_U_SEED331,tau_gt_1A_raw_pb_invalid_records,0.0,reports/ecir_mvr/sixs_final_cross_upstream_unrestricted/ditmc/METHOD_SUMMARY.csv; reports/ecir_mvr/final_evidence_closure/06_DITMC_TAU_FORENSIC.csv
CROSS_UPSTREAM_DITMC,DITMC_SIXS_U_SEED331,tau_gt_1A_raw_any_pathology_records,0.0,reports/ecir_mvr/sixs_final_cross_upstream_unrestricted/ditmc/METHOD_SUMMARY.csv; reports/ecir_mvr/final_evidence_closure/06_DITMC_TAU_FORENSIC.csv
CROSS_UPSTREAM_DITMC,DITMC_SIXS_U_SEED353,seed,353.0,reports/ecir_mvr/sixs_final_cross_upstream_unrestricted/ditmc/METHOD_SUMMARY.csv; reports/ecir_mvr/final_evidence_closure/06_DITMC_TAU_FORENSIC.csv
CROSS_UPSTREAM_DITMC,DITMC_SIXS_U_SEED353,records,10000.0,reports/ecir_mvr/sixs_final_cross_upstream_unrestricted/ditmc/METHOD_SUMMARY.csv; reports/ecir_mvr/final_evidence_closure/06_DITMC_TAU_FORENSIC.csv
CROSS_UPSTREAM_DITMC,DITMC_SIXS_U_SEED353,reference_records,10000.0,reports/ecir_mvr/sixs_final_cross_upstream_unrestricted/ditmc/METHOD_SUMMARY.csv; reports/ecir_mvr/final_evidence_closure/06_DITMC_TAU_FORENSIC.csv
CROSS_UPSTREAM_DITMC,DITMC_SIXS_U_SEED353,V3D,0.3936,reports/ecir_mvr/sixs_final_cross_upstream_unrestricted/ditmc/METHOD_SUMMARY.csv; reports/ecir_mvr/final_evidence_closure/06_DITMC_TAU_FORENSIC.csv
CROSS_UPSTREAM_DITMC,DITMC_SIXS_U_SEED353,PB,0.919,reports/ecir_mvr/sixs_final_cross_upstream_unrestricted/ditmc/METHOD_SUMMARY.csv; reports/ecir_mvr/final_evidence_closure/06_DITMC_TAU_FORENSIC.csv
CROSS_UPSTREAM_DITMC,DITMC_SIXS_U_SEED353,source_rmsd_mean,0.0105215188214555,reports/ecir_mvr/sixs_final_cross_upstream_unrestricted/ditmc/METHOD_SUMMARY.csv; reports/ecir_mvr/final_evidence_closure/06_DITMC_TAU_FORENSIC.csv
CROSS_UPSTREAM_DITMC,DITMC_SIXS_U_SEED353,source_rmsd_median,0.0099053094163536,reports/ecir_mvr/sixs_final_cross_upstream_unrestricted/ditmc/METHOD_SUMMARY.csv; reports/ecir_mvr/final_evidence_closure/06_DITMC_TAU_FORENSIC.csv
CROSS_UPSTREAM_DITMC,DITMC_SIXS_U_SEED353,source_rmsd_p95,0.0138416041620075,reports/ecir_mvr/sixs_final_cross_upstream_unrestricted/ditmc/METHOD_SUMMARY.csv; reports/ecir_mvr/final_evidence_closure/06_DITMC_TAU_FORENSIC.csv
CROSS_UPSTREAM_DITMC,DITMC_SIXS_U_SEED353,source_rmsd_p99,0.022439224999398,reports/ecir_mvr/sixs_final_cross_upstream_unrestricted/ditmc/METHOD_SUMMARY.csv; reports/ecir_mvr/final_evidence_closure/06_DITMC_TAU_FORENSIC.csv
CROSS_UPSTREAM_DITMC,DITMC_SIXS_U_SEED353,reference_rmsd,2.152979520710159,reports/ecir_mvr/sixs_final_cross_upstream_unrestricted/ditmc/METHOD_SUMMARY.csv; reports/ecir_mvr/final_evidence_closure/06_DITMC_TAU_FORENSIC.csv
CROSS_UPSTREAM_DITMC,DITMC_SIXS_U_SEED353,finite_coordinate_rate,1.0,reports/ecir_mvr/sixs_final_cross_upstream_unrestricted/ditmc/METHOD_SUMMARY.csv; reports/ecir_mvr/final_evidence_closure/06_DITMC_TAU_FORENSIC.csv
CROSS_UPSTREAM_DITMC,DITMC_SIXS_U_SEED353,tau_median,0.0099053094163537,reports/ecir_mvr/sixs_final_cross_upstream_unrestricted/ditmc/METHOD_SUMMARY.csv; reports/ecir_mvr/final_evidence_closure/06_DITMC_TAU_FORENSIC.csv
CROSS_UPSTREAM_DITMC,DITMC_SIXS_U_SEED353,tau_p95,0.0138416041620075,reports/ecir_mvr/sixs_final_cross_upstream_unrestricted/ditmc/METHOD_SUMMARY.csv; reports/ecir_mvr/final_evidence_closure/06_DITMC_TAU_FORENSIC.csv
CROSS_UPSTREAM_DITMC,DITMC_SIXS_U_SEED353,tau_p99,0.022439224999398,reports/ecir_mvr/sixs_final_cross_upstream_unrestricted/ditmc/METHOD_SUMMARY.csv; reports/ecir_mvr/final_evidence_closure/06_DITMC_TAU_FORENSIC.csv
CROSS_UPSTREAM_DITMC,DITMC_SIXS_U_SEED353,tau_max,0.1647262871265411,reports/ecir_mvr/sixs_final_cross_upstream_unrestricted/ditmc/METHOD_SUMMARY.csv; reports/ecir_mvr/final_evidence_closure/06_DITMC_TAU_FORENSIC.csv
CROSS_UPSTREAM_DITMC,DITMC_SIXS_U_SEED353,xtb_median_delta_e,-4.112788786787846,reports/ecir_mvr/sixs_final_cross_upstream_unrestricted/ditmc/METHOD_SUMMARY.csv; reports/ecir_mvr/final_evidence_closure/06_DITMC_TAU_FORENSIC.csv
CROSS_UPSTREAM_DITMC,DITMC_SIXS_U_SEED353,xtb_trimmed_mean_delta_e,-4.50173900848009,reports/ecir_mvr/sixs_final_cross_upstream_unrestricted/ditmc/METHOD_SUMMARY.csv; reports/ecir_mvr/final_evidence_closure/06_DITMC_TAU_FORENSIC.csv
CROSS_UPSTREAM_DITMC,DITMC_SIXS_U_SEED353,xtb_lower_fraction,0.990554539914686,reports/ecir_mvr/sixs_final_cross_upstream_unrestricted/ditmc/METHOD_SUMMARY.csv; reports/ecir_mvr/final_evidence_closure/06_DITMC_TAU_FORENSIC.csv
CROSS_UPSTREAM_DITMC,DITMC_SIXS_U_SEED353,xtb_p90,-1.838724666967212,reports/ecir_mvr/sixs_final_cross_upstream_unrestricted/ditmc/METHOD_SUMMARY.csv; reports/ecir_mvr/final_evidence_closure/06_DITMC_TAU_FORENSIC.csv
CROSS_UPSTREAM_DITMC,DITMC_SIXS_U_SEED353,xtb_p95,-1.4016389165867138,reports/ecir_mvr/sixs_final_cross_upstream_unrestricted/ditmc/METHOD_SUMMARY.csv; reports/ecir_mvr/final_evidence_closure/06_DITMC_TAU_FORENSIC.csv
CROSS_UPSTREAM_DITMC,DITMC_SIXS_U_SEED353,xtb_p99,-0.4012868113872944,reports/ecir_mvr/sixs_final_cross_upstream_unrestricted/ditmc/METHOD_SUMMARY.csv; reports/ecir_mvr/final_evidence_closure/06_DITMC_TAU_FORENSIC.csv
CROSS_UPSTREAM_DITMC,DITMC_SIXS_U_SEED353,xtb_gt25,1.0,reports/ecir_mvr/sixs_final_cross_upstream_unrestricted/ditmc/METHOD_SUMMARY.csv; reports/ecir_mvr/final_evidence_closure/06_DITMC_TAU_FORENSIC.csv
CROSS_UPSTREAM_DITMC,DITMC_SIXS_U_SEED353,xtb_gt50,1.0,reports/ecir_mvr/sixs_final_cross_upstream_unrestricted/ditmc/METHOD_SUMMARY.csv; reports/ecir_mvr/final_evidence_closure/06_DITMC_TAU_FORENSIC.csv
CROSS_UPSTREAM_DITMC,DITMC_SIXS_U_SEED353,xtb_gt100,1.0,reports/ecir_mvr/sixs_final_cross_upstream_unrestricted/ditmc/METHOD_SUMMARY.csv; reports/ecir_mvr/final_evidence_closure/06_DITMC_TAU_FORENSIC.csv
CROSS_UPSTREAM_DITMC,DITMC_SIXS_U_SEED353,raw_displacement_rms_mean,0.010521518821455538,reports/ecir_mvr/sixs_final_cross_upstream_unrestricted/ditmc/METHOD_SUMMARY.csv; reports/ecir_mvr/final_evidence_closure/06_DITMC_TAU_FORENSIC.csv
CROSS_UPSTREAM_DITMC,DITMC_SIXS_U_SEED353,raw_displacement_rms_median,0.009905309416353682,reports/ecir_mvr/sixs_final_cross_upstream_unrestricted/ditmc/METHOD_SUMMARY.csv; reports/ecir_mvr/final_evidence_closure/06_DITMC_TAU_FORENSIC.csv
CROSS_UPSTREAM_DITMC,DITMC_SIXS_U_SEED353,kabsch_source_rmsd_mean,0.0105215188214555,reports/ecir_mvr/sixs_final_cross_upstream_unrestricted/ditmc/METHOD_SUMMARY.csv; reports/ecir_mvr/final_evidence_closure/06_DITMC_TAU_FORENSIC.csv
CROSS_UPSTREAM_DITMC,DITMC_SIXS_U_SEED353,max_atom_displacement_max,0.6637313864019235,reports/ecir_mvr/sixs_final_cross_upstream_unrestricted/ditmc/METHOD_SUMMARY.csv; reports/ecir_mvr/final_evidence_closure/06_DITMC_TAU_FORENSIC.csv
CROSS_UPSTREAM_DITMC,DITMC_SIXS_U_SEED353,xtb_attempted,10000.0,reports/ecir_mvr/sixs_final_cross_upstream_unrestricted/ditmc/METHOD_SUMMARY.csv; reports/ecir_mvr/final_evidence_closure/06_DITMC_TAU_FORENSIC.csv
CROSS_UPSTREAM_DITMC,DITMC_SIXS_U_SEED353,xtb_valid_matched,9846.0,reports/ecir_mvr/sixs_final_cross_upstream_unrestricted/ditmc/METHOD_SUMMARY.csv; reports/ecir_mvr/final_evidence_closure/06_DITMC_TAU_FORENSIC.csv
CROSS_UPSTREAM_DITMC,DITMC_SIXS_U_SEED353,xtb_failed_or_unmatched,154.0,reports/ecir_mvr/sixs_final_cross_upstream_unrestricted/ditmc/METHOD_SUMMARY.csv; reports/ecir_mvr/final_evidence_closure/06_DITMC_TAU_FORENSIC.csv
CROSS_UPSTREAM_DITMC,DITMC_SIXS_U_SEED353,tau_gt_1A_records,0.0,reports/ecir_mvr/sixs_final_cross_upstream_unrestricted/ditmc/METHOD_SUMMARY.csv; reports/ecir_mvr/final_evidence_closure/06_DITMC_TAU_FORENSIC.csv
CROSS_UPSTREAM_DITMC,DITMC_SIXS_U_SEED353,tau_gt_1A_molecules,0.0,reports/ecir_mvr/sixs_final_cross_upstream_unrestricted/ditmc/METHOD_SUMMARY.csv; reports/ecir_mvr/final_evidence_closure/06_DITMC_TAU_FORENSIC.csv
CROSS_UPSTREAM_DITMC,DITMC_SIXS_U_SEED353,tau_gt_1A_raw_v3d_invalid_records,0.0,reports/ecir_mvr/sixs_final_cross_upstream_unrestricted/ditmc/METHOD_SUMMARY.csv; reports/ecir_mvr/final_evidence_closure/06_DITMC_TAU_FORENSIC.csv
CROSS_UPSTREAM_DITMC,DITMC_SIXS_U_SEED353,tau_gt_1A_raw_pb_invalid_records,0.0,reports/ecir_mvr/sixs_final_cross_upstream_unrestricted/ditmc/METHOD_SUMMARY.csv; reports/ecir_mvr/final_evidence_closure/06_DITMC_TAU_FORENSIC.csv
CROSS_UPSTREAM_DITMC,DITMC_SIXS_U_SEED353,tau_gt_1A_raw_any_pathology_records,0.0,reports/ecir_mvr/sixs_final_cross_upstream_unrestricted/ditmc/METHOD_SUMMARY.csv; reports/ecir_mvr/final_evidence_closure/06_DITMC_TAU_FORENSIC.csv
ABLATION,full_unrestricted,v3d_mean,0.5032,reports/ecir_mvr/final_evidence_closure/18_FINAL_MAIN_TABLE.csv
ABLATION,full_unrestricted,v3d_sd,0.0028213471959332046,reports/ecir_mvr/final_evidence_closure/18_FINAL_MAIN_TABLE.csv
ABLATION,full_unrestricted,pb_mean,0.9321333333333333,reports/ecir_mvr/final_evidence_closure/18_FINAL_MAIN_TABLE.csv
ABLATION,full_unrestricted,pb_sd,0.00030550504633041625,reports/ecir_mvr/final_evidence_closure/18_FINAL_MAIN_TABLE.csv
ABLATION,full_unrestricted,reference_rmsd_mean,1.42373000068459,reports/ecir_mvr/final_evidence_closure/18_FINAL_MAIN_TABLE.csv
ABLATION,full_unrestricted,source_rmsd_mean,0.009734412754016599,reports/ecir_mvr/final_evidence_closure/18_FINAL_MAIN_TABLE.csv
ABLATION,reliability_off,v3d_mean,0.3662666666666667,reports/ecir_mvr/sixs_final_matched_ablation/09_FINAL_ABLATION_TABLE.csv; reports/ecir_mvr/sixs_final_matched_ablation/08_XTB_SUBSET_RESULTS.csv
ABLATION,reliability_off,v3d_sd,0.026828591713568,reports/ecir_mvr/sixs_final_matched_ablation/09_FINAL_ABLATION_TABLE.csv; reports/ecir_mvr/sixs_final_matched_ablation/08_XTB_SUBSET_RESULTS.csv
ABLATION,reliability_off,pb_mean,0.9318,reports/ecir_mvr/sixs_final_matched_ablation/09_FINAL_ABLATION_TABLE.csv; reports/ecir_mvr/sixs_final_matched_ablation/08_XTB_SUBSET_RESULTS.csv
ABLATION,reliability_off,pb_sd,0.0002,reports/ecir_mvr/sixs_final_matched_ablation/09_FINAL_ABLATION_TABLE.csv; reports/ecir_mvr/sixs_final_matched_ablation/08_XTB_SUBSET_RESULTS.csv
ABLATION,reliability_off,reference_rmsd_mean,1.4236120377385204,reports/ecir_mvr/sixs_final_matched_ablation/09_FINAL_ABLATION_TABLE.csv; reports/ecir_mvr/sixs_final_matched_ablation/08_XTB_SUBSET_RESULTS.csv
ABLATION,reliability_off,source_rmsd_mean,0.0068492409953071,reports/ecir_mvr/sixs_final_matched_ablation/09_FINAL_ABLATION_TABLE.csv; reports/ecir_mvr/sixs_final_matched_ablation/08_XTB_SUBSET_RESULTS.csv
ABLATION,reliability_off,xtb_subset_records,4500.0,reports/ecir_mvr/sixs_final_matched_ablation/09_FINAL_ABLATION_TABLE.csv; reports/ecir_mvr/sixs_final_matched_ablation/08_XTB_SUBSET_RESULTS.csv
ABLATION,reliability_off,xtb_median_delta_e_mean,-2.512046533431908,reports/ecir_mvr/sixs_final_matched_ablation/09_FINAL_ABLATION_TABLE.csv; reports/ecir_mvr/sixs_final_matched_ablation/08_XTB_SUBSET_RESULTS.csv
ABLATION,reliability_off,xtb_median_delta_e_seed_sd,0.06339348784793772,reports/ecir_mvr/sixs_final_matched_ablation/09_FINAL_ABLATION_TABLE.csv; reports/ecir_mvr/sixs_final_matched_ablation/08_XTB_SUBSET_RESULTS.csv
ABLATION,reliability_off,xtb_lower_fraction_mean,0.9991111111111111,reports/ecir_mvr/sixs_final_matched_ablation/09_FINAL_ABLATION_TABLE.csv; reports/ecir_mvr/sixs_final_matched_ablation/08_XTB_SUBSET_RESULTS.csv
ABLATION,reliability_off,xtb_lower_fraction_seed_sd,0.00038490017945957993,reports/ecir_mvr/sixs_final_matched_ablation/09_FINAL_ABLATION_TABLE.csv; reports/ecir_mvr/sixs_final_matched_ablation/08_XTB_SUBSET_RESULTS.csv
ABLATION,equal_ba,v3d_mean,0.4954,reports/ecir_mvr/sixs_final_matched_ablation/09_FINAL_ABLATION_TABLE.csv; reports/ecir_mvr/sixs_final_matched_ablation/08_XTB_SUBSET_RESULTS.csv
ABLATION,equal_ba,v3d_sd,0.0017088007490635,reports/ecir_mvr/sixs_final_matched_ablation/09_FINAL_ABLATION_TABLE.csv; reports/ecir_mvr/sixs_final_matched_ablation/08_XTB_SUBSET_RESULTS.csv
ABLATION,equal_ba,pb_mean,0.9322,reports/ecir_mvr/sixs_final_matched_ablation/09_FINAL_ABLATION_TABLE.csv; reports/ecir_mvr/sixs_final_matched_ablation/08_XTB_SUBSET_RESULTS.csv
ABLATION,equal_ba,pb_sd,0.0001999999999999,reports/ecir_mvr/sixs_final_matched_ablation/09_FINAL_ABLATION_TABLE.csv; reports/ecir_mvr/sixs_final_matched_ablation/08_XTB_SUBSET_RESULTS.csv
ABLATION,equal_ba,reference_rmsd_mean,1.423652953419267,reports/ecir_mvr/sixs_final_matched_ablation/09_FINAL_ABLATION_TABLE.csv; reports/ecir_mvr/sixs_final_matched_ablation/08_XTB_SUBSET_RESULTS.csv
ABLATION,equal_ba,source_rmsd_mean,0.0096013739809704,reports/ecir_mvr/sixs_final_matched_ablation/09_FINAL_ABLATION_TABLE.csv; reports/ecir_mvr/sixs_final_matched_ablation/08_XTB_SUBSET_RESULTS.csv
ABLATION,equal_ba,xtb_subset_records,4500.0,reports/ecir_mvr/sixs_final_matched_ablation/09_FINAL_ABLATION_TABLE.csv; reports/ecir_mvr/sixs_final_matched_ablation/08_XTB_SUBSET_RESULTS.csv
ABLATION,equal_ba,xtb_median_delta_e_mean,-3.642285076737769,reports/ecir_mvr/sixs_final_matched_ablation/09_FINAL_ABLATION_TABLE.csv; reports/ecir_mvr/sixs_final_matched_ablation/08_XTB_SUBSET_RESULTS.csv
ABLATION,equal_ba,xtb_median_delta_e_seed_sd,0.04446586012100255,reports/ecir_mvr/sixs_final_matched_ablation/09_FINAL_ABLATION_TABLE.csv; reports/ecir_mvr/sixs_final_matched_ablation/08_XTB_SUBSET_RESULTS.csv
ABLATION,equal_ba,xtb_lower_fraction_mean,0.9997777777777778,reports/ecir_mvr/sixs_final_matched_ablation/09_FINAL_ABLATION_TABLE.csv; reports/ecir_mvr/sixs_final_matched_ablation/08_XTB_SUBSET_RESULTS.csv
ABLATION,equal_ba,xtb_lower_fraction_seed_sd,0.00038490017945982827,reports/ecir_mvr/sixs_final_matched_ablation/09_FINAL_ABLATION_TABLE.csv; reports/ecir_mvr/sixs_final_matched_ablation/08_XTB_SUBSET_RESULTS.csv
ABLATION,fixed_sigma_action,v3d_mean,0.3744666666666666,reports/ecir_mvr/sixs_final_matched_ablation/09_FINAL_ABLATION_TABLE.csv; reports/ecir_mvr/sixs_final_matched_ablation/08_XTB_SUBSET_RESULTS.csv
ABLATION,fixed_sigma_action,v3d_sd,0.0078213383338999,reports/ecir_mvr/sixs_final_matched_ablation/09_FINAL_ABLATION_TABLE.csv; reports/ecir_mvr/sixs_final_matched_ablation/08_XTB_SUBSET_RESULTS.csv
ABLATION,fixed_sigma_action,pb_mean,0.9319333333333332,reports/ecir_mvr/sixs_final_matched_ablation/09_FINAL_ABLATION_TABLE.csv; reports/ecir_mvr/sixs_final_matched_ablation/08_XTB_SUBSET_RESULTS.csv
ABLATION,fixed_sigma_action,pb_sd,0.0001154700538379,reports/ecir_mvr/sixs_final_matched_ablation/09_FINAL_ABLATION_TABLE.csv; reports/ecir_mvr/sixs_final_matched_ablation/08_XTB_SUBSET_RESULTS.csv
ABLATION,fixed_sigma_action,reference_rmsd_mean,1.423503425665815,reports/ecir_mvr/sixs_final_matched_ablation/09_FINAL_ABLATION_TABLE.csv; reports/ecir_mvr/sixs_final_matched_ablation/08_XTB_SUBSET_RESULTS.csv
ABLATION,fixed_sigma_action,source_rmsd_mean,0.0055521928312567,reports/ecir_mvr/sixs_final_matched_ablation/09_FINAL_ABLATION_TABLE.csv; reports/ecir_mvr/sixs_final_matched_ablation/08_XTB_SUBSET_RESULTS.csv
ABLATION,bond_only,v3d_mean,0.4916,reports/ecir_mvr/sixs_final_matched_ablation/09_FINAL_ABLATION_TABLE.csv; reports/ecir_mvr/sixs_final_matched_ablation/08_XTB_SUBSET_RESULTS.csv
ABLATION,bond_only,v3d_sd,0.0022715633383201,reports/ecir_mvr/sixs_final_matched_ablation/09_FINAL_ABLATION_TABLE.csv; reports/ecir_mvr/sixs_final_matched_ablation/08_XTB_SUBSET_RESULTS.csv
ABLATION,bond_only,pb_mean,0.9321333333333334,reports/ecir_mvr/sixs_final_matched_ablation/09_FINAL_ABLATION_TABLE.csv; reports/ecir_mvr/sixs_final_matched_ablation/08_XTB_SUBSET_RESULTS.csv
ABLATION,bond_only,pb_sd,0.0001154700538379,reports/ecir_mvr/sixs_final_matched_ablation/09_FINAL_ABLATION_TABLE.csv; reports/ecir_mvr/sixs_final_matched_ablation/08_XTB_SUBSET_RESULTS.csv
ABLATION,bond_only,reference_rmsd_mean,1.4238510109701217,reports/ecir_mvr/sixs_final_matched_ablation/09_FINAL_ABLATION_TABLE.csv; reports/ecir_mvr/sixs_final_matched_ablation/08_XTB_SUBSET_RESULTS.csv
ABLATION,bond_only,source_rmsd_mean,0.0097050411398832,reports/ecir_mvr/sixs_final_matched_ablation/09_FINAL_ABLATION_TABLE.csv; reports/ecir_mvr/sixs_final_matched_ablation/08_XTB_SUBSET_RESULTS.csv
ABLATION,angle_only,v3d_mean,0.2960666666666666,reports/ecir_mvr/sixs_final_matched_ablation/09_FINAL_ABLATION_TABLE.csv; reports/ecir_mvr/sixs_final_matched_ablation/08_XTB_SUBSET_RESULTS.csv
ABLATION,angle_only,v3d_sd,0.0051858782605584,reports/ecir_mvr/sixs_final_matched_ablation/09_FINAL_ABLATION_TABLE.csv; reports/ecir_mvr/sixs_final_matched_ablation/08_XTB_SUBSET_RESULTS.csv
ABLATION,angle_only,pb_mean,0.9316666666666666,reports/ecir_mvr/sixs_final_matched_ablation/09_FINAL_ABLATION_TABLE.csv; reports/ecir_mvr/sixs_final_matched_ablation/08_XTB_SUBSET_RESULTS.csv
ABLATION,angle_only,pb_sd,0.0005033222956847,reports/ecir_mvr/sixs_final_matched_ablation/09_FINAL_ABLATION_TABLE.csv; reports/ecir_mvr/sixs_final_matched_ablation/08_XTB_SUBSET_RESULTS.csv
ABLATION,angle_only,reference_rmsd_mean,1.423224454981023,reports/ecir_mvr/sixs_final_matched_ablation/09_FINAL_ABLATION_TABLE.csv; reports/ecir_mvr/sixs_final_matched_ablation/08_XTB_SUBSET_RESULTS.csv
ABLATION,angle_only,source_rmsd_mean,0.0096474779436675,reports/ecir_mvr/sixs_final_matched_ablation/09_FINAL_ABLATION_TABLE.csv; reports/ecir_mvr/sixs_final_matched_ablation/08_XTB_SUBSET_RESULTS.csv
ABLATION,fixed_tau,v3d_mean,0.3923333333333333,reports/ecir_mvr/sixs_final_matched_ablation/09_FINAL_ABLATION_TABLE.csv; reports/ecir_mvr/sixs_final_matched_ablation/08_XTB_SUBSET_RESULTS.csv
ABLATION,fixed_tau,v3d_sd,0.0034312291286554,reports/ecir_mvr/sixs_final_matched_ablation/09_FINAL_ABLATION_TABLE.csv; reports/ecir_mvr/sixs_final_matched_ablation/08_XTB_SUBSET_RESULTS.csv
ABLATION,fixed_tau,pb_mean,0.9318,reports/ecir_mvr/sixs_final_matched_ablation/09_FINAL_ABLATION_TABLE.csv; reports/ecir_mvr/sixs_final_matched_ablation/08_XTB_SUBSET_RESULTS.csv
ABLATION,fixed_tau,pb_sd,0.0,reports/ecir_mvr/sixs_final_matched_ablation/09_FINAL_ABLATION_TABLE.csv; reports/ecir_mvr/sixs_final_matched_ablation/08_XTB_SUBSET_RESULTS.csv
ABLATION,fixed_tau,reference_rmsd_mean,1.4234420374943262,reports/ecir_mvr/sixs_final_matched_ablation/09_FINAL_ABLATION_TABLE.csv; reports/ecir_mvr/sixs_final_matched_ablation/08_XTB_SUBSET_RESULTS.csv
ABLATION,fixed_tau,source_rmsd_mean,0.0043215425685048,reports/ecir_mvr/sixs_final_matched_ablation/09_FINAL_ABLATION_TABLE.csv; reports/ecir_mvr/sixs_final_matched_ablation/08_XTB_SUBSET_RESULTS.csv
ABLATION,fixed_tau,xtb_subset_records,4500.0,reports/ecir_mvr/sixs_final_matched_ablation/09_FINAL_ABLATION_TABLE.csv; reports/ecir_mvr/sixs_final_matched_ablation/08_XTB_SUBSET_RESULTS.csv
ABLATION,fixed_tau,xtb_median_delta_e_mean,-2.5865554771482278,reports/ecir_mvr/sixs_final_matched_ablation/09_FINAL_ABLATION_TABLE.csv; reports/ecir_mvr/sixs_final_matched_ablation/08_XTB_SUBSET_RESULTS.csv
ABLATION,fixed_tau,xtb_median_delta_e_seed_sd,0.002035008313499889,reports/ecir_mvr/sixs_final_matched_ablation/09_FINAL_ABLATION_TABLE.csv; reports/ecir_mvr/sixs_final_matched_ablation/08_XTB_SUBSET_RESULTS.csv
ABLATION,fixed_tau,xtb_lower_fraction_mean,0.9997777777777778,reports/ecir_mvr/sixs_final_matched_ablation/09_FINAL_ABLATION_TABLE.csv; reports/ecir_mvr/sixs_final_matched_ablation/08_XTB_SUBSET_RESULTS.csv
ABLATION,fixed_tau,xtb_lower_fraction_seed_sd,0.00038490017945985234,reports/ecir_mvr/sixs_final_matched_ablation/09_FINAL_ABLATION_TABLE.csv; reports/ecir_mvr/sixs_final_matched_ablation/08_XTB_SUBSET_RESULTS.csv
