molecule_id,sample_id,source_type,rotatable_bond_count,has_ring,gate_mean,gate_p50,gate_p90,gate_p95,aligned_rms_displacement,mean_atom_displacement,max_atom_displacement,upstream_bond_violation,refined_bond_violation,delta_bond_violation,upstream_angle_violation,refined_angle_violation,delta_angle_violation,upstream_torsion_circular_error,refined_torsion_circular_error,delta_torsion_circular_error,upstream_ring_invalidity,refined_ring_invalidity,delta_ring_invalidity,upstream_clash_score,refined_clash_score,delta_clash_score,upstream_chirality_error,refined_chirality_error,delta_chirality_error,upstream_aligned_RMSD,refined_aligned_RMSD,delta_aligned_RMSD,delta_internal_error_sum,repair_outcome,subsets
Brc1ccc2c(c1)[C@H]1OCC[C@H]1[C@@H](c1cccs1)N2,val::Brc1ccc2c(c1)[C@H]1OCC[C@H]1[C@@H](c1cccs1)N2__gen0001,upstream_etflow_formal,1,True,0.03631666395813227,0.03527846559882164,0.03906151279807091,0.03968861885368824,0.007667146623134613,0.00624309154227376,0.020262103527784348,0.0117540825158357,0.0117835300043225,2.9447488486799775e-05,0.0189402364194393,0.0199146438390016,0.0009744074195623016,0.0062724947929382,0.0026203989982604,-0.0036520957946778003,0.0158925000578165,0.0151527523994445,-0.0007397476583719982,0.0,0.0,0.0,0.0,0.0,0.0,1.4835087060928345,1.483340859413147,-0.0001678466796875,-0.003387988545000697,improved,all;rotatable_le_2;ring
Brc1ccc2c(c1)[C@H]1OCC[C@H]1[C@@H](c1cccs1)N2,val::Brc1ccc2c(c1)[C@H]1OCC[C@H]1[C@@H](c1cccs1)N2__gen0000,upstream_etflow_formal,1,True,0.03514334838837385,0.033952195197343826,0.03814075328409672,0.03886317554861307,0.007873676717281342,0.0064506069757044315,0.019590752199292183,0.0114568304270505,0.0107377665117383,-0.0007190639153122,0.0204851310700178,0.0207770634442567,0.0002919323742388985,0.0838404893875122,0.094297781586647,0.010457292199134813,0.013426000252366,0.0128290532156825,-0.0005969470366835004,0.0,0.0,0.0,0.0,0.0,0.0,1.4027998447418213,1.402923822402954,0.0001239776611328125,0.00943321362137801,worsened,all;rotatable_le_2;ring
Brc1ccc(-c2nc3ccccc3s2)s1,val::Brc1ccc(-c2nc3ccccc3s2)s1__gen0001,upstream_etflow_formal,1,True,0.04395531490445137,0.04254554770886898,0.047054748982191086,0.0479147769510746,0.006888127885758877,0.005379126872867346,0.015082334168255329,0.0196160692721605,0.0165693815797567,-0.0030466876924038003,0.0200734864920377,0.0183963812887668,-0.0016771052032709018,0.0154588222503662,0.0133721828460693,-0.002086639404296901,0.0236445181071758,0.0183240249752998,-0.005320493131875999,0.0,0.0,0.0,0.0,0.0,0.0,0.0127643411979079,0.0138016985729336,0.001037357375025699,-0.012130925431847602,improved,all;rotatable_le_2;ring
Brc1ccc(-c2nc3ccccc3s2)s1,val::Brc1ccc(-c2nc3ccccc3s2)s1__gen0000,upstream_etflow_formal,1,True,0.03500177711248398,0.03380131348967552,0.03767038397490979,0.038399269245564936,0.005195898469537497,0.004464549478143454,0.011062038131058216,0.0174582842737436,0.0146853560581803,-0.0027729282155633025,0.019562380388379,0.0196336116641759,7.123127579690067e-05,0.001219795900397,0.0007195258513092,-0.0005002700490878,0.0200835634022951,0.0164445154368877,-0.0036390479654073993,0.0,0.0,0.0,0.0,0.0,0.0,0.0114370062947273,0.0127807864919304,0.0013437801972031004,-0.0068410149542616015,improved,all;rotatable_le_2;ring
Brc1ccc(C2=CSC3=NCCN23)cc1,val::Brc1ccc(C2=CSC3=NCCN23)cc1__gen0000,upstream_etflow_formal,1,True,0.03722478821873665,0.03595002926886082,0.04020674489438534,0.04101403784006834,0.007534427102655172,0.005886375904083252,0.018018586561083794,0.0119629092514514,0.0116141075268387,-0.0003488017246127007,0.0201016645878553,0.0190938413143157,-0.0010078232735396021,0.2564617395401001,0.2495999336242675,-0.006861805915832603,0.0162840448319911,0.015601372346282,-0.0006826724857090984,0.0,0.0,0.0,0.0,0.0,0.0,1.2892018556594849,1.2901136875152588,0.0009118318557739258,-0.008901103399694004,improved,all;rotatable_le_2;ring
Brc1ccc(C2=CSC3=NCCN23)cc1,val::Brc1ccc(C2=CSC3=NCCN23)cc1__gen0001,upstream_etflow_formal,1,True,0.04268610663712025,0.04135242849588394,0.04588116928935051,0.04673867598176002,0.008850537240505219,0.006614319514483213,0.019566986709833145,0.0163361560553312,0.0145027181133627,-0.0018334379419684983,0.021205561235547,0.0203109513968229,-0.0008946098387240982,0.2161521911621093,0.2149641513824463,-0.0011880397796630027,0.0223644413053989,0.0195483844727277,-0.0028160568326712,0.0,0.0,0.0,0.0,0.0,0.0,1.3797518014907837,1.3794385194778442,-0.0003132820129394531,-0.006732144393026799,improved,all;rotatable_le_2;ring
Brc1cccc(-c2nnc3n2CCC3)c1,val::Brc1cccc(-c2nnc3n2CCC3)c1__gen0001,upstream_etflow_formal,1,True,0.04265868291258812,0.04176047071814537,0.0450409933924675,0.045655313134193416,0.008418207056820393,0.006272167433053255,0.02396843396127224,0.0132591500878334,0.0110700083896517,-0.0021891416981816986,0.0197706446051597,0.0198443364351987,7.369183003900007e-05,0.142197847366333,0.1423068046569824,0.00010895729064938631,0.0140661792829632,0.0129351373761892,-0.001131041906773999,0.0,0.0,0.0,0.0,0.0,0.0,0.9318870306015016,0.92997545003891,-0.0019115805625915527,-0.003137534484267311,improved,all;rotatable_le_2;ring
Brc1cccc(-c2nnc3n2CCC3)c1,val::Brc1cccc(-c2nnc3n2CCC3)c1__gen0000,upstream_etflow_formal,1,True,0.04182082507759333,0.04094633832573891,0.044148615747690204,0.04474764466285706,0.007681152783334255,0.005849918350577354,0.022806977853178978,0.0122149568051099,0.0117571176961064,-0.0004578391090035005,0.0198564063757658,0.019269136711955,-0.0005872696638107994,0.0010159015655517,0.0007510185241699,-0.00026488304138179994,0.0157183241099119,0.0151224052533507,-0.0005959188565612013,0.0,0.0,0.0,0.0,0.0,0.0,0.9403852224349976,0.9382913708686828,-0.0020938515663148083,-0.001905910670757301,improved,all;rotatable_le_2;ring
Brc1cccc(CSc2nnc(-c3ccncc3)o2)c1,val::Brc1cccc(CSc2nnc(-c3ccncc3)o2)c1__gen0000,upstream_etflow_formal,4,True,0.037097105756402016,0.03521655313670635,0.04108683317899704,0.042243716865777964,0.0067117647267878056,0.00608180183917284,0.015873296186327934,0.0135959461331367,0.011413000524044,-0.0021829456090927003,0.0228091422468423,0.0217316765338182,-0.0010774657130241012,0.0909625068306922,0.0863890945911407,-0.004573412239551489,0.0145931029692292,0.0111069120466709,-0.0034861909225583007,0.0,0.0,0.0,0.0,0.0,0.0,0.5904262661933899,0.5909175872802734,0.0004913210868835449,-0.011320014484226591,improved,all;rotatable_3_5;ring
Brc1cccc(CSc2nnc(-c3ccncc3)o2)c1,val::Brc1cccc(CSc2nnc(-c3ccncc3)o2)c1__gen0001,upstream_etflow_formal,4,True,0.036522479727864265,0.03475266322493553,0.040272340178489685,0.041365060955286026,0.006447491701692343,0.006036823149770498,0.011767245829105377,0.0129739791154861,0.0100706741213798,-0.0029033049941062997,0.0195383485406637,0.0196937676519155,0.0001554191112518033,0.0490271598100662,0.0501205176115036,0.0010933578014373987,0.0162130668759346,0.0122994882985949,-0.003913578577339701,0.0,0.0,0.0,0.0,0.0,0.0,0.2657491266727447,0.2659560143947601,0.00020688772201538086,-0.005568106658756799,improved,all;rotatable_3_5;ring
Brc1cccc(OCCSc2ncccn2)c1,val::Brc1cccc(OCCSc2ncccn2)c1__gen0001,upstream_etflow_formal,5,True,0.03212737897410989,0.030442398972809315,0.0354310067370534,0.03645469890907407,0.008391056209802628,0.007631815038621426,0.01563406176865101,0.0128636686131358,0.0102120395749807,-0.0026516290381551014,0.0183289367705583,0.0182871744036674,-4.176236689090035e-05,0.0629857778549194,0.0631654560565948,0.00017967820167538728,0.0150968329980969,0.0111463470384478,-0.0039504859596491,0.0,0.0,0.0,0.0,0.0,0.0,0.5052790641784668,0.5049577951431274,-0.00032126903533935547,-0.006464199163019714,improved,all;rotatable_3_5;ring
Brc1cccc(OCCSc2ncccn2)c1,val::Brc1cccc(OCCSc2ncccn2)c1__gen0000,upstream_etflow_formal,5,True,0.03171641239896417,0.030007808469235897,0.03506010118871927,0.036093798000365496,0.008650281466543674,0.0079357223585248,0.015886159613728523,0.011448391713202,0.0102836266160011,-0.0011647650972009,0.0196197610348463,0.0206826906651258,0.0010629296302794994,0.0989480167627334,0.1006135493516922,0.0016655325889587957,0.0156366024166345,0.0124364988878369,-0.0032001035287976005,0.0,0.0,0.0,0.0,0.0,0.0,1.1979016065597534,1.2001241445541382,0.0022225379943847656,-0.0016364064067602054,improved,all;rotatable_3_5;ring
c1c2c(cc3sc(N4CCOCC4)nc13)OCO2,val::c1c2c(cc3sc(N4CCOCC4)nc13)OCO2__gen0000,upstream_etflow_formal,1,True,0.04195480328053236,0.04067109152674675,0.04514598734676838,0.04598835799843073,0.00822912435978651,0.006874558050185442,0.01826523244380951,0.0163850970566272,0.0120809441432356,-0.0043041529133916005,0.0314824022352695,0.0285653620958328,-0.0029170401394366975,0.0948450565338134,0.0870254039764404,-0.007819652557372991,0.0208715796470642,0.014823424629867,-0.006048155017197198,0.0,0.0,0.0,0.0,0.0,0.0,1.0991544723510742,1.0988181829452517,-0.00033628940582253186,-0.021089000627398487,improved,all;rotatable_le_2;ring
c1c2c(cc3sc(N4CCOCC4)nc13)OCO2,val::c1c2c(cc3sc(N4CCOCC4)nc13)OCO2__gen0001,upstream_etflow_formal,1,True,0.03323273453861475,0.032235076650977135,0.03568096905946731,0.036330385506153105,0.0066271452233195305,0.004712303634732962,0.017536133527755737,0.0139723224565386,0.0102192601189017,-0.003753062337636899,0.0269742719829082,0.02543655782938,-0.0015377141535281996,0.0958040058612823,0.093517817556858,-0.0022861883044242998,0.016597282141447,0.0111195864155888,-0.005477695725858201,0.0,0.0,0.0,0.0,0.0,0.0,1.4718959331512451,1.4732298851013184,0.0013339519500732422,-0.0130546605214476,improved,all;rotatable_le_2;ring
c1cc2cn[nH]c2cc1NC1CCCCCC1,val::c1cc2cn[nH]c2cc1NC1CCCCCC1__gen0001,upstream_etflow_formal,2,True,0.031114016193896532,0.031140010803937912,0.031332196295261384,0.031366842612624166,0.0057830605655908585,0.004783927462995052,0.011636357754468918,0.0116954380646348,0.0111175682395696,-0.0005778698250652001,0.0181576143950223,0.0189813207834959,0.000823706388473601,0.1697451174259185,0.1644337773323059,-0.005311340093612588,0.0138872228562831,0.0138155361637473,-7.168669253579917e-05,0.0,0.0,0.0,0.0,0.0,0.0,0.970717191696167,0.9712644815444946,0.0005472898483276367,-0.005137190222739986,improved,all;rotatable_le_2;ring
c1cc2cn[nH]c2cc1NC1CCCCCC1,val::c1cc2cn[nH]c2cc1NC1CCCCCC1__gen0000,upstream_etflow_formal,2,True,0.02784372167661786,0.027867741882801056,0.028036896698176862,0.028071631025522948,0.006419760640710592,0.005451067350804806,0.013669396750628948,0.0105617418885231,0.0105774970725178,1.575518399470066e-05,0.0177847649902105,0.0182833075523376,0.0004985425621271029,0.193969041109085,0.184429258108139,-0.00953978300094599,0.0154799222946167,0.0143718505278229,-0.001108071766793799,0.0,0.0,0.0,0.0,0.0,0.0,1.130308747291565,1.1314681768417358,0.0011594295501708984,-0.010133557021617985,improved,all;rotatable_le_2;ring
c1cc(C(c2nnnn2C2CCCCC2)N2CCN3CCCC3C2)ccn1,val::c1cc(C(c2nnnn2C2CCCCC2)N2CCN3CCCC3C2)ccn1__gen0000,upstream_etflow_formal,4,True,0.03534768894314766,0.03497372567653656,0.03634089604020119,0.03663239628076553,0.006281136069446802,0.0055312467738986015,0.01287791971117258,0.0129063939675688,0.0108970487490296,-0.0020093452185392,0.0208531264215707,0.0220967046916484,0.0012435782700776984,0.0604167133569717,0.0727634131908416,0.012346699833869906,0.0170917827636003,0.0136568499729037,-0.0034349327906966,0.0,0.0,0.0,0.0,0.0,0.0,2.2068357467651367,2.2088634967803955,0.002027750015258789,0.008146000094711805,worsened,all;rotatable_3_5;ring
c1cc(C(c2nnnn2C2CCCCC2)N2CCN3CCCC3C2)ccn1,val::c1cc(C(c2nnnn2C2CCCCC2)N2CCN3CCCC3C2)ccn1__gen0001,upstream_etflow_formal,4,True,0.03807363100349903,0.03767817281186581,0.03915243186056614,0.039467846788465974,0.006030069664120674,0.00497752521187067,0.015089279040694237,0.0125584816560149,0.0109251243993639,-0.001633357256651001,0.025467611849308,0.0268924124538898,0.0014248006045818017,0.0878951996564865,0.0865847617387771,-0.0013104379177093922,0.0159746147692203,0.0121723460033535,-0.0038022687658668,0.0,0.0,0.0,0.0,0.0,0.0,1.6430084705352783,1.643929123878479,0.0009206533432006836,-0.005321263335645391,improved,all;rotatable_3_5;ring
c1ccc2[nH]c(-c3cc[nH+]c4ccccc34)nc2c1,val::c1ccc2[nH]c(-c3cc[nH+]c4ccccc34)nc2c1__gen0001,upstream_etflow_formal,1,True,0.04081694129854441,0.04008072055876255,0.042520371824502946,0.043033714219927785,0.004300733096897602,0.003564924467355013,0.012093075551092625,0.0125226620584726,0.0130389928817749,0.0005163308233023002,0.0205325279384851,0.0210131555795669,0.0004806276410817996,0.1872675418853759,0.1860411167144775,-0.001226425170898382,0.0132802044972777,0.0126242917031049,-0.0006559127941728003,0.0,0.0,0.0,0.0,0.0,0.0,0.1468770653009414,0.1469190269708633,4.1961669921875e-05,-0.0008853795006870824,improved,all;rotatable_le_2;ring
c1ccc2[nH]c(-c3cc[nH+]c4ccccc34)nc2c1,val::c1ccc2[nH]c(-c3cc[nH+]c4ccccc34)nc2c1__gen0000,upstream_etflow_formal,1,True,0.04150368459522724,0.040754638612270355,0.04322982132434845,0.04375116676092148,0.0046022203750908375,0.003636926645413041,0.011337603442370892,0.015088484622538,0.0146823422983288,-0.0004061423242091994,0.0185641553252935,0.0188035145401954,0.00023935921490189985,0.1149914339184761,0.1119036674499511,-0.0030877664685250023,0.0142260054126381,0.0123678101226687,-0.001858195289969401,0.0,0.0,0.0,0.0,0.0,0.0,0.0450418069958686,0.045383084565401,0.00034127756953240135,-0.005112744867801703,improved,all;rotatable_le_2;ring
c1ccc2[nH]c(N3CCOCC3)nc2c1,val::c1ccc2[nH]c(N3CCOCC3)nc2c1__gen0000,upstream_etflow_formal,1,True,0.032374775037169456,0.03174334950745106,0.03399076797068119,0.03443488534539938,0.0054374318569898605,0.00432548439130187,0.017650306224822998,0.0106000388041138,0.0082025490701198,-0.002397489733994,0.0212554279714822,0.0223867427557706,0.0011313147842883994,0.1608011275529861,0.1567486524581909,-0.004052475094795199,0.0153819322586059,0.0106694102287292,-0.0047125220298767,0.0,0.0,0.0,0.0,0.0,0.0,0.7101837396621704,0.7111337184906006,0.0009499788284301758,-0.0100311720743775,improved,all;rotatable_le_2;ring
c1ccc2[nH]c(N3CCOCC3)nc2c1,val::c1ccc2[nH]c(N3CCOCC3)nc2c1__gen0001,upstream_etflow_formal,1,True,0.04151456896215677,0.04064379632472992,0.04378447607159615,0.04440015703439713,0.006789566949009895,0.0053253392688930035,0.02005913108587265,0.01094885263592,0.0107376612722873,-0.0002111913636326998,0.0199008323252201,0.0202570743858814,0.00035624206066129857,0.0392348766326904,0.0436732806265354,0.004438403993845,0.014322854578495,0.0118150413036346,-0.0025078132748603994,0.0,0.0,0.0,0.0,0.0,0.0,1.1819742918014526,1.182477593421936,0.0005033016204833984,0.002075641416013199,worsened,all;rotatable_le_2;ring
c1ccc2c3c([nH]c2c1)-c1[nH]ncc1CC3,val::c1ccc2c3c([nH]c2c1)-c1[nH]ncc1CC3__gen0000,upstream_etflow_formal,0,True,0.03221660340204835,0.031548578292131424,0.033861168846488,0.0343189375475049,0.005052895750850439,0.004339845851063728,0.00919049046933651,0.0145383141934871,0.0121564250439405,-0.002381889149546599,0.0180537831038236,0.0161853991448879,-0.0018683839589356994,0.0,0.0,0.0,0.0161140207201242,0.0126496236771345,-0.0034643970429896996,0.0,0.0,0.0,0.0,0.0,0.0,0.3581547737121582,0.3582297563552856,7.49826431273859e-05,-0.007714670151471998,improved,all;rotatable_le_2;ring
c1ccc2c3c([nH]c2c1)-c1[nH]ncc1CC3,val::c1ccc2c3c([nH]c2c1)-c1[nH]ncc1CC3__gen0001,upstream_etflow_formal,0,True,0.03200994897633791,0.03134232014417648,0.03366333581507206,0.034121818654239175,0.004537650384008884,0.0037991951685398817,0.008621430955827236,0.0122076785191893,0.0105666043236851,-0.0016410741955042007,0.0159003939479589,0.0158655606210231,-3.483332693580282e-05,0.0,0.0,0.0,0.0152041660621762,0.0120530128479003,-0.0031511532142758994,0.0,0.0,0.0,0.0,0.0,0.0,0.7205735445022583,0.7207406163215637,0.00016707181930541992,-0.004827060736715903,improved,all;rotatable_le_2;ring
c1ccc2c(c1)Cn1c-2nc2ccccc21,val::c1ccc2c(c1)Cn1c-2nc2ccccc21__gen0001,upstream_etflow_formal,0,True,0.03139958996325731,0.030720625072717667,0.03303231317549944,0.033492980618029834,0.004598447121679783,0.0036428612656891346,0.013247735798358917,0.0131896650418639,0.0125890355557203,-0.0006006294861435994,0.0207691434770822,0.0219560042023658,0.0011868607252835985,0.0,0.0,0.0,0.014331679791212,0.0131719233468174,-0.0011597564443946006,0.0,0.0,0.0,0.0,0.0,0.0,0.0173062812536954,0.0177024770528078,0.00039619579911239974,-0.0005735252052546016,improved,all;rotatable_le_2;ring
c1ccc2c(c1)Cn1c-2nc2ccccc21,val::c1ccc2c(c1)Cn1c-2nc2ccccc21__gen0000,upstream_etflow_formal,0,True,0.03151572123169899,0.03084483928978443,0.033136643655598166,0.03359291898086667,0.004499668255448341,0.0036806599237024784,0.012608839198946953,0.0117711359634995,0.013127664104104,0.0013565281406045012,0.0211736913770437,0.0223417449742555,0.0011680535972117996,0.0,0.0,0.0,0.0117777399718761,0.0130670070648193,0.0012892670929432002,0.0,0.0,0.0,0.0,0.0,0.0,0.0168951731175184,0.017015466466546,0.00012029334902759897,0.003813848830759501,worsened,all;rotatable_le_2;ring
c1ccc2c(c1)N(CCN1CCCCC1)C1=NCC[NH+]12,val::c1ccc2c(c1)N(CCN1CCCCC1)C1=NCC[NH+]12__gen0000,upstream_etflow_formal,3,True,0.031116564758121967,0.03063634317368269,0.032223787531256674,0.03255421500653028,0.006130697671324015,0.005353725980967283,0.013335192576050758,0.0124721089377999,0.0110926525667309,-0.0013794563710689996,0.022734684869647,0.0243772473186254,0.0016425624489784033,0.0570712089538574,0.0486188940703868,-0.008452314883470598,0.0157597549259662,0.0137341618537902,-0.0020255930721760004,0.0,0.0,0.0,0.0,0.0,0.0,1.521023511886597,1.522746205329895,0.0017226934432981178,-0.010214801877737194,improved,all;rotatable_3_5;ring
c1ccc2c(c1)N(CCN1CCCCC1)C1=NCC[NH+]12,val::c1ccc2c(c1)N(CCN1CCCCC1)C1=NCC[NH+]12__gen0001,upstream_etflow_formal,3,True,0.030946840066462755,0.0304628424346447,0.032059169560670855,0.032392514497041704,0.006181143224239349,0.0055517288856208324,0.013350962661206722,0.0125297205522656,0.0098880426958203,-0.0026416778564453004,0.0182030908763408,0.0183502417057752,0.0001471508294343983,0.066288411617279,0.0624909400939941,-0.0037974715232848982,0.016504043713212,0.0117082418873906,-0.0047958018258214,0.0,0.0,0.0,0.0,0.0,0.0,1.1633447408676147,1.1647417545318604,0.0013970136642456055,-0.0110878003761172,improved,all;rotatable_3_5;ring
c1ccc2c(c1)NC(CN1CCOCC1)CO2,val::c1ccc2c(c1)NC(CN1CCOCC1)CO2__gen0001,upstream_etflow_formal,2,True,0.03159495582804084,0.03108710329979658,0.032838670536875725,0.033205666579306126,0.006172535475343466,0.004962799604982138,0.019571425393223763,0.0118207447230815,0.0102762430906295,-0.0015445016324520007,0.023229457437992,0.0237675439566373,0.0005380865186453004,0.027489811182022,0.0236802399158477,-0.0038095712661743025,0.0165307037532329,0.0128066260367631,-0.003724077716469801,0.0,0.0,0.0,0.0,0.0,0.0,0.8019418716430664,0.8026439547538757,0.0007020831108093262,-0.008540064096450804,improved,all;rotatable_le_2;ring
c1ccc2c(c1)NC(CN1CCOCC1)CO2,val::c1ccc2c(c1)NC(CN1CCOCC1)CO2__gen0000,upstream_etflow_formal,2,True,0.03633635584264994,0.0357487928122282,0.03779930993914604,0.0382267814129591,0.006594344973564148,0.004947713576257229,0.0208858884871006,0.0137091483920812,0.0112077221274375,-0.0025014262646437004,0.0238616000860929,0.0233931466937065,-0.00046845339238640177,0.0721796751022338,0.0694265365600586,-0.0027531385421752097,0.01935326308012,0.015747919678688,-0.003605343401431999,0.0,0.0,0.0,0.0,0.0,0.0,0.751052737236023,0.7509987354278564,-5.4001808166503906e-05,-0.009328361600637311,improved,all;rotatable_le_2;ring
c1ccc2c(Cn3nnc4ccccc43)cccc2c1,val::c1ccc2c(Cn3nnc4ccccc43)cccc2c1__gen0000,upstream_etflow_formal,2,True,0.0309676812030375,0.03035872709006071,0.032258175499737266,0.032662561256438495,0.00440422585234046,0.004005758091807365,0.00871943961828947,0.0137664740905165,0.0115272998809814,-0.0022391742095350994,0.0170609652996063,0.0172468237578868,0.0001858584582805009,0.0687327831983566,0.06886887550354,0.00013609230518339677,0.0188023019582033,0.0145817594602704,-0.004220542497932899,0.0,0.0,0.0,0.0,0.0,0.0,0.0860428512096405,0.0859682038426399,-7.464736700060759e-05,-0.0061377659440041005,improved,all;rotatable_le_2;ring
c1ccc2c(Cn3nnc4ccccc43)cccc2c1,val::c1ccc2c(Cn3nnc4ccccc43)cccc2c1__gen0001,upstream_etflow_formal,2,True,0.03554891422390938,0.034841811284422874,0.037037627398967744,0.03750122040510177,0.003934812266379595,0.00323256547562778,0.010541665367782116,0.0132132899016141,0.0121609438210725,-0.0010523460805416003,0.0186665393412113,0.0191210526973009,0.0004545133560895989,0.0834439992904663,0.0829072594642639,-0.0005367398262023926,0.0162715855985879,0.0133240278810262,-0.0029475577175616993,0.0,0.0,0.0,0.0,0.0,0.0,0.4451248943805694,0.4453918039798736,0.0002669095993041992,-0.004082130268216093,improved,all;rotatable_le_2;ring
c1ccc2c(NC3CCCC3)nnc(NC3CCCC3)c2c1,val::c1ccc2c(NC3CCCC3)nnc(NC3CCCC3)c2c1__gen0000,upstream_etflow_formal,4,True,0.03127485467121005,0.03054808732122183,0.032851191237568855,0.03333373460918665,0.0065037705935537815,0.00598423695191741,0.015523141250014305,0.0136904148384928,0.011602253653109,-0.0020881611853837984,0.0216293670237064,0.0208421107381582,-0.0007872562855481997,0.2051280587911605,0.2090913951396942,0.003963336348533714,0.0173856653273105,0.0168213155120611,-0.000564349815249398,0.0,0.0,0.0,0.0,0.0,0.0,1.5716782808303833,1.573319673538208,0.001641392707824707,0.0005235690623523175,worsened,all;rotatable_3_5;ring
c1ccc2c(NC3CCCC3)nnc(NC3CCCC3)c2c1,val::c1ccc2c(NC3CCCC3)nnc(NC3CCCC3)c2c1__gen0001,upstream_etflow_formal,4,True,0.03110149083659053,0.030383395962417126,0.03266166392713785,0.03313906611874699,0.006401819176971912,0.005850742571055889,0.01514444500207901,0.014160287566483,0.0129568483680486,-0.0012034391984343997,0.0209297332912683,0.0203455872833728,-0.0005841460078955009,0.200232446193695,0.2045248299837112,0.004292383790016174,0.0183920748531818,0.0175677649676799,-0.0008243098855018997,0.0,0.0,0.0,0.0,0.0,0.0,1.0385723114013672,1.0401813983917236,0.0016090869903564453,0.001680488698184374,worsened,all;rotatable_3_5;ring
c1ccc2c(Oc3nc(Nc4ccc(N5CCOCC5)cc4)c4ncn(C5CCCCC5)c4n3)cccc2c1,val::c1ccc2c(Oc3nc(Nc4ccc(N5CCOCC5)cc4)c4ncn(C5CCCCC5)c4n3)cccc2c1__gen0001,upstream_etflow_formal,6,True,0.040515560656785965,0.03952227346599102,0.04280579499900341,0.04346632976084947,0.00872545875608921,0.007742015179246664,0.027783764526247978,0.0147470096126198,0.0118717094883322,-0.0028753001242876,0.0227319542318582,0.0248837582767009,0.002151804044842699,0.063909150660038,0.0644107013940811,0.0005015507340431075,0.0176757425069808,0.0130236456170678,-0.004652096889912999,0.0,0.0,0.0,0.0,0.0,0.0,1.677371382713318,1.6801097393035889,0.002738356590270774,-0.004874042235314792,improved,all;rotatable_ge_6;ring
c1ccc2c(Oc3nc(Nc4ccc(N5CCOCC5)cc4)c4ncn(C5CCCCC5)c4n3)cccc2c1,val::c1ccc2c(Oc3nc(Nc4ccc(N5CCOCC5)cc4)c4ncn(C5CCCCC5)c4n3)cccc2c1__gen0000,upstream_etflow_formal,6,True,0.04032855946570635,0.039321523159742355,0.0426589161157608,0.04332796968519687,0.009147693403065205,0.007998265326023102,0.02832644060254097,0.0149756055325269,0.0132938669994473,-0.0016817385330795999,0.0224392637610435,0.0238653905689716,0.0014261268079280992,0.0451672375202178,0.0462836734950542,0.001116435974836405,0.0169411227107048,0.0138608952984213,-0.0030802274122835004,0.0,0.0,0.0,0.0,0.0,0.0,1.2303526401519775,1.2327419519424438,0.0023893117904663086,-0.002219403162598596,improved,all;rotatable_ge_6;ring
c1ccc2oc(-c3[nH]ncc3CN(Cc3ccncc3)CC3CCCO3)cc2c1,val::c1ccc2oc(-c3[nH]ncc3CN(Cc3ccncc3)CC3CCCO3)cc2c1__gen0000,upstream_etflow_formal,7,True,0.032903362065553665,0.03224136494100094,0.03422420993447304,0.03462681621313095,0.008792107924818993,0.007953482680022717,0.023277193307876587,0.012764947488904,0.0106651717796921,-0.002099775709211899,0.0253897048532962,0.0258219055831432,0.00043220072984699945,0.1279970854520797,0.1279233545064926,-7.373094558710269e-05,0.0173846613615751,0.0142673160880804,-0.0031173452734946996,0.0,0.0,0.0,0.0,0.0,0.0,2.0604848861694336,2.064199686050415,0.0037147998809814453,-0.004858651198446702,improved,all;rotatable_ge_6;ring
c1ccc2oc(-c3[nH]ncc3CN(Cc3ccncc3)CC3CCCO3)cc2c1,val::c1ccc2oc(-c3[nH]ncc3CN(Cc3ccncc3)CC3CCCO3)cc2c1__gen0001,upstream_etflow_formal,7,True,0.033396972343325615,0.03277317248284817,0.03465628661215305,0.03503658641129732,0.008720732294023037,0.00806314405053854,0.024112245067954063,0.0119776036590337,0.0097361840307712,-0.0022414196282625008,0.0225425865501165,0.0235648062080144,0.0010222196578979006,0.0579299926757812,0.0561907701194286,-0.0017392225563526015,0.013159742578864,0.0094593400135636,-0.0037004025653004004,0.0,0.0,0.0,0.0,0.0,0.0,2.643787145614624,2.6462762355804443,0.0024890899658203125,-0.006658825092017602,improved,all;rotatable_ge_6;ring
c1ccc2oc(Cc3ccc(Cc4nc5ccccc5o4)cc3)nc2c1,val::c1ccc2oc(Cc3ccc(Cc4nc5ccccc5o4)cc3)nc2c1__gen0000,upstream_etflow_formal,4,True,0.033015524968504906,0.03231325000524521,0.03444579988718033,0.03490073047578335,0.0051208785735070705,0.004902042914181948,0.009080223739147186,0.0118687646463513,0.0100461635738611,-0.0018226010724901997,0.0189728196710348,0.0181079804897308,-0.0008648391813039988,0.0552322268486022,0.0543980598449707,-0.0008341670036314947,0.0144426636397838,0.0109086586162447,-0.003534005023539101,0.0,0.0,0.0,0.0,0.0,0.0,1.5981214046478271,1.5995923280715942,0.0014709234237670898,-0.007055612280964794,improved,all;rotatable_3_5;ring
c1ccc2oc(Cc3ccc(Cc4nc5ccccc5o4)cc3)nc2c1,val::c1ccc2oc(Cc3ccc(Cc4nc5ccccc5o4)cc3)nc2c1__gen0001,upstream_etflow_formal,4,True,0.03300759196281433,0.03230937942862511,0.03443299643695354,0.0348859729245305,0.0051102531142532825,0.004845798015594482,0.00842687301337719,0.0106895491480827,0.0089717898517847,-0.001717759296298001,0.0185175947844982,0.0170908514410257,-0.0014267433434725016,0.0511115491390228,0.0512333214282989,0.00012177228927610223,0.0139094730839133,0.0101454993709921,-0.0037639737129212,0.0,0.0,0.0,0.0,0.0,0.0,1.4310604333877563,1.4321306943893433,0.001070261001586914,-0.0067867040634156,improved,all;rotatable_3_5;ring
c1ccc2sc(C3(N4CCCCC4)CCCCC3)cc2c1,val::c1ccc2sc(C3(N4CCCCC4)CCCCC3)cc2c1__gen0000,upstream_etflow_formal,2,True,0.035759544000029564,0.03526395000517368,0.037015970423817636,0.03738521952182054,0.004999442026019096,0.003769171889871359,0.013013005256652832,0.0147478263825178,0.0130027411505579,-0.0017450852319599013,0.0241671074181795,0.0240462739020586,-0.00012083351612090024,0.1313214302062988,0.129858911037445,-0.0014625191688537875,0.0207787863910198,0.0166495013982057,-0.004129284992814099,0.0,0.0,0.0,0.0,0.0,0.0,0.943454384803772,0.9436843991279602,0.00023001432418823242,-0.007457722909748688,improved,all;rotatable_le_2;ring
c1ccc2sc(C3(N4CCCCC4)CCCCC3)cc2c1,val::c1ccc2sc(C3(N4CCCCC4)CCCCC3)cc2c1__gen0001,upstream_etflow_formal,2,True,0.03496062569320202,0.03444208949804306,0.036263614520430566,0.036643754504621026,0.005545354913920164,0.004172311630100012,0.01388806663453579,0.0137446951121091,0.0108725298196077,-0.0028721652925013993,0.0270307566970586,0.0270050782710313,-2.5678426027301443e-05,0.1722052693367004,0.1758744120597839,0.003669142723083496,0.0176507234573364,0.0131599847227334,-0.004490738734603001,0.0,0.0,0.0,0.0,0.0,0.0,1.244543433189392,1.2452714443206787,0.0007280111312866211,-0.0037194397300482056,improved,all;rotatable_le_2;ring
c1ccc(-c2c(-c3nc4ccccc4[nH]3)n[nH]c2-c2ccco2)cc1,val::c1ccc(-c2c(-c3nc4ccccc4[nH]3)n[nH]c2-c2ccco2)cc1__gen0001,upstream_etflow_formal,3,True,0.04279312677681446,0.041956664994359016,0.04478954486548901,0.045360714010894296,0.006703049410134554,0.005307047627866268,0.017251990735530853,0.0131730064749717,0.0131699508056044,-3.0556693672995072e-06,0.0193295013159513,0.0178259015083313,-0.00150359980762,0.0766075477004051,0.0742744579911232,-0.0023330897092818936,0.0132544357329607,0.0122865121811628,-0.0009679235517978998,0.0,0.0,0.0,0.0,0.0,0.0,1.5736404657363892,1.5740418434143066,0.00040137767791748047,-0.004807668738067093,improved,all;rotatable_3_5;ring
c1ccc(-c2c(-c3nc4ccccc4[nH]3)n[nH]c2-c2ccco2)cc1,val::c1ccc(-c2c(-c3nc4ccccc4[nH]3)n[nH]c2-c2ccco2)cc1__gen0000,upstream_etflow_formal,3,True,0.03857003431767225,0.0377969816327095,0.040415647253394124,0.04094071816653013,0.005830463487654924,0.00498404772952199,0.0118942242115736,0.0137220630422234,0.0130694545805454,-0.0006526084616780004,0.0164880063384771,0.0157879199832677,-0.0007000863552093992,0.06728246062994,0.0694778338074684,0.0021953731775283952,0.011583786457777,0.0114950817078351,-8.870474994190046e-05,0.0,0.0,0.0,0.0,0.0,0.0,1.1370373964309692,1.1373594999313354,0.00032210350036621094,0.0007539736106990953,worsened,all;rotatable_3_5;ring
c1ccc(-c2cn3c(n2)-c2ccccc2C3)cc1,val::c1ccc(-c2cn3c(n2)-c2ccccc2C3)cc1__gen0001,upstream_etflow_formal,1,True,0.032371341716498137,0.03169853799045086,0.033994050696492195,0.034455505199730396,0.004711134824901819,0.003801570739597082,0.01432755682617426,0.0114476317539811,0.0127395680174231,0.0012919362634419996,0.0187446195632219,0.0194084607064723,0.0006638411432503995,0.009151242673397,0.0092279827222228,7.67400488257998e-05,0.0126414420083165,0.0144319236278533,0.0017904816195368004,0.0,0.0,0.0,0.0,0.0,0.0,0.0380603559315204,0.0383072420954704,0.0002468861639500011,0.003822999075054999,worsened,all;rotatable_le_2;ring
c1ccc(-c2cn3c(n2)-c2ccccc2C3)cc1,val::c1ccc(-c2cn3c(n2)-c2ccccc2C3)cc1__gen0000,upstream_etflow_formal,1,True,0.042098003439605236,0.04123155027627945,0.04419407248497009,0.04479352943599224,0.006384078413248062,0.004493317566812038,0.019087307155132294,0.0108247818425297,0.0137984864413738,0.0029737045988441,0.0178017616271972,0.0193467773497104,0.0015450157225131989,0.001744985464029,0.0016341209411621,-0.00011086452286689997,0.0110798003152012,0.0151239689439535,0.004044168628752301,0.0,0.0,0.0,0.0,0.0,0.0,1.84562623500824,1.8452969789505005,-0.00032925605773947986,0.0084520244272427,worsened,all;rotatable_le_2;ring
c1ccc(-c2csc(-n3cccn3)n2)cc1,val::c1ccc(-c2csc(-n3cccn3)n2)cc1__gen0000,upstream_etflow_formal,2,True,0.042342900298535824,0.04136134497821331,0.045206128433346746,0.045866125635802744,0.009100956842303276,0.0064460341818630695,0.02440767176449299,0.0163353681564331,0.0141161242499947,-0.0022192439064383992,0.0155392345041036,0.0156576540321111,0.00011841952800749865,0.0236832313239574,0.0237413384020328,5.810707807539853e-05,0.0189151167869567,0.0164605304598808,-0.0024545863270758993,0.0,0.0,0.0,0.0,0.0,0.0,1.3547197580337524,1.3542232513427734,-0.0004965066909790039,-0.004497303627431401,improved,all;rotatable_le_2;ring
c1ccc(-c2csc(-n3cccn3)n2)cc1,val::c1ccc(-c2csc(-n3cccn3)n2)cc1__gen0001,upstream_etflow_formal,2,True,0.04723439458757639,0.04627828486263752,0.049895196408033374,0.0505325585603714,0.009807826019823551,0.006766152568161488,0.025993553921580315,0.0150695024058222,0.0136385494843125,-0.001430952921509701,0.0157808382064104,0.0160704348236322,0.0002895966172217976,0.0186257362365722,0.0170387029647827,-0.0015870332717894987,0.0180746614933013,0.0161380842328071,-0.001936577260494201,0.0,0.0,0.0,0.0,0.0,0.0,0.0284911431372165,0.029508912935853,0.0010177697986365024,-0.004664966836571603,improved,all;rotatable_le_2;ring
c1ccc(-c2ncc(CN3CCN(c4ccccn4)CC3)[nH]2)cc1,val::c1ccc(-c2ncc(CN3CCN(c4ccccn4)CC3)[nH]2)cc1__gen0001,upstream_etflow_formal,4,True,0.035888101905584335,0.03527018055319786,0.037338060513138774,0.03777222577482462,0.005780321080237627,0.005215715151280165,0.015114578418433666,0.0141969053074717,0.0121480477973818,-0.0020488575100899003,0.022007618099451,0.0219275187700986,-8.009932935239966e-05,0.1057189404964447,0.0998543500900268,-0.005864590406417902,0.0185949280858039,0.0155910151079297,-0.0030039129778741992,0.0,0.0,0.0,0.0,0.0,0.0,0.9773352146148682,0.978423237800598,0.0010880231857298694,-0.010997460223734401,improved,all;rotatable_3_5;ring
c1ccc(-c2ncc(CN3CCN(c4ccccn4)CC3)[nH]2)cc1,val::c1ccc(-c2ncc(CN3CCN(c4ccccn4)CC3)[nH]2)cc1__gen0000,upstream_etflow_formal,4,True,0.039527708664536476,0.03882043808698654,0.04118967317044735,0.04168639089912176,0.005312840919941664,0.0045008365996181965,0.013986925594508648,0.0129379080608487,0.0120044527575373,-0.0009334553033114,0.0169852282851934,0.0185923185199499,0.0016070902347564975,0.0783382654190063,0.0790861845016479,0.0007479190826415877,0.0184332076460123,0.0160426367074251,-0.002390570938587199,0.0,0.0,0.0,0.0,0.0,0.0,2.0681753158569336,2.070079803466797,0.0019044876098632812,-0.000969016924500514,improved,all;rotatable_3_5;ring
Cc1ccc(_C=N_n2c(-c3ccncc3)n[nH]c2=S)cc1,val::Cc1ccc(_C=N_n2c(-c3ccncc3)n[nH]c2=S)cc1__gen0000,cartesian_teacher_100k,4,True,0.06400916632264853,0.06053287535905838,0.07242878451943398,0.07456672526896,0.04553288593888283,0.03726018965244293,0.10420781373977661,0.0890901982784271,0.0639629065990448,-0.025127291679382296,0.0578507222235202,0.0480341427028179,-0.0098165795207023,0.1040527522563934,0.1080830618739128,0.0040303096175193925,0.0645207092165947,0.0468632318079471,-0.017657477408647593,0.0,0.0,0.0,0.0,0.0,0.0,1.4761781692504885,1.4905966520309448,0.014418482780456321,-0.048571038991212796,improved,all;rotatable_3_5;ring
Cc1ccc(_C=N_n2c(-c3ccncc3)n[nH]c2=S)cc1,val::Cc1ccc(_C=N_n2c(-c3ccncc3)n[nH]c2=S)cc1__gen0001,cartesian_teacher_100k,4,True,0.06763681024312973,0.06371831521391869,0.07745789811015129,0.07992924414575099,0.04694855585694313,0.03864659368991852,0.1116781160235405,0.0810012146830558,0.0568777583539485,-0.02412345632910729,0.0581550933420658,0.0484146922826767,-0.0097404010593891,0.1234230548143386,0.1121438518166542,-0.011279202997684395,0.0558649785816669,0.041466150432825,-0.0143988281488419,0.0,0.0,0.0,0.0,0.0,0.0,1.6842362880706787,1.6980360746383667,0.013799786567687988,-0.05954188853502269,improved,all;rotatable_3_5;ring
CC(=O)OCC1=C(C(=O)O)N2C(=O)[C@@H](NC(=O)CS_C(=N_C(C)C)NC(C)C)[C@H]2SC1,val::CC(=O)OCC1=C(C(=O)O)N2C(=O)[C@@H](NC(=O)CS_C(=N_C(C)C)NC(C)C)[C@H]2SC1__gen0000,cartesian_teacher_100k,18,True,0.09754054062068462,0.10082021728157997,0.10703383684158325,0.1074318565428257,0.2047576606273651,0.19079196453094482,0.27538788318634033,0.2097234725952148,0.0718857571482658,-0.137837715446949,0.130126342177391,0.0475002452731132,-0.0826260969042778,0.1213531196117401,0.0687616765499115,-0.0525914430618286,0.1428720504045486,0.0533578395843505,-0.08951421082019809,0.0,0.0,0.0,0.0,0.0,0.0,2.769301414489746,2.832636833190918,0.06333541870117188,-0.3625694662332535,improved,all;rotatable_ge_6;ring
CC(=O)OCC1=C(C(=O)O)N2C(=O)[C@@H](NC(=O)CS_C(=N_C(C)C)NC(C)C)[C@H]2SC1,val::CC(=O)OCC1=C(C(=O)O)N2C(=O)[C@@H](NC(=O)CS_C(=N_C(C)C)NC(C)C)[C@H]2SC1__gen0001,cartesian_teacher_100k,18,True,0.10000533424317837,0.10384678840637207,0.10670696943998337,0.10698248818516731,0.20762774348258972,0.19129638373851776,0.2856754660606384,0.205340638756752,0.0622608922421932,-0.1430797465145588,0.1235981434583664,0.0428042933344841,-0.0807938501238823,0.1342178881168365,0.0523871853947639,-0.0818307027220726,0.1318316459655761,0.0483694337308406,-0.08346221223473549,0.0,0.0,0.0,0.0,0.0,0.0,2.7080483436584477,2.770004272460937,0.061955928802489346,-0.3891665115952492,improved,all;rotatable_ge_6;ring
Cc1ccc(NC(=O)CNC(=O)c2cccs2)cc1S(=O)(=O)Nc1ccc(Cl)cc1,val::Cc1ccc(NC(=O)CNC(=O)c2cccs2)cc1S(=O)(=O)Nc1ccc(Cl)cc1__gen0000,cartesian_teacher_100k,10,True,0.08826670050621033,0.08801156654953957,0.08960752785205842,0.08982722759246826,0.10760685056447983,0.09505187720060349,0.19868890941143036,0.1147139519453048,0.062824048101902,-0.05188990384340281,0.063163012266159,0.0393882803618907,-0.0237747319042683,0.1017605066299438,0.0483365543186664,-0.0534239523112774,0.0851461440324783,0.0478228032588958,-0.03732334077358251,0.0,0.0,0.0,0.0,0.0,0.0,0.3726712465286255,0.3637671768665313,-0.008904069662094172,-0.16641192883253103,improved,all;rotatable_ge_6;ring
Cc1ccc(NC(=O)CNC(=O)c2cccs2)cc1S(=O)(=O)Nc1ccc(Cl)cc1,val::Cc1ccc(NC(=O)CNC(=O)c2cccs2)cc1S(=O)(=O)Nc1ccc(Cl)cc1__gen0001,cartesian_teacher_100k,10,True,0.09291980043053627,0.09240484982728958,0.09467566907405853,0.09508984237909317,0.11730928719043732,0.10466885566711426,0.21065093576908112,0.117876335978508,0.0595887340605258,-0.0582876019179822,0.0837495848536491,0.0505548901855945,-0.033194694668054595,0.1088516265153884,0.0465789139270782,-0.06227271258831021,0.1261869668960571,0.0674584209918975,-0.0587285459041596,0.0,0.0,0.0,0.0,0.0,0.0,1.3817812204360962,1.425918698310852,0.04413747787475586,-0.2124835550785066,improved,all;rotatable_ge_6;ring
Cc1ccc2nc(Nc3nc(CSc4nnnn4-c4ccccc4)cc(=O)[nH]3)nc(C)c2c1,val::Cc1ccc2nc(Nc3nc(CSc4nnnn4-c4ccccc4)cc(=O)[nH]3)nc(C)c2c1__gen0000,cartesian_teacher_100k,8,True,0.09609654545783997,0.09516210108995438,0.09855743944644928,0.09928446114063262,0.09777402877807617,0.08007936924695969,0.18619999289512634,0.1191778853535652,0.0675340816378593,-0.0516438037157059,0.0580336488783359,0.0414998941123485,-0.016533754765987396,0.0475766099989414,0.049906026571989,0.0023294165730475963,0.087036944925785,0.0510731413960456,-0.035963803529739394,0.0,0.0,0.0,0.0,0.0,0.0,1.9423816204071045,1.9681329727172847,0.02575135231018022,-0.10181194543838509,improved,all;rotatable_ge_6;ring
Cc1ccc2nc(Nc3nc(CSc4nnnn4-c4ccccc4)cc(=O)[nH]3)nc(C)c2c1,val::Cc1ccc2nc(Nc3nc(CSc4nnnn4-c4ccccc4)cc(=O)[nH]3)nc(C)c2c1__gen0001,cartesian_teacher_100k,8,True,0.08999646268785,0.08863486349582672,0.0950328454375267,0.09626529589295386,0.08899872750043869,0.07298211753368378,0.17255088686943054,0.1095886081457138,0.0642391964793205,-0.04534941166639331,0.049455638974905,0.0414505265653133,-0.008005112409591703,0.0622004196047782,0.066329151391983,0.004128731787204805,0.0824899226427078,0.0488744936883449,-0.0336154289543629,0.0,0.0,0.0,0.0,0.0,0.0,2.418436050415039,2.4411025047302246,0.022666454315185547,-0.08284122124314311,improved,all;rotatable_ge_6;ring
C=CC[NH+]1C(c2ccccc2)=CS_C1=C(\C#N)c1nnc2n1CCCCC2,val::C=CC[NH+]1C(c2ccccc2)=CS_C1=C(\C#N)c1nnc2n1CCCCC2__gen0000,cartesian_teacher_100k,4,True,0.11547522991895676,0.11689069867134094,0.11877272129058838,0.11900008767843247,0.16660718619823456,0.14899462461471558,0.2572888433933258,0.1466422080993652,0.0635334774851799,-0.0831087306141853,0.1076255068182945,0.0441532619297504,-0.0634722448885441,0.0995825678110122,0.0624978728592395,-0.0370846949517727,0.1233006492257118,0.0512294396758079,-0.0720712095499039,0.0,0.0,0.0,0.0,0.0,0.0,1.344367742538452,1.3979339599609375,0.053566217422485574,-0.255736880004406,improved,all;rotatable_3_5;ring
C=CC[NH+]1C(c2ccccc2)=CS_C1=C(\C#N)c1nnc2n1CCCCC2,val::C=CC[NH+]1C(c2ccccc2)=CS_C1=C(\C#N)c1nnc2n1CCCCC2__gen0001,cartesian_teacher_100k,4,True,0.12064073979854584,0.12195774540305138,0.12297623381018638,0.1231602568179369,0.17976419627666473,0.1634085476398468,0.27456843852996826,0.1622958928346634,0.0676238909363746,-0.0946720018982888,0.1303000003099441,0.0640658885240554,-0.0662341117858887,0.0807665884494781,0.0852692425251007,0.0045026540756226,0.174462080001831,0.0665910542011261,-0.1078710258007049,0.0,0.0,0.0,0.0,0.0,0.0,0.7620950937271118,0.7641844153404236,0.0020893216133117676,-0.2642744854092598,improved,all;rotatable_3_5;ring
CCN1CC[NH+](CCOCCOc2ccccc2-c2ccccc2)CC1,val::CCN1CC[NH+](CCOCCOc2ccccc2-c2ccccc2)CC1__gen0000,cartesian_teacher_100k,10,True,0.125570148229599,0.12671922147274017,0.1282092660665512,0.12845465689897537,0.22649499773979187,0.20891276001930237,0.3576050102710724,0.1580482721328735,0.0404890440404415,-0.11755922809243201,0.1310605257749557,0.046293843537569,-0.0847666822373867,0.15910504758358,0.0730118006467819,-0.0860932469367981,0.135338619351387,0.0335831455886364,-0.1017554737627506,0.0,0.0,0.0,0.0,0.0,0.0,1.5079723596572876,1.5673084259033203,0.059336066246032715,-0.39017463102936745,improved,all;rotatable_ge_6;ring
CCN1CC[NH+](CCOCCOc2ccccc2-c2ccccc2)CC1,val::CCN1CC[NH+](CCOCCOc2ccccc2-c2ccccc2)CC1__gen0001,cartesian_teacher_100k,10,True,0.12429612316191196,0.1253940649330616,0.12664333879947662,0.126825188100338,0.22417575120925903,0.2091977298259735,0.3144380450248718,0.1840472817420959,0.0589361190795898,-0.1251111626625061,0.143359825015068,0.0429281257092952,-0.1004316993057728,0.1140578016638755,0.040738008916378,-0.0733197927474975,0.1912683248519897,0.0624733306467533,-0.12879499420523638,0.0,0.0,0.0,0.0,0.0,0.0,1.3738853931427002,1.451192855834961,0.07730746269226074,-0.42765764892101277,improved,all;rotatable_ge_6;ring
CCOC(=O)N1CCN(C(=O)c2cn(C)c3ccc(S(=O)(=O)N(C)C4CCCCC4)cc3c2=O)CC1,val::CCOC(=O)N1CCN(C(=O)c2cn(C)c3ccc(S(=O)(=O)N(C)C4CCCCC4)cc3c2=O)CC1__gen0000,cartesian_teacher_100k,11,True,0.10053225792944431,0.1020277626812458,0.10364401340484619,0.10378242656588554,0.18741145730018616,0.17041537165641785,0.25852012634277344,0.1682256609201431,0.0726682022213935,-0.0955574586987496,0.1166525781154632,0.0535684116184711,-0.06308416649699211,0.0598833188414573,0.0480220280587673,-0.01186129078269,0.1311826258897781,0.0605707876384258,-0.07061183825135231,0.0,0.0,0.0,0.0,0.0,0.0,2.4096460342407227,2.4805920124053955,0.07094597816467285,-0.241114754229784,improved,all;rotatable_ge_6;ring
CCOC(=O)N1CCN(C(=O)c2cn(C)c3ccc(S(=O)(=O)N(C)C4CCCCC4)cc3c2=O)CC1,val::CCOC(=O)N1CCN(C(=O)c2cn(C)c3ccc(S(=O)(=O)N(C)C4CCCCC4)cc3c2=O)CC1__gen0001,cartesian_teacher_100k,11,True,0.10407879948616028,0.1054445207118988,0.10679431185126305,0.1069872934371233,0.18930776417255402,0.1699441820383072,0.2625191807746887,0.1548335701227188,0.0604280717670917,-0.09440549835562712,0.0928344279527664,0.0519454814493656,-0.0408889465034008,0.0765684396028518,0.0866507738828659,0.010082334280014107,0.1146996319293975,0.0409529246389865,-0.073746707290411,0.0,0.0,0.0,0.0,0.0,0.0,1.643765926361084,1.728020429611206,0.08425450325012207,-0.19895881786942482,improved,all;rotatable_ge_6;ring
CN(C)c1ccc(C(=O)c2ccccc2C(=O)O)c(O)c1,val::CN(C)c1ccc(C(=O)c2ccccc2C(=O)O)c(O)c1__gen0000,cartesian_teacher_100k,8,True,0.10337558947503567,0.10344298928976059,0.10432289987802505,0.10447602942585946,0.15700601041316986,0.13966743648052216,0.34062954783439636,0.125354990363121,0.0546743273735046,-0.07068066298961641,0.1508309692144394,0.0541545338928699,-0.0966764353215695,0.0572467632591724,0.0443621203303337,-0.012884642928838695,0.1098749041557312,0.0482271127402782,-0.061647791415453,0.0,0.0,0.0,0.0,0.0,0.0,1.99702262878418,2.06230092048645,0.06527829170227029,-0.24188953265547758,improved,all;rotatable_ge_6;ring
CN(C)c1ccc(C(=O)c2ccccc2C(=O)O)c(O)c1,val::CN(C)c1ccc(C(=O)c2ccccc2C(=O)O)c(O)c1__gen0001,cartesian_teacher_100k,8,True,0.10349176451563835,0.10423837602138519,0.10689530223608017,0.10716565549373627,0.15192271769046783,0.13879983127117157,0.24773912131786346,0.1496254503726959,0.0676504001021385,-0.08197505027055739,0.1414872705936432,0.0679328292608261,-0.07355444133281709,0.0529660508036613,0.047318872064352,-0.005647178739309297,0.1739071160554886,0.0771889016032219,-0.0967182144522667,0.0,0.0,0.0,0.0,0.0,0.0,0.4586823880672455,0.4331100881099701,-0.02557229995727539,-0.2578948847949505,improved,all;rotatable_ge_6;ring
COC(=O)c1nnc(-c2ccccc2)c(-c2ccccc2)n1,val::COC(=O)c1nnc(-c2ccccc2)c(-c2ccccc2)n1__gen0000,cartesian_teacher_100k,5,True,0.08026415482163429,0.07872657477855682,0.08320893049240112,0.08413912951946258,0.07233239710330963,0.06295359134674072,0.14116662740707397,0.1208802908658981,0.0760973617434501,-0.04478292912244801,0.0631425306200981,0.0411038808524608,-0.0220386497676373,0.1189237087965011,0.1186509877443313,-0.0002727210521697998,0.1129461675882339,0.0655316710472107,-0.04741449654102321,0.0,0.0,0.0,0.0,0.0,0.0,0.9145381450653076,0.9246578216552734,0.01011967658996582,-0.11450879648327832,improved,all;rotatable_3_5;ring
COC(=O)c1nnc(-c2ccccc2)c(-c2ccccc2)n1,val::COC(=O)c1nnc(-c2ccccc2)c(-c2ccccc2)n1__gen0001,cartesian_teacher_100k,5,True,0.07725960947573185,0.07603007555007935,0.0803801603615284,0.08120832033455372,0.06601320952177048,0.056962065398693085,0.13736554980278015,0.1055066734552383,0.0647651702165603,-0.040741503238678006,0.0588516518473625,0.0403289683163166,-0.0185226835310459,0.0790144801139831,0.0725273638963699,-0.0064871162176131925,0.0924603715538978,0.0519161745905876,-0.0405441969633102,0.0,0.0,0.0,0.0,0.0,0.0,0.5263801217079163,0.5376490354537964,0.011268913745880127,-0.1062954999506473,improved,all;rotatable_3_5;ring
CCN(CC)c1ccc(-c2sc(Nc3ccccc3)n[n+]2-c2ccc(F)cc2)cc1,val::CCN(CC)c1ccc(-c2sc(Nc3ccccc3)n[n+]2-c2ccc(F)cc2)cc1__gen0000,cartesian_teacher_100k,9,True,0.1092655099928379,0.1088593415915966,0.11234244629740715,0.11280636452138423,0.14325964450836182,0.12739232182502747,0.23413260281085968,0.137687399983406,0.0607431940734386,-0.07694420590996741,0.0926628112792968,0.0483159981667995,-0.04434681311249731,0.0598672218620777,0.037324920296669,-0.0225423015654087,0.1416845917701721,0.064093105494976,-0.07759148627519609,0.0,0.0,0.0,0.0,0.0,0.0,1.0123505592346191,1.0446178913116455,0.03226733207702637,-0.22142480686306953,improved,all;rotatable_ge_6;ring
CCN(CC)c1ccc(-c2sc(Nc3ccccc3)n[n+]2-c2ccc(F)cc2)cc1,val::CCN(CC)c1ccc(-c2sc(Nc3ccccc3)n[n+]2-c2ccc(F)cc2)cc1__gen0001,cartesian_teacher_100k,9,True,0.11515114270150661,0.11549417302012444,0.11777082830667496,0.11801081895828247,0.1517951935529709,0.13558965921401978,0.24305038154125214,0.1412204802036285,0.06113713234663,-0.08008334785699851,0.1054452508687973,0.0515997149050235,-0.053845535963773804,0.051504760980606,0.0222330838441848,-0.029271677136421204,0.1468648761510849,0.0661058276891708,-0.0807590484619141,0.0,0.0,0.0,0.0,0.0,0.0,1.5410258769989014,1.606583833694458,0.06555795669555664,-0.2439596094191076,improved,all;rotatable_ge_6;ring
C#CCOCCOCCOCCNc1nc(N2CCOCC2)nc(N2CCN(C(=O)[C@H]([C@@H](C)CC)n3cc([C@@H]([NH3+])CC(C)C)nn3)CC2)n1,val::C#CCOCCOCCOCCNc1nc(N2CCOCC2)nc(N2CCN(C(=O)[C@H]([C@@H](C)CC)n3cc([C@@H]([NH3+])CC(C)C)nn3)CC2)n1__gen0000,cartesian_teacher_100k,26,True,0.13884015008807182,0.14035731554031372,0.1417597845196724,0.14205190613865853,0.23940815031528473,0.22342132031917572,0.3569001257419586,0.1725772768259048,0.0686526075005531,-0.10392466932535169,0.1823703199625015,0.0883411020040512,-0.0940292179584503,0.1857819855213165,0.1109475716948509,-0.0748344138264656,0.151163637638092,0.0615549124777317,-0.08960872516036031,1.193170919577824e-05,0.0,-1.193170919577824e-05,0.0,0.0,0.0,4.520919799804688,4.578554153442383,0.057634353637694424,-0.36240895797982364,improved,all;rotatable_ge_6;ring
C#CCOCCOCCOCCNc1nc(N2CCOCC2)nc(N2CCN(C(=O)[C@H]([C@@H](C)CC)n3cc([C@@H]([NH3+])CC(C)C)nn3)CC2)n1,val::C#CCOCCOCCOCCNc1nc(N2CCOCC2)nc(N2CCN(C(=O)[C@H]([C@@H](C)CC)n3cc([C@@H]([NH3+])CC(C)C)nn3)CC2)n1__gen0001,cartesian_teacher_100k,26,True,0.13615813478827477,0.13727571815252304,0.13926421850919724,0.13929610326886177,0.23915217816829681,0.222057044506073,0.33444347977638245,0.2030501961708068,0.0749278217554092,-0.1281223744153976,0.1668131649494171,0.0899432748556137,-0.07686989009380339,1.815600872039795,1.817232966423035,0.0016320943832399681,0.1922506690025329,0.0969586297869682,-0.0952920392155647,2.098125878546853e-05,5.949085971224122e-05,3.850960092677269e-05,0.25,0.25,0.0,4.289203643798828,4.36741304397583,0.07820940017700195,-0.2986136997405989,improved,all;rotatable_ge_6;ring
CC(C)(C)C(=O)Nc1ccc(-c2cn3ccsc3n2)cc1,val::CC(C)(C)C(=O)Nc1ccc(-c2cn3ccsc3n2)cc1__gen0000,cartesian_teacher_100k,7,True,0.10620653070509434,0.10664426535367966,0.10873349457979202,0.1088825672864914,0.16003724932670593,0.14086975157260895,0.24397395551204681,0.1812532842159271,0.0733716934919357,-0.1078815907239914,0.1063877567648887,0.0418333113193511,-0.0645544454455376,0.037638671696186,0.0240855012089014,-0.013553170487284605,0.182231456041336,0.0715579763054847,-0.1106734797358513,0.0,0.0,0.0,0.0,0.0,0.0,1.0715281963348389,1.1253632307052612,0.05383503437042236,-0.2966626863926649,improved,all;rotatable_ge_6;ring
CC(C)(C)C(=O)Nc1ccc(-c2cn3ccsc3n2)cc1,val::CC(C)(C)C(=O)Nc1ccc(-c2cn3ccsc3n2)cc1__gen0001,cartesian_teacher_100k,7,True,0.10647403821349144,0.10680454596877098,0.10901266038417816,0.10919293612241746,0.1534012407064438,0.13238610327243805,0.24146831035614014,0.1786137819290161,0.0745664834976196,-0.10404729843139651,0.0723809525370597,0.0425735227763652,-0.029807429760694504,0.028575686737895,0.025928059592843,-0.0026476271450520013,0.1630883514881134,0.0713659301400184,-0.09172242134809501,0.0,0.0,0.0,0.0,0.0,0.0,1.4763673543930054,1.5370405912399292,0.06067323684692383,-0.22822477668523805,improved,all;rotatable_ge_6;ring
C=CCc1ccc(OCC(O)C[NH+]2CCC(Cc3ccccc3)CC2)c(OC)c1,val::C=CCc1ccc(OCC(O)C[NH+]2CCC(Cc3ccccc3)CC2)c(OC)c1__gen0000,cartesian_teacher_100k,12,True,0.12263684161007404,0.12344930320978165,0.12514300346374513,0.1253158137202263,0.22930815815925598,0.2139752358198166,0.32069024443626404,0.1697245687246322,0.0442383401095867,-0.1254862286150455,0.1217550858855247,0.04907688498497,-0.07267820090055468,0.1591980010271072,0.0422789715230464,-0.1169190295040608,0.1601926535367965,0.0439441949129104,-0.11624845862388608,0.0,0.0,0.0,0.0,0.0,0.0,2.9242918491363525,3.003278970718384,0.07898712158203125,-0.43133191764354706,improved,all;rotatable_ge_6;ring
C=CCc1ccc(OCC(O)C[NH+]2CCC(Cc3ccccc3)CC2)c(OC)c1,val::C=CCc1ccc(OCC(O)C[NH+]2CCC(Cc3ccccc3)CC2)c(OC)c1__gen0001,cartesian_teacher_100k,12,True,0.1196832899004221,0.1207895316183567,0.12178437411785126,0.12195444852113724,0.22426560521125793,0.20763234794139862,0.31695014238357544,0.1572296321392059,0.0350211448967456,-0.1222084872424603,0.1083725690841674,0.0446456596255302,-0.0637269094586372,0.0913972184062004,0.051817987114191,-0.039579231292009395,0.113763228058815,0.0241483785212039,-0.0896148495376111,0.0,0.0,0.0,0.0,0.0,0.0,1.228562593460083,1.2953873872756958,0.06682479381561279,-0.315129477530718,improved,all;rotatable_ge_6;ring
O=C(COC(=O)C12CC3CC(CC(C3)C1)C2)Nc1ccc2[nH]c(=O)[nH]c2c1,val::O=C(COC(=O)C12CC3CC(CC(C3)C1)C2)Nc1ccc2[nH]c(=O)[nH]c2c1__gen0000,cartesian_teacher_100k,6,True,0.111534982919693,0.11229264736175537,0.11417945176362991,0.11433999091386796,0.1803273856639862,0.1670811027288437,0.2679766118526459,0.1761817634105682,0.0904808863997459,-0.08570087701082231,0.1416684687137603,0.0662696883082389,-0.07539878040552139,0.1422992348670959,0.0711973085999488,-0.07110192626714709,0.2024696767330169,0.1024497970938682,-0.10001987963914871,0.0,0.0,0.0,0.0,0.0,0.0,1.1755245923995972,1.2379839420318604,0.062459349632263184,-0.33222146332263947,improved,all;rotatable_ge_6;ring
O=C(COC(=O)C12CC3CC(CC(C3)C1)C2)Nc1ccc2[nH]c(=O)[nH]c2c1,val::O=C(COC(=O)C12CC3CC(CC(C3)C1)C2)Nc1ccc2[nH]c(=O)[nH]c2c1__gen0001,cartesian_teacher_100k,6,True,0.10517856292426586,0.10627354308962822,0.10783159732818604,0.10797252506017685,0.18096937239170074,0.16737152636051178,0.23991850018501282,0.1433597803115844,0.0556480810046196,-0.08771169930696479,0.1233442202210426,0.0436008833348751,-0.0797433368861675,0.0992802903056144,0.0310837496072053,-0.06819654069840911,0.1467902511358261,0.0526561886072158,-0.09413406252861031,0.0,0.0,0.0,0.0,0.0,0.0,0.7025414109230042,0.7024994492530823,-4.1961669921875e-05,-0.3297856394201517,improved,all;rotatable_ge_6;ring
Cc1nc2cc(C(=O)NCc3ccc4c(c3)OCO4)ccc2n1-c1ccc(Br)cc1,val::Cc1nc2cc(C(=O)NCc3ccc4c(c3)OCO4)ccc2n1-c1ccc(Br)cc1__gen0000,cartesian_teacher_100k,6,True,0.10229681432247162,0.10219375044107437,0.10316087231040001,0.10327415876090526,0.11158452928066254,0.09364239126443863,0.21465787291526794,0.1048790216445922,0.0533963292837142,-0.051482692360878005,0.06108283624053,0.0370167084038257,-0.024066127836704303,0.104097805917263,0.079466737806797,-0.024631068110466003,0.072304368019104,0.0381723418831825,-0.034132026135921506,0.0,0.0,0.0,0.0,0.0,0.0,3.164539098739624,3.186910629272461,0.022371530532836914,-0.1343119144439698,improved,all;rotatable_ge_6;ring
Cc1nc2cc(C(=O)NCc3ccc4c(c3)OCO4)ccc2n1-c1ccc(Br)cc1,val::Cc1nc2cc(C(=O)NCc3ccc4c(c3)OCO4)ccc2n1-c1ccc(Br)cc1__gen0001,cartesian_teacher_100k,6,True,0.0980426911264658,0.09817330539226532,0.09875605255365372,0.09880410879850388,0.10212825238704681,0.0836327075958252,0.19835589826107025,0.0873872339725494,0.0426448136568069,-0.0447424203157425,0.0526951216161251,0.0382104590535163,-0.014484662562608802,0.0981270968914032,0.0515395738184452,-0.046587523072958,0.0448403023183345,0.0206203591078519,-0.024219943210482604,0.0,0.0,0.0,0.0,0.0,0.0,1.3999793529510498,1.422011137008667,0.022031784057617188,-0.1300345491617919,improved,all;rotatable_ge_6;ring
O=C(NCCc1ccc(Cl)cc1)c1ccc2nccnc2c1,val::O=C(NCCc1ccc(Cl)cc1)c1ccc2nccnc2c1__gen0000,cartesian_teacher_100k,5,True,0.09438924491405487,0.09419568255543709,0.09544363021850585,0.09556822553277015,0.10107887536287308,0.08891364187002182,0.18252165615558624,0.1054432541131973,0.0628601908683776,-0.0425830632448197,0.0705207735300064,0.0357015579938888,-0.034819215536117595,0.1118206977844238,0.0519449934363365,-0.0598757043480873,0.0925414785742759,0.0552879348397254,-0.037253543734550504,0.0,0.0,0.0,0.0,0.0,0.0,0.8697342276573181,0.8784571886062622,0.008722960948944092,-0.1745315268635751,improved,all;rotatable_3_5;ring
O=C(NCCc1ccc(Cl)cc1)c1ccc2nccnc2c1,val::O=C(NCCc1ccc(Cl)cc1)c1ccc2nccnc2c1__gen0001,cartesian_teacher_100k,5,True,0.08766207098960876,0.08737359941005707,0.08854472264647484,0.08875302411615849,0.08770336210727692,0.07586527615785599,0.16624251008033752,0.0825844779610633,0.0472925119102001,-0.035291966050863204,0.0617649592459201,0.0365848988294601,-0.025180060416459996,0.0771462321281433,0.0305509455502033,-0.04659528657794,0.0377278551459312,0.0221039336174726,-0.015623921528458602,0.0,0.0,0.0,0.0,0.0,0.0,0.9951034188270568,1.024596095085144,0.02949267625808727,-0.1226912345737218,improved,all;rotatable_3_5;ring
O=C(CSc1nc(-c2ccco2)cc(C(F)(F)F)n1)N1CCN(c2ccccc2)CC1,val::O=C(CSc1nc(-c2ccco2)cc(C(F)(F)F)n1)N1CCN(c2ccccc2)CC1__gen0000,cartesian_teacher_100k,7,True,0.11520892009139061,0.1154051311314106,0.11795134469866753,0.11835127882659435,0.16520243883132935,0.14659848809242249,0.29120680689811707,0.1475716084241867,0.0690941661596298,-0.07847744226455691,0.1111707091331482,0.0550526306033134,-0.056118078529834796,0.0644266083836555,0.0415582582354545,-0.02286835014820101,0.1814325153827667,0.0802455097436904,-0.1011870056390763,0.0,0.0,0.0,0.0,0.0,0.0,1.713284254074097,1.7705931663513184,0.05730891227722146,-0.258650876581669,improved,all;rotatable_ge_6;ring
O=C(CSc1nc(-c2ccco2)cc(C(F)(F)F)n1)N1CCN(c2ccccc2)CC1,val::O=C(CSc1nc(-c2ccco2)cc(C(F)(F)F)n1)N1CCN(c2ccccc2)CC1__gen0001,cartesian_teacher_100k,7,True,0.11351548507809639,0.11331159994006157,0.11582408696413041,0.11630971655249596,0.15964831411838531,0.141906276345253,0.28709131479263306,0.1351305395364761,0.0662869364023208,-0.0688436031341553,0.1025133058428764,0.0527016669511795,-0.04981163889169691,0.0957819819450378,0.0517352819442749,-0.0440467000007629,0.1427609473466873,0.0688958913087844,-0.07386505603790289,0.0,0.0,0.0,0.0,0.0,0.0,2.150896549224853,2.195395469665528,0.044498920440674716,-0.23656699806451797,improved,all;rotatable_ge_6;ring
CCCCC(c1nnnn1CS(=O)(=O)c1ccc(C)cc1)[NH+]1CCN(c2ccccc2)CC1,val::CCCCC(c1nnnn1CS(=O)(=O)c1ccc(C)cc1)[NH+]1CCN(c2ccccc2)CC1__gen0000,cartesian_teacher_100k,11,True,0.11398347653448582,0.1161540038883686,0.11809015944600106,0.11832518465816974,0.18932940065860748,0.17274031043052673,0.2822449207305908,0.1691084653139114,0.0683790668845176,-0.10072939842939381,0.116861343383789,0.0440241992473602,-0.07283714413642879,0.1306200921535492,0.0667101070284843,-0.06390998512506489,0.1487160623073578,0.0679263472557067,-0.08078971505165108,0.0,0.0,0.0,0.0,0.0,0.0,2.2920217514038086,2.369007110595703,0.07698535919189453,-0.31826624274253856,improved,all;rotatable_ge_6;ring
CCCCC(c1nnnn1CS(=O)(=O)c1ccc(C)cc1)[NH+]1CCN(c2ccccc2)CC1,val::CCCCC(c1nnnn1CS(=O)(=O)c1ccc(C)cc1)[NH+]1CCN(c2ccccc2)CC1__gen0001,cartesian_teacher_100k,11,True,0.114069152623415,0.11629718169569969,0.11765620112419128,0.11766532063484192,0.18945087492465973,0.17239320278167725,0.31420060992240906,0.181306391954422,0.0779047980904579,-0.1034015938639641,0.1345004141330719,0.0573625825345516,-0.0771378315985203,0.1668000221252441,0.0677580088376998,-0.0990420132875443,0.1695781946182251,0.0816649496555328,-0.0879132449626923,0.0,0.0,0.0,0.0,0.0,0.0,1.8371422290802,1.8899000883102417,0.052757859230041726,-0.36749468371272104,improved,all;rotatable_ge_6;ring
CC(=O)c1ccc(OCC(=O)N2CCCC(Nc3ccc(C)c(C)c3)C2)cc1,val::CC(=O)c1ccc(OCC(=O)N2CCCC(Nc3ccc(C)c(C)c3)C2)cc1__gen0000,cartesian_teacher_100k,10,True,0.11296822130680084,0.11441429704427719,0.11566150411963463,0.11582211144268513,0.19483323395252228,0.17545177042484283,0.2774215042591095,0.173442929983139,0.0606580302119255,-0.1127848997712135,0.1291882842779159,0.0533931031823158,-0.0757951810956001,0.1043900698423385,0.0475743934512138,-0.056815676391124705,0.1509560644626617,0.0488856025040149,-0.10207046195864679,0.0,0.0,0.0,0.0,0.0,0.0,1.2671912908554075,1.300893783569336,0.033702492713928445,-0.3474662192165851,improved,all;rotatable_ge_6;ring
CC(=O)c1ccc(OCC(=O)N2CCCC(Nc3ccc(C)c(C)c3)C2)cc1,val::CC(=O)c1ccc(OCC(=O)N2CCCC(Nc3ccc(C)c(C)c3)C2)cc1__gen0001,cartesian_teacher_100k,10,True,0.1099195871502161,0.11146825179457664,0.11290245428681374,0.11290968172252178,0.19021931290626526,0.17210133373737335,0.2723909318447113,0.1836256831884384,0.0716250389814376,-0.11200064420700079,0.1247018948197364,0.0482359081506729,-0.0764659866690635,0.1467604041099548,0.0642064884305,-0.0825539156794548,0.1561357378959655,0.0560989305377006,-0.1000368073582649,0.0,0.0,0.0,0.0,0.0,0.0,1.5148121118545532,1.5771600008010864,0.0623478889465332,-0.371057353913784,improved,all;rotatable_ge_6;ring
CCOc1ncnc2c1sc1nc(C)cc(C)c12,val::CCOc1ncnc2c1sc1nc(C)cc(C)c12__gen0000,cartesian_teacher_100k,5,True,0.09269879199564457,0.09438170120120049,0.09472319111227989,0.09479196183383465,0.1254086047410965,0.09991724789142609,0.20725378394126892,0.1410358101129531,0.0728121101856231,-0.06822369992733,0.0417343005537986,0.0360170342028141,-0.005717266350984497,0.1194407939910888,0.0822638720273971,-0.0371769219636917,0.0242511983960866,0.0199770685285329,-0.0042741298675537005,0.0,0.0,0.0,0.0,0.0,0.0,0.4933762550354004,0.5029587149620056,0.009582459926605225,-0.1153920181095599,improved,all;rotatable_3_5;ring
CCOc1ncnc2c1sc1nc(C)cc(C)c12,val::CCOc1ncnc2c1sc1nc(C)cc(C)c12__gen0001,cartesian_teacher_100k,5,True,0.09251303784549236,0.09435231611132622,0.09465420842170716,0.09467076435685158,0.1277403086423874,0.1032710149884224,0.20473243296146393,0.1406242251396179,0.0753380879759788,-0.0652861371636391,0.0608830042183399,0.0334380343556404,-0.0274449698626995,0.0460350438952446,0.0370204895734787,-0.0090145543217659,0.0229872949421405,0.019927954301238,-0.0030593406409024984,0.0,0.0,0.0,0.0,0.0,0.0,0.6716102361679077,0.715160608291626,0.04355037212371826,-0.104805001989007,improved,all;rotatable_3_5;ring
Nc1cc[n+](CC(=O)Nc2ccccc2)cc1,val::Nc1cc[n+](CC(=O)Nc2ccccc2)cc1__gen0000,cartesian_teacher_100k,5,True,0.09032989479601383,0.0888395607471466,0.0954277716577053,0.09636689238250255,0.1146925687789917,0.10472125560045242,0.18551020324230194,0.1437467485666275,0.0716453716158866,-0.0721013769507409,0.1058599352836608,0.05161027982831,-0.054249655455350806,0.0695848613977432,0.0593980178236961,-0.010186843574047096,0.1801296472549438,0.0782235786318779,-0.10190606862306589,0.0,0.0,0.0,0.0,0.0,0.0,1.5012775659561155,1.5381155014038086,0.03683793544769309,-0.23844394460320467,improved,all;rotatable_3_5;ring
Nc1cc[n+](CC(=O)Nc2ccccc2)cc1,val::Nc1cc[n+](CC(=O)Nc2ccccc2)cc1__gen0001,cartesian_teacher_100k,5,True,0.09818924032151699,0.09734814614057541,0.10250223651528359,0.10320060439407826,0.12269923835992813,0.11336147040128708,0.2264585644006729,0.1400569528341293,0.0752349644899368,-0.0648219883441925,0.1187998056411743,0.0553216598927974,-0.0634781457483769,0.0926613360643386,0.0711237341165542,-0.021537601947784396,0.1780976057052612,0.0944019481539726,-0.0836956575512886,0.0,0.0,0.0,0.0,0.0,0.0,1.507865309715271,1.5404003858566284,0.03253507614135742,-0.2335333935916424,improved,all;rotatable_3_5;ring
C=CCCC(=O)Nc1ccc(Br)cn1,val::C=CCCC(=O)Nc1ccc(Br)cn1__gen0000,cartesian_teacher_100k,5,True,0.09350460581481457,0.09469357877969742,0.09640106409788132,0.09645161703228951,0.14158201217651367,0.12531670928001404,0.2159203588962555,0.137617826461792,0.0682601183652877,-0.0693577080965043,0.1160730868577957,0.049895029515028,-0.0661780573427677,0.1338076293468475,0.0442514568567276,-0.0895561724901199,0.0259220991283655,0.0175672173500061,-0.0083548817783594,0.0,0.0,0.0,0.0,0.0,0.0,0.9741681218147278,1.0186387300491333,0.04447060823440552,-0.23344681970775127,improved,all;rotatable_3_5;ring
C=CCCC(=O)Nc1ccc(Br)cn1,val::C=CCCC(=O)Nc1ccc(Br)cn1__gen0001,cartesian_teacher_100k,5,True,0.09903962910175323,0.10068083927035332,0.10255480259656906,0.10259102135896683,0.1505054086446762,0.13535386323928833,0.22341828048229218,0.1581913977861404,0.0750549957156181,-0.08313640207052228,0.1382240802049636,0.0567805655300617,-0.0814435146749019,0.1119604483246803,0.0426554791629314,-0.0693049691617489,0.0648889765143394,0.0408113189041614,-0.024077657610178008,0.0,0.0,0.0,0.0,0.0,0.0,0.9208865165710448,0.9751650094985962,0.05427849292755138,-0.2579625435173511,improved,all;rotatable_3_5;ring
COc1ccc(-n2c(-c3ccccc3)cc3c2CCCC3=O)cc1,val::COc1ccc(-n2c(-c3ccccc3)cc3c2CCCC3=O)cc1__gen0000,cartesian_teacher_100k,4,True,0.1050299871712923,0.10502266138792038,0.10641611218452454,0.10655862018465996,0.1217414140701294,0.10678552836179733,0.21032613515853882,0.1279838234186172,0.0657835230231285,-0.0622003003954887,0.0759851559996604,0.0428235940635204,-0.03316156193614,0.0370978713035583,0.0347591340541839,-0.0023387372493744035,0.1113007739186286,0.0531445406377315,-0.0581562332808971,0.0,0.0,0.0,0.0,0.0,0.0,1.356364369392395,1.3884121179580688,0.03204774856567383,-0.1558568328619002,improved,all;rotatable_3_5;ring
COc1ccc(-n2c(-c3ccccc3)cc3c2CCCC3=O)cc1,val::COc1ccc(-n2c(-c3ccccc3)cc3c2CCCC3=O)cc1__gen0001,cartesian_teacher_100k,4,True,0.10565943270921707,0.10559410229325294,0.10787979736924172,0.1081271629780531,0.1287461221218109,0.11520865559577942,0.2122398465871811,0.1419486254453659,0.068966768682003,-0.07298185676336291,0.0850172638893127,0.0522869378328323,-0.0327303260564804,0.0659390687942504,0.067916564643383,0.0019774958491325934,0.149270623922348,0.0660823434591293,-0.08318828046321869,0.0,0.0,0.0,0.0,0.0,0.0,0.7801628708839417,0.8227078318595886,0.04254496097564697,-0.18692296743392942,improved,all;rotatable_3_5;ring
CC(=O)_C=C_c1ccccc1O,val::CC(=O)_C=C_c1ccccc1O__gen0000,cartesian_teacher_100k,4,True,0.08490918576717377,0.08461583405733109,0.08624477609992028,0.08651213310658931,0.11790864914655685,0.1054416224360466,0.19422410428524017,0.1363351941108703,0.0690284520387649,-0.06730674207210541,0.0659281462430954,0.0406529493629932,-0.0252751968801022,0.1211373582482338,0.1257774531841278,0.0046400949358940125,0.0423287153244018,0.0155335469171404,-0.0267951684072614,0.0,0.0,0.0,0.0,0.0,0.0,0.5801405906677246,0.6141483783721924,0.03400778770446777,-0.114737012423575,improved,all;rotatable_3_5;ring
CC(=O)_C=C_c1ccccc1O,val::CC(=O)_C=C_c1ccccc1O__gen0001,cartesian_teacher_100k,4,True,0.09447548352181911,0.09522838518023491,0.0977701984345913,0.0979848500341177,0.13522139191627502,0.1253548115491867,0.21694032847881317,0.1783163398504257,0.0906201675534248,-0.0876961722970009,0.1246148571372032,0.0562954768538475,-0.06831938028335571,0.0174573175609111,0.0075322557240724,-0.009925061836838698,0.2006475180387497,0.0971423611044883,-0.10350515693426139,0.0,0.0,0.0,0.0,0.0,0.0,0.2689279913902282,0.14363794028759,-0.12529005110263822,-0.2694457713514567,improved,all;rotatable_3_5;ring
O=S(=O)(c1ccccc1)N1CCN(c2nc3ccccc3s2)CC1,val::O=S(=O)(c1ccccc1)N1CCN(c2nc3ccccc3s2)CC1__gen0000,cartesian_teacher_100k,3,True,0.08961506932973862,0.08947345986962318,0.09074991941452026,0.09090530872344971,0.10271499305963516,0.09100079536437988,0.18001355230808258,0.0940637290477752,0.0492414012551307,-0.0448223277926445,0.0876255333423614,0.0457800067961216,-0.0418455265462398,0.0745742321014404,0.0611415803432464,-0.013432651758194004,0.0913550183176994,0.0418724790215492,-0.04948253929615021,0.0,0.0,0.0,0.0,0.0,0.0,1.3639017343521118,1.394681096076965,0.030779361724853294,-0.1495830453932285,improved,all;rotatable_3_5;ring
O=S(=O)(c1ccccc1)N1CCN(c2nc3ccccc3s2)CC1,val::O=S(=O)(c1ccccc1)N1CCN(c2nc3ccccc3s2)CC1__gen0001,cartesian_teacher_100k,3,True,0.09110267832875252,0.09097559750080109,0.09326466023921967,0.09339617118239403,0.10139525681734085,0.0876258984208107,0.23412199318408966,0.0753509700298309,0.0395622216165065,-0.035788748413324405,0.0746492445468902,0.0446086786687374,-0.030040565878152806,0.0342621766030788,0.0485640168190002,0.014301840215921402,0.0782782956957817,0.0373334139585495,-0.040944881737232194,0.0,0.0,0.0,0.0,0.0,0.0,1.652500867843628,1.68575918674469,0.03325831890106201,-0.092472355812788,improved,all;rotatable_3_5;ring
