paper_question,required_evidence,current_evidence,dataset,split,metric,baseline,seed_status,protocol_status,already_complete,missing,must_have,claim_supported,notes
"Does the method improve local structural validity?","Paired outcome-unseen comparison on identical Source records","DEV: Source V3D about 0.4204; Restricted 0.5645±0.0017 and Unrestricted 0.5681±0.0011 across seeds","ETFlow","TRAIN-unseen DEV","V3D overall plus four components","Source; MMFF94s","307/331/353 PASS","Evaluator frozen; final cohort unopened","Development only","Protected same-upstream replication and MMFF94s","YES","DEV_ONLY","V3D is the primary structural-validity endpoint"
"Is the effect stable to training randomness?","Matched formulations and seeds with fixed endpoint","Six complete GPU runs; multiseed integrity PASS","ETFlow","DEV","Seed mean±SD and matched-seed differences","Restricted versus Unrestricted","307/331/353 PASS","Frozen step17500 matched protocol","YES","None for seed robustness","YES","YES","Do not treat n=3 as high-powered population inference"
"Does it generalize beyond TRAIN molecules?","Molecule-disjoint evaluation","DEV has 2500 molecules and zero molecule overlap with TRAIN","ETFlow","DEV","All frozen endpoints","Source","307/331/353 PASS","Development cohort repeatedly observed","YES_FOR_DEVELOPMENT","Independent outcome-unseen final cohort","YES","PARTIAL","TRAIN-unseen DEV is not a protected final test"
"Does it generalize to completely development-unseen molecules?","One-shot zero-TRAIN/DEV-overlap same-upstream final cohort","No valid primary cohort is ready as-is","ETFlow","Protected final","Primary and secondary frozen endpoints","Source; MMFF94s","Not run","Cohort identity not yet frozen","NO","Primary cohort identity and outcome-blind protocol freeze","YES","NO","Formal has TRAIN overlap; DiTMC holdout is secondary only"
"Does it generalize across upstream generators?","Frozen current-method evaluation on a disjoint alternate-upstream cohort","DiTMC large-holdout metadata exists; outcomes closed","DiTMC","Secondary holdout","Same endpoint set","DiTMC Source","Not run","Legacy protocol requires current identity freeze","NO","Optional secondary result","NO","NO","Not required for ETFlow-scoped claim"
"Does refinement preserve the input conformation?","Raw displacement and aligned Source RMSD with tails","Three-seed raw displacement: Restricted about 0.00555 Å; Unrestricted about 0.00616 Å","ETFlow","DEV","Raw Source displacement RMS; Kabsch Source RMSD; movement tails","Source equals zero displacement","307/331/353 PASS","Naming collision remains","PARTIAL","Correct vocabulary and final replication","YES","DEV_ONLY","Restricted/Unrestricted form a source-fidelity trade-off"
"Does refinement recover the Reference conformer?","Frozen correspondence and ensemble-min Kabsch RMSD","Reference RMSD about 1.31964 Å for both; essentially unchanged","ETFlow","DEV","Reference RMSD","Source; Reference ensemble","307/331/353 PASS","Fixed-order all-atom Kabsch PASS; no symmetry search","YES","Protected final context only","NO_AS_PRIMARY_CLAIM","NO_GLOBAL_RECOVERY","Use as contextual locality metric, not headline improvement"
"Does refinement improve continuous local geometry?","Paired continuous Bond/Angle errors","Bond and cosine-Angle MAE plus internal objective are complete on DEV","ETFlow","DEV","Bond raw MAE; cosine-Angle raw MAE","Source; MMFF94s","307/331/353 PASS","Current evaluator frozen","YES_FOR_DEV","Protected final replication","YES_AS_SECONDARY","DEV_ONLY","Diagnostic/secondary endpoints explain V3D"
"Does refinement preserve broader chemical plausibility?","Independent validity battery and every component","PoseBusters about 0.9323–0.9324 across formulations/seeds; components complete","ETFlow","DEV","PB overall plus 10 selected components","Source; MMFF94s","307/331/353 PASS","PoseBusters 0.6.5 mol_fast conjunction","YES_FOR_DEV","Protected final replication","YES_AS_SECONDARY","DEV_ONLY","Partially overlaps V3D but adds sanitization/connectivity/radicals/planarity"
"Does refinement improve single-point energy?","Matched Source/proposal single-point calculations with robust tails","GFN2-xTB 6.7.1: negative median at all formulation/seed runs; 5000/5000 success each","ETFlow","DEV","Median deltaE; fraction below zero; trimmed mean; quantiles; tails","Source","307/331/353 PASS","GFN2 single point; no optimization","YES_FOR_DEV","Protected final replication and matched MMFF energy evaluation","YES","DEV_ONLY","Arithmetic mean is secondary because of rare catastrophic tails"
"Is learned refinement valuable versus inexpensive classical optimization?","Exact-record MMFF94s optimization and identical downstream evaluation","No exact final matched baseline","Future primary final","Protected final","V3D; PB; RMSDs; xTB single point; runtime; failures","MMFF94s","Not run","Protocol not yet frozen","NO","Matched MMFF94s geometry optimization","YES","NO","Submission-critical conventional baseline"
"Is it valuable versus GFN2-xTB optimization?","Matched optimization quality/cost comparison","Only GFN2-xTB single-point evaluation exists","Future final or deterministic subset","Protected final","Quality; runtime; convergence; failures","GFN2-xTB optimization","Not run","Not frozen","NO","Only needed for physics-optimization superiority claim","NO","NO","Strongly useful but optional for narrow local-refinement claim"
"Is the method computationally efficient?","Synchronized inference benchmark and fair baseline wall times","Training times and peak training memory exist; inference latency/throughput does not","Frozen benchmark cohort","Non-outcome benchmark","Params; latency; throughput; GPU memory; preprocessing","MMFF94s; xTB single point","Not applicable","Benchmark protocol absent","NO","Final-model runtime/resource benchmark","YES","NO","Cannot claim efficiency from training logs"
"Is improvement broadly distributed across molecules?","Molecule-cluster paired effects and win/tie/loss","Aggregate and molecule-cluster bootstrap exist; paper-ready paired distributions are incomplete","ETFlow","DEV and future final","Molecule delta V3D/PB/xTB/RMSD and discordances","Source; MMFF94s","307/331/353 available","Molecule is the correct cluster unit","PARTIAL","Frozen final molecule-level tables/plots","YES","PARTIAL","Two records per molecule must not be treated as independent"
"Does the method avoid conformer collapse?","Within-molecule source-versus-refined diversity preservation","Two matched records per DEV molecule and tiny movements make a low-cost check possible","ETFlow","DEV/final","Within-molecule pairwise Kabsch RMSD change; identity preservation","Source ensemble","Not run","No frozen diversity diagnostic","NO","Optional/should-have diagnostic","NO","NOT_CLAIMED","More appropriate than standard COV/AMR"
"Does the method improve ensemble coverage?","Generated and reference ensembles with frozen thresholds and matching","The method produces one refined counterpart per Source record, not a new sampled ensemble","ETFlow","DEV/final","COV-P/R; AMR-P/R","Source ensemble","Not run","Standard generation definition mismatches task","NO","None for scoped claim","NO","NOT_APPLICABLE","Do not force conformer-generation metrics into one-to-one refinement"
"Is benefit understood across difficult cases?","Predeclared small subgroup set","Seed307 size/flexibility/source-quality stratifications exist","ETFlow","DEV","Paired V3D and energy effects by Source quality/flexibility/size","Source","Seed307 descriptive","Exploratory only","PARTIAL","Final Source-quality/initial-failure subgroup; size/flexibility high value","NO_AS_CONFIRMATORY","DESCRIPTIVE","Avoid broad subgroup fishing"
"Does the method improve downstream prediction or docking?","Task-specific downstream benchmark","No current downstream pipeline or artifact establishes this","None","None","Task-specific","Task-specific","Not run","Not part of frozen scope","NO","None for current paper","NO","NO","Do not create a new downstream study merely for breadth"
"Are the two operating points scientifically distinct?","Matched multiseed trade-off on quality, locality and tails","Unrestricted consistently improves V3D/xTB median; Restricted moves less and has safer tails","ETFlow","DEV","V3D; xTB median/tails; displacement; PB; Reference RMSD","Restricted versus Unrestricted","307/331/353 PASS","Integrity PASS","YES","One-shot final replication","YES","DEV_ONLY","Predeclare both; no protected-outcome winner selection"
"Can the experiment be reproduced?","Immutable code/config/checkpoint/evaluator/environment/result closure","Files and SHA256 exist but authoritative work remains untracked","Project-wide","Development","Provenance completeness","N/A","All runs complete","Release freeze incomplete","NO","Commit/tag/archive dependency closure","YES","NO","Historical runner provenance cannot be fully reconstructed retroactively"
