comparison,metric,effect_definition,higher_is_better,finite_records,finite_molecules,mean_paired_effect,ci95_low,ci95_high,median_molecule_effect,effect_p05,effect_p25,effect_p50,effect_p75,effect_p95,wins,ties,losses,cluster_unit,records_per_primary_molecule,bootstrap_resamples
avgflow_raw_to_sixs_u_seed307,validity3d,candidate_minus_baseline,True,7908,3486,0.02495697074010327,0.016829221648498753,0.0328934786766112,0.0,-0.3333333333333333,0.0,0.0,0.0,0.5,363,2921,202,molecule,2 for current-primary; upstream-native multiplicity for cross-upstream,10000
avgflow_raw_to_sixs_u_seed307,PB,candidate_minus_baseline,True,7908,3486,0.0001912411550965768,-0.00019124115509657678,0.000717154331612163,0.0,0.0,0.0,0.0,0.0,0.0,2,3483,1,molecule,2 for current-primary; upstream-native multiplicity for cross-upstream,10000
avgflow_raw_to_sixs_u_seed307,reference_rmsd_angstrom,candidate_minus_baseline,False,7908,3486,6.190495680599704e-05,5.189093283058296e-05,7.23948904989613e-05,3.8178557160390564e-05,-0.00034567968129387006,-0.00010661030500625467,3.8178557160390564e-05,0.00020432901684451846,0.0005522534744580113,1503,0,1983,molecule,2 for current-primary; upstream-native multiplicity for cross-upstream,10000
avgflow_raw_to_sixs_u_seed307,delta_e_kcal_mol,candidate_minus_baseline,False,7908,3486,-1.2259919713625531,-3.716188454949523,0.1927586617658135,0.27448980332915374,0.11162509222066015,0.20456066838147438,0.27448980332915374,0.3671527664435468,0.5361358881764572,34,0,3452,molecule,2 for current-primary; upstream-native multiplicity for cross-upstream,10000
avgflow_raw_to_sixs_u_seed331,validity3d,candidate_minus_baseline,True,7908,3486,0.029116465863453816,0.021179957926945877,0.03724421495505832,0.0,-0.3333333333333333,0.0,0.0,0.0,0.5,381,2899,206,molecule,2 for current-primary; upstream-native multiplicity for cross-upstream,10000
avgflow_raw_to_sixs_u_seed331,PB,candidate_minus_baseline,True,7908,3486,0.00028686173264486515,-0.00014343086632243257,0.0008127749091604513,0.0,0.0,0.0,0.0,0.0,0.0,3,3482,1,molecule,2 for current-primary; upstream-native multiplicity for cross-upstream,10000
avgflow_raw_to_sixs_u_seed331,reference_rmsd_angstrom,candidate_minus_baseline,False,7908,3486,4.980775769894426e-05,3.949296831728184e-05,6.0392032237421913e-05,2.1715216147050187e-05,-0.0003846034753455848,-0.0001317378318185375,2.1715216147050187e-05,0.00019813020407751653,0.0005608469044721502,1607,0,1879,molecule,2 for current-primary; upstream-native multiplicity for cross-upstream,10000
avgflow_raw_to_sixs_u_seed331,delta_e_kcal_mol,candidate_minus_baseline,False,7908,3486,-0.8370265160493007,-2.6491574714113613,0.22019891601961292,0.2916238304474529,0.13210538846698897,0.22483033299182748,0.2916238304474529,0.38196164192323906,0.5530938002587877,36,0,3450,molecule,2 for current-primary; upstream-native multiplicity for cross-upstream,10000
avgflow_raw_to_sixs_u_seed353,validity3d,candidate_minus_baseline,True,7908,3486,0.034471218206157964,0.026725951424746604,0.04264677758653662,0.0,0.0,0.0,0.0,0.0,0.5,379,2934,173,molecule,2 for current-primary; upstream-native multiplicity for cross-upstream,10000
avgflow_raw_to_sixs_u_seed353,PB,candidate_minus_baseline,True,7908,3486,0.00028686173264486515,-0.00014343086632243257,0.0008127749091604514,0.0,0.0,0.0,0.0,0.0,0.0,3,3482,1,molecule,2 for current-primary; upstream-native multiplicity for cross-upstream,10000
avgflow_raw_to_sixs_u_seed353,reference_rmsd_angstrom,candidate_minus_baseline,False,7908,3486,6.593230269580469e-05,5.5019666275851565e-05,7.66500304713304e-05,3.6761908259764595e-05,-0.0003612712180945249,-0.00010633689924749445,3.6761908259764595e-05,0.00020422691572270432,0.0005695607839987567,1488,0,1998,molecule,2 for current-primary; upstream-native multiplicity for cross-upstream,10000
avgflow_raw_to_sixs_u_seed353,delta_e_kcal_mol,candidate_minus_baseline,False,7908,3486,-0.7161038523858021,-2.232257179805242,0.19306146774170296,0.2543266098213597,0.10095630888833254,0.18312351182813597,0.2543266098213597,0.3453969028258595,0.5330685035010718,33,0,3453,molecule,2 for current-primary; upstream-native multiplicity for cross-upstream,10000
ditmc_raw_to_sixs_u_seed307,validity3d,candidate_minus_baseline,True,10000,730,0.19581205680454392,0.174678939405083,0.2169235946452628,0.1,-0.125,0.0,0.1,0.4,0.75,391,284,55,molecule,2 for current-primary; upstream-native multiplicity for cross-upstream,10000
ditmc_raw_to_sixs_u_seed307,PB,candidate_minus_baseline,True,10000,730,0.0012948688432169496,-0.00022665757556974313,0.0032948784360951966,0.0,0.0,0.0,0.0,0.0,0.0,6,721,3,molecule,2 for current-primary; upstream-native multiplicity for cross-upstream,10000
ditmc_raw_to_sixs_u_seed307,reference_rmsd_angstrom,candidate_minus_baseline,False,10000,730,0.46848921703906,-0.00026893282449528286,1.216810878929563,-0.00024618643329973877,-0.0012515614119599182,-0.0005986942750508791,-0.00024618643329973877,0.0001397942122204907,0.000724719926484774,479,0,251,molecule,2 for current-primary; upstream-native multiplicity for cross-upstream,10000
ditmc_raw_to_sixs_u_seed307,delta_e_kcal_mol,candidate_minus_baseline,False,9759,730,-1.0185657556480137,-11.405663907414835,16.548321794721552,-3.5881969077116915,-12.839691406023686,-5.22387954631583,-3.5881969077116915,-2.39508262342066,-1.3550896394034682,728,0,2,molecule,2 for current-primary; upstream-native multiplicity for cross-upstream,10000
ditmc_raw_to_sixs_u_seed331,validity3d,candidate_minus_baseline,True,10000,730,0.1873195220884592,0.1663574642384586,0.20835062672691565,0.07142857142857142,-0.1348214285714285,0.0,0.07142857142857142,0.375,0.75,383,288,59,molecule,2 for current-primary; upstream-native multiplicity for cross-upstream,10000
ditmc_raw_to_sixs_u_seed331,PB,candidate_minus_baseline,True,10000,730,0.0013144383148412158,-0.00020480795057749123,0.003324359749168369,0.0,0.0,0.0,0.0,0.0,0.0,6,722,2,molecule,2 for current-primary; upstream-native multiplicity for cross-upstream,10000
ditmc_raw_to_sixs_u_seed331,reference_rmsd_angstrom,candidate_minus_baseline,False,10000,730,-0.00024245069491364107,-0.0002941469874354813,-0.00018952681731626138,-0.00024999562501668016,-0.0013278578416945895,-0.0006487240809887552,-0.00024999562501668016,0.00014688731977574772,0.0007751722127136739,487,0,243,molecule,2 for current-primary; upstream-native multiplicity for cross-upstream,10000
ditmc_raw_to_sixs_u_seed331,delta_e_kcal_mol,candidate_minus_baseline,False,9850,730,-24.038694027735893,-56.364272559328455,-6.733690788509214,-3.587918982437073,-14.231990874649748,-5.2361286370212605,-3.587918982437073,-2.383419418423613,-1.3687161322383725,729,0,1,molecule,2 for current-primary; upstream-native multiplicity for cross-upstream,10000
ditmc_raw_to_sixs_u_seed353,validity3d,candidate_minus_baseline,True,10000,730,0.19895431943530503,0.17880921928923263,0.2185685177943857,0.1,-0.1,0.0,0.1,0.41127272727272723,0.6825367647058819,398,281,51,molecule,2 for current-primary; upstream-native multiplicity for cross-upstream,10000
ditmc_raw_to_sixs_u_seed353,PB,candidate_minus_baseline,True,10000,730,0.0011603287258001198,3.457393231265111e-05,0.0028871774210210937,0.0,0.0,0.0,0.0,0.0,0.0,6,722,2,molecule,2 for current-primary; upstream-native multiplicity for cross-upstream,10000
ditmc_raw_to_sixs_u_seed353,reference_rmsd_angstrom,candidate_minus_baseline,False,10000,730,-0.00013245829299752166,-0.00018395561395156927,-7.958033576196038e-05,-0.00013149382448083652,-0.0011520467744380453,-0.0005243089359882221,-0.00013149382448083652,0.00025710766063204626,0.0008880268871738634,423,0,307,molecule,2 for current-primary; upstream-native multiplicity for cross-upstream,10000
ditmc_raw_to_sixs_u_seed353,delta_e_kcal_mol,candidate_minus_baseline,False,9846,730,-10.333870680668799,-14.597074968254859,-6.965680672974378,-3.6338581229122515,-14.521652631175765,-5.243826686257789,-3.6338581229122515,-2.3900842584883404,-1.3990602171131865,729,0,1,molecule,2 for current-primary; upstream-native multiplicity for cross-upstream,10000
