record_id,molecule_id,seed,tau,source_rmsd_raw,max_atom_displacement,finite,w_B,w_A,reference_rmsd_angstrom,source_rmsd_angstrom,proposal_v3d,raw_v3d,proposal_pb,sanitization,all_atoms_connected,raw_pb,proposal_xtb_hartree,raw_xtb_hartree,delta_e_kcal_mol,matched_success,num_atoms,seed_concentration,topology_validity,raw_displacement_rms,kabsch_source_rmsd
ditmc-test-small:s00000:r000409:repeat1,ditmc-mol:f6e3ede6ad77b83f3733c9b6,307,398.68023681640625,398.68023681640625,1536.0972534619327,True,0.48291489481925964,0.517085075378418,439.83169738782425,398.68023681640625,False,False,False,True,False,False,,,,False,41,True,False,398.68023681640625,398.68023681640625
ditmc-test-small:s00000:r002925:repeat1,ditmc-mol:f6e3ede6ad77b83f3733c9b6,307,393.70245361328125,393.7024536132813,1506.3014501233563,True,0.48291489481925964,0.517085075378418,435.57600810736653,393.7024536132813,False,False,False,True,False,False,,,,False,41,True,False,393.7024536132813,393.7024536132813
ditmc-test-small:s00000:r001657:repeat1,ditmc-mol:f6e3ede6ad77b83f3733c9b6,307,383.75518798828125,383.75518798828125,1491.1091870083194,True,0.48291489481925964,0.517085075378418,421.5229228337006,383.75518798828125,False,False,False,True,False,False,,,,False,41,True,False,383.75518798828125,383.75518798828125
ditmc-test-small:s00000:r001777:repeat1,ditmc-mol:f6e3ede6ad77b83f3733c9b6,307,374.9910888671875,374.9910888671875,1373.6124118433736,True,0.48291489481925964,0.517085075378418,411.6381210567926,374.9910888671875,False,False,False,True,False,False,,,,False,41,True,False,374.9910888671875,374.9910888671875
ditmc-test-small:s00001:r001328:repeat0,ditmc-mol:f6e3ede6ad77b83f3733c9b6,307,374.2742919921875,374.27429199218756,1466.8484592836073,True,0.48291489481925964,0.517085075378418,412.97473308019676,374.27429199218756,False,False,False,True,False,False,,,,False,41,True,False,374.27429199218756,374.27429199218756
ditmc-test-small:s00000:r002795:repeat1,ditmc-mol:f6e3ede6ad77b83f3733c9b6,307,366.13763427734375,366.13763427734375,1352.2086328509874,True,0.48291489481925964,0.517085075378418,402.1662705679499,366.13763427734375,False,False,False,True,False,False,,,,False,41,True,False,366.13763427734375,366.13763427734375
ditmc-test-small:s00000:r001777:repeat0,ditmc-mol:f6e3ede6ad77b83f3733c9b6,307,356.7705078125,356.7705078125,1309.3365393492218,True,0.48291489481925964,0.517085075378418,393.1728112233425,356.7705078125,False,False,False,True,False,False,,-58.537383165156,,False,41,True,False,356.7705078125,356.7705078125
ditmc-test-small:s00001:r000737:repeat0,ditmc-mol:f6e3ede6ad77b83f3733c9b6,307,355.5777587890625,355.5777587890625,1338.605196704216,True,0.48291489481925964,0.517085075378418,390.4502200701021,355.5777587890625,False,False,False,True,False,False,,,,False,41,True,False,355.5777587890625,355.5777587890625
ditmc-test-small:s00001:r000320:repeat1,ditmc-mol:f6e3ede6ad77b83f3733c9b6,307,352.03948974609375,352.0394897460937,1253.1171786216883,True,0.48291489481925964,0.517085075378418,387.52087382514526,352.0394897460937,False,False,False,True,False,False,,-59.913541464305,,False,41,True,False,352.0394897460937,352.0394897460937
ditmc-test-small:s00000:r000064:repeat0,ditmc-mol:f6e3ede6ad77b83f3733c9b6,307,350.11444091796875,350.1144409179688,1216.4458147456035,True,0.48291489481925964,0.517085075378418,385.06652160159024,350.1144409179688,False,False,False,True,False,False,,,,False,41,True,False,350.1144409179688,350.1144409179688
ditmc-test-small:s00000:r000064:repeat1,ditmc-mol:f6e3ede6ad77b83f3733c9b6,307,346.03704833984375,346.03704833984375,1261.0710127868301,True,0.48291489481925964,0.517085075378418,387.98746855792405,346.03704833984375,False,False,False,True,False,False,,2.714980392619,,False,41,True,False,346.03704833984375,346.03704833984375
ditmc-test-small:s00001:r001082:repeat0,ditmc-mol:f6e3ede6ad77b83f3733c9b6,307,345.73193359375,345.73193359375,1288.207566926745,True,0.48291489481925964,0.517085075378418,379.68519134648443,345.73193359375,False,False,False,True,False,False,,,,False,41,True,False,345.73193359375,345.73193359375
ditmc-test-small:s00001:r000320:repeat0,ditmc-mol:f6e3ede6ad77b83f3733c9b6,307,339.955322265625,339.955322265625,1196.459472820393,True,0.48291489481925964,0.517085075378418,372.86626344651467,339.955322265625,False,False,False,True,False,False,,,,False,41,True,False,339.955322265625,339.955322265625
ditmc-test-small:s00001:r001082:repeat1,ditmc-mol:f6e3ede6ad77b83f3733c9b6,307,339.12847900390625,339.12847900390625,1235.7236126449152,True,0.48291489481925964,0.517085075378418,370.97055347714945,339.12847900390625,False,False,False,True,False,False,,,,False,41,True,False,339.12847900390625,339.12847900390625
ditmc-test-small:s00000:r002738:repeat1,ditmc-mol:f6e3ede6ad77b83f3733c9b6,307,338.7203369140625,338.7203369140625,1192.3263416219206,True,0.48291489481925964,0.517085075378418,376.22920090704207,338.7203369140625,False,False,False,True,False,False,,,,False,41,True,False,338.7203369140625,338.7203369140625
ditmc-test-small:s00001:r000367:repeat0,ditmc-mol:f6e3ede6ad77b83f3733c9b6,307,335.503173828125,335.50317382812494,1152.2657263256044,True,0.48291489481925964,0.517085075378418,371.6466765999754,335.50317382812494,False,False,False,True,False,False,,,,False,41,True,False,335.50317382812494,335.50317382812494
ditmc-test-small:s00000:r000799:repeat0,ditmc-mol:f6e3ede6ad77b83f3733c9b6,307,334.15325927734375,334.15325927734375,1144.9549321551933,True,0.48291489481925964,0.517085075378418,366.3828346135095,334.15325927734375,False,False,False,True,False,False,,,,False,41,True,False,334.15325927734375,334.15325927734375
ditmc-test-small:s00000:r000175:repeat0,ditmc-mol:f6e3ede6ad77b83f3733c9b6,307,333.47442626953125,333.47442626953125,1233.0268190170725,True,0.48291489481925964,0.517085075378418,363.6750942502775,333.47442626953125,False,False,False,True,False,False,,,,False,41,True,False,333.47442626953125,333.47442626953125
ditmc-test-small:s00000:r002000:repeat1,ditmc-mol:f6e3ede6ad77b83f3733c9b6,307,328.85015869140625,328.85015869140625,1137.1254455747335,True,0.48291489481925964,0.517085075378418,359.92087299333167,328.85015869140625,False,False,False,True,False,False,,,,False,41,True,False,328.85015869140625,328.85015869140625
ditmc-test-small:s00001:r001328:repeat1,ditmc-mol:f6e3ede6ad77b83f3733c9b6,307,326.5738525390625,326.5738525390625,1164.9982466326894,True,0.48291489481925964,0.517085075378418,358.93866805781784,326.5738525390625,False,False,False,True,False,False,,,,False,41,True,False,326.5738525390625,326.5738525390625
ditmc-test-small:s00000:r002000:repeat0,ditmc-mol:f6e3ede6ad77b83f3733c9b6,307,325.74481201171875,325.74481201171875,1130.4513248406813,True,0.48291489481925964,0.517085075378418,350.2472774599337,325.74481201171875,False,False,False,True,False,False,,-51.66682941259,,False,41,True,False,325.74481201171875,325.74481201171875
ditmc-test-small:s00000:r000175:repeat1,ditmc-mol:f6e3ede6ad77b83f3733c9b6,307,323.40704345703125,323.40704345703125,1110.4425007034415,True,0.48291489481925964,0.517085075378418,351.5812561343505,323.40704345703125,False,False,False,True,False,False,,,,False,41,True,False,323.40704345703125,323.40704345703125
ditmc-test-small:s00001:r000367:repeat1,ditmc-mol:f6e3ede6ad77b83f3733c9b6,307,321.83355712890625,321.83355712890625,1148.473865708147,True,0.48291489481925964,0.517085075378418,359.82028507759054,321.83355712890625,False,False,False,True,False,False,,-56.991500152581,,False,41,True,False,321.83355712890625,321.83355712890625
ditmc-test-small:s00000:r003297:repeat0,ditmc-mol:e1d833f7cb6854641844d0f4,307,315.75543212890625,315.75543212890625,1472.983191617212,True,0.48099106550216675,0.5190088748931885,406.90063644137433,315.75543212890625,False,False,False,True,False,False,,-28.165282585755,,False,43,True,False,315.75543212890625,315.75543212890625
ditmc-test-small:s00000:r001657:repeat0,ditmc-mol:f6e3ede6ad77b83f3733c9b6,307,311.7315673828125,311.7315673828125,1074.973467302062,True,0.48291489481925964,0.517085075378418,338.2020404528681,311.7315673828125,False,False,False,True,False,False,,,,False,41,True,False,311.7315673828125,311.7315673828125
ditmc-test-small:s00000:r002738:repeat0,ditmc-mol:f6e3ede6ad77b83f3733c9b6,307,309.56536865234375,309.56536865234375,1051.7100978135197,True,0.48291489481925964,0.517085075378418,341.9406906563784,309.56536865234375,False,False,False,True,False,False,,,,False,41,True,False,309.56536865234375,309.56536865234375
ditmc-test-small:s00000:r002795:repeat0,ditmc-mol:f6e3ede6ad77b83f3733c9b6,307,302.8745422363281,302.8745422363281,1064.8300542607626,True,0.48291489481925964,0.517085075378418,326.2615297188518,302.8745422363281,False,False,False,True,False,False,,,,False,41,True,False,302.8745422363281,302.8745422363281
ditmc-test-small:s00001:r000737:repeat1,ditmc-mol:f6e3ede6ad77b83f3733c9b6,307,294.0035705566406,294.0035705566406,1030.7919452186347,True,0.48291489481925964,0.517085075378418,313.2505420395977,294.0035705566406,False,False,False,True,False,False,,,,False,41,True,False,294.0035705566406,294.0035705566406
ditmc-test-small:s00000:r002370:repeat1,ditmc-mol:e1d833f7cb6854641844d0f4,307,290.8049621582031,290.8049621582031,1272.977781815737,True,0.48099106550216675,0.5190088748931885,375.27607468959746,290.8049621582031,False,False,False,True,False,False,,,,False,43,True,False,290.8049621582031,290.8049621582031
ditmc-test-small:s00000:r002235:repeat0,ditmc-mol:e1d833f7cb6854641844d0f4,307,289.28643798828125,289.28643798828125,1260.8760002405775,True,0.48099106550216675,0.5190088748931885,374.2323431880381,289.28643798828125,False,False,False,True,False,False,,-0.941361748096,,False,43,True,False,289.28643798828125,289.28643798828125
ditmc-test-small:s00000:r002925:repeat0,ditmc-mol:f6e3ede6ad77b83f3733c9b6,307,289.2626953125,289.2626953125,946.1122279689657,True,0.48291489481925964,0.517085075378418,315.6222888223325,289.2626953125,False,False,False,True,False,False,,,,False,41,True,False,289.2626953125,289.2626953125
ditmc-test-small:s00000:r000409:repeat0,ditmc-mol:f6e3ede6ad77b83f3733c9b6,307,288.8782958984375,288.8782958984375,965.6101862761363,True,0.48291489481925964,0.517085075378418,317.3398396628271,288.8782958984375,False,False,False,True,False,False,,-43.975791505624,,False,41,True,False,288.8782958984375,288.8782958984375
ditmc-test-small:s00001:r000502:repeat0,ditmc-mol:e1d833f7cb6854641844d0f4,307,286.2896728515625,286.2896728515625,1233.7614195327017,True,0.48099106550216675,0.5190088748931885,366.76426811695035,286.2896728515625,False,False,False,True,False,False,,,,False,43,True,False,286.2896728515625,286.2896728515625
ditmc-test-small:s00000:r003173:repeat1,ditmc-mol:e1d833f7cb6854641844d0f4,307,285.6689758300781,285.6689758300781,1181.3967088046636,True,0.48099106550216675,0.5190088748931885,369.5571318585956,285.6689758300781,False,False,False,True,False,False,,,,False,43,True,False,285.6689758300781,285.6689758300781
ditmc-test-small:s00000:r002453:repeat0,ditmc-mol:e1d833f7cb6854641844d0f4,307,283.947265625,283.947265625,1275.007658733449,True,0.48099106550216675,0.5190088748931885,355.64254035704,283.947265625,False,False,False,True,False,False,,,,False,43,True,False,283.947265625,283.947265625
ditmc-test-small:s00000:r002504:repeat1,ditmc-mol:e1d833f7cb6854641844d0f4,307,283.1611328125,283.1611328125,1232.861319510432,True,0.48099106550216675,0.5190088748931885,366.1978378324135,283.1611328125,False,False,False,True,False,False,,-19.641589162756,,False,43,True,False,283.1611328125,283.1611328125
ditmc-test-small:s00000:r000799:repeat1,ditmc-mol:f6e3ede6ad77b83f3733c9b6,307,282.599609375,282.599609375,929.0567701314882,True,0.48291489481925964,0.517085075378418,314.4049252906569,282.599609375,False,False,False,True,False,False,,,,False,41,True,False,282.599609375,282.599609375
ditmc-test-small:s00000:r001418:repeat0,ditmc-mol:e1d833f7cb6854641844d0f4,307,282.0946350097656,282.0946350097656,1127.4033211556946,True,0.48099106550216675,0.5190088748931885,193.5166584929511,282.0946350097656,False,False,False,True,False,False,,-27.495616050903,,False,43,True,False,282.0946350097656,282.0946350097656
ditmc-test-small:s00000:r001561:repeat0,ditmc-mol:e1d833f7cb6854641844d0f4,307,281.1720886230469,281.1720886230469,1171.5760091436196,True,0.48099106550216675,0.5190088748931885,369.39360373963274,281.1720886230469,False,False,False,True,False,False,,,,False,43,True,False,281.1720886230469,281.1720886230469
ditmc-test-small:s00000:r001216:repeat0,ditmc-mol:e1d833f7cb6854641844d0f4,307,279.0620422363281,279.0620422363281,1220.0195583135303,True,0.48099106550216675,0.5190088748931885,355.3143427848727,279.0620422363281,False,False,False,True,False,False,,-37.742181398197,,False,43,True,False,279.0620422363281,279.0620422363281
ditmc-test-small:s00000:r002463:repeat0,ditmc-mol:e1d833f7cb6854641844d0f4,307,276.8694763183594,276.8694763183594,1113.758730690289,True,0.48099106550216675,0.5190088748931885,361.93378255881345,276.8694763183594,False,False,False,True,False,False,,,,False,43,True,False,276.8694763183594,276.8694763183594
ditmc-test-small:s00000:r002802:repeat1,ditmc-mol:e1d833f7cb6854641844d0f4,307,273.0514831542969,273.0514831542969,1176.0242120160055,True,0.48099106550216675,0.5190088748931885,353.73826684754306,273.0514831542969,False,False,False,True,False,False,,-14.160949780197,,False,43,True,False,273.0514831542969,273.0514831542969
ditmc-test-small:s00001:r001602:repeat1,ditmc-mol:e1d833f7cb6854641844d0f4,307,271.1609802246094,271.1609802246094,1046.4619090629526,True,0.48099106550216675,0.5190088748931885,212.92169131891194,271.1609802246094,False,False,False,True,False,False,,6.253160562239,,False,43,True,False,271.1609802246094,271.1609802246094
ditmc-test-small:s00000:r001418:repeat1,ditmc-mol:e1d833f7cb6854641844d0f4,307,270.4245300292969,270.4245300292969,979.7001939742643,True,0.48099106550216675,0.5190088748931885,281.12118276064245,270.4245300292969,False,False,False,True,False,False,,,,False,43,True,False,270.4245300292969,270.4245300292969
ditmc-test-small:s00001:r001042:repeat0,ditmc-mol:e1d833f7cb6854641844d0f4,307,269.5450134277344,269.5450134277343,1129.8071385094427,True,0.48099106550216675,0.5190088748931885,355.07734271528415,269.5450134277343,False,False,False,True,False,False,,,,False,43,True,False,269.5450134277343,269.5450134277343
ditmc-test-small:s00001:r001267:repeat1,ditmc-mol:e1d833f7cb6854641844d0f4,307,265.45037841796875,265.45037841796875,1112.184239716857,True,0.48099106550216675,0.5190088748931885,343.7942308382535,265.45037841796875,False,False,False,True,False,False,,-43.883186337586,,False,43,True,False,265.45037841796875,265.45037841796875
ditmc-test-small:s00000:r002597:repeat1,ditmc-mol:e1d833f7cb6854641844d0f4,307,263.6553955078125,263.6553955078125,1172.5946061628065,True,0.48099106550216675,0.5190088748931885,336.16996810479776,263.6553955078125,False,False,False,True,False,False,,-36.006895054825,,False,43,True,False,263.6553955078125,263.6553955078125
ditmc-test-small:s00001:r000900:repeat1,ditmc-mol:e1d833f7cb6854641844d0f4,307,259.12408447265625,259.12408447265625,1188.6859573331915,True,0.48099106550216675,0.5190088748931885,338.56482324898093,259.12408447265625,False,False,False,True,False,False,,,,False,43,True,False,259.12408447265625,259.12408447265625
ditmc-test-small:s00000:r000938:repeat0,ditmc-mol:e1d833f7cb6854641844d0f4,307,258.854248046875,258.854248046875,1151.4831426097273,True,0.48099106550216675,0.5190088748931885,325.5112131492686,258.854248046875,False,False,False,True,False,False,,13.866681504492,,False,43,True,False,258.854248046875,258.854248046875
ditmc-test-small:s00000:r000422:repeat1,ditmc-mol:e1d833f7cb6854641844d0f4,307,254.63169860839844,254.6316986083984,854.5059390727723,True,0.48099106550216675,0.5190088748931885,230.96350904147366,254.6316986083984,False,False,False,True,False,False,,,,False,43,True,False,254.6316986083984,254.6316986083984
ditmc-test-small:s00001:r000604:repeat0,ditmc-mol:f6e3ede6ad77b83f3733c9b6,331,0.1095421239733696,0.10954212397336958,0.38887437269528813,True,0.4712643027305603,0.5287356376647949,2.816422351108582,0.10954212397336958,False,False,False,True,False,False,,,,False,41,False,False,0.10954212397336958,0.10954212397336958
ditmc-test-small:s00001:r001340:repeat1,ditmc-mol:f6e3ede6ad77b83f3733c9b6,331,0.09563086926937103,0.09563086926937105,0.3213168781071351,True,0.4712643027305603,0.5287356376647949,2.595423201219626,0.09563086926937105,False,False,False,True,False,False,,,,False,41,False,False,0.09563086926937105,0.09563086926937105
ditmc-test-small:s00000:r002606:repeat0,ditmc-mol:f6e3ede6ad77b83f3733c9b6,331,0.08913452923297882,0.08913452923297883,0.19420681717431998,True,0.4712643027305603,0.5287356376647949,2.3936551405064654,0.08913452923297883,False,False,False,True,False,False,151.308434264177,100.770612835417,31712.96174186712,True,41,False,False,0.08913452923297883,0.08913452923297883
ditmc-test-small:s00001:r001339:repeat1,ditmc-mol:f6e3ede6ad77b83f3733c9b6,331,0.0838824063539505,0.08388240635395049,0.1885610841675404,True,0.4712643027305603,0.5287356376647949,2.987714015390911,0.08388240635395049,False,False,False,True,False,False,,-46.902966335601,,False,41,False,False,0.08388240635395049,0.08388240635395049
ditmc-test-small:s00001:r000466:repeat0,ditmc-mol:f6e3ede6ad77b83f3733c9b6,331,0.08299736678600311,0.08299736678600311,0.16219555264586588,True,0.4712643027305603,0.5287356376647949,2.620221891242408,0.08299736678600311,False,False,False,True,False,False,,,,False,41,False,False,0.08299736678600311,0.08299736678600311
ditmc-test-small:s00001:r000604:repeat1,ditmc-mol:f6e3ede6ad77b83f3733c9b6,331,0.08031809329986572,0.08031809329986572,0.14620530433373122,True,0.4712643027305603,0.5287356376647949,3.1341324593004503,0.08031809329986572,False,False,False,True,False,False,,,,False,41,False,False,0.08031809329986572,0.08031809329986572
ditmc-test-small:s00000:r001185:repeat0,ditmc-mol:f6e3ede6ad77b83f3733c9b6,331,0.07944998890161514,0.07944998890161516,0.2357496884762044,True,0.4712643027305603,0.5287356376647949,2.957183863058242,0.07944998890161516,False,False,False,True,False,False,,,,False,41,False,False,0.07944998890161516,0.07944998890161516
ditmc-test-small:s00000:r002545:repeat0,ditmc-mol:f6e3ede6ad77b83f3733c9b6,331,0.07903294265270233,0.07903294265270233,0.16473847357453847,True,0.4712643027305603,0.5287356376647949,2.6249261784602504,0.07903294265270233,False,False,False,True,False,False,,,,False,41,False,False,0.07903294265270233,0.07903294265270233
ditmc-test-small:s00001:r000832:repeat1,ditmc-mol:f6e3ede6ad77b83f3733c9b6,331,0.07752293348312378,0.0775229334831238,0.16478548191445022,True,0.4712643027305603,0.5287356376647949,2.849226834415079,0.0775229334831238,False,False,False,True,False,False,,,,False,41,False,False,0.0775229334831238,0.0775229334831238
ditmc-test-small:s00001:r001289:repeat1,ditmc-mol:f6e3ede6ad77b83f3733c9b6,331,0.07689657062292099,0.07689657062292099,0.24731932912417942,True,0.4712643027305603,0.5287356376647949,2.287221553284498,0.07689657062292099,False,False,False,True,False,False,-19.912833290511,177.297978336862,-123751.65267140591,True,41,False,False,0.07689657062292099,0.07689657062292099
ditmc-test-small:s00000:r001899:repeat0,ditmc-mol:05bf880b3aae355576bc9b8b,331,0.07383352518081665,0.07383352518081665,0.30467672961800446,True,0.4790289103984833,0.5209710597991943,1.5368493875368603,0.07383352518081665,False,False,True,True,True,True,-58.128513936908,-56.805948135811,-829.9225701767666,True,35,False,True,0.07383352518081665,0.07383352518081665
ditmc-test-small:s00000:r003260:repeat0,ditmc-mol:f6e3ede6ad77b83f3733c9b6,331,0.07378348708152771,0.07378348708152771,0.1592746702661303,True,0.4712643027305603,0.5287356376647949,3.2731487832160515,0.07378348708152771,False,False,False,True,False,False,,,,False,41,False,False,0.07378348708152771,0.07378348708152771
ditmc-test-small:s00001:r001433:repeat0,ditmc-mol:f6e3ede6ad77b83f3733c9b6,331,0.07376502454280853,0.07376502454280855,0.13588336058161912,True,0.4712643027305603,0.5287356376647949,2.4884023767548777,0.07376502454280855,False,False,False,True,False,False,,,,False,41,False,False,0.07376502454280855,0.07376502454280855
ditmc-test-small:s00001:r000466:repeat1,ditmc-mol:f6e3ede6ad77b83f3733c9b6,331,0.0727628543972969,0.07276285439729688,0.16274408256616546,True,0.4712643027305603,0.5287356376647949,2.6331339028058256,0.07276285439729688,False,False,False,True,False,False,,,,False,41,False,False,0.07276285439729688,0.07276285439729688
ditmc-test-small:s00001:r001340:repeat0,ditmc-mol:f6e3ede6ad77b83f3733c9b6,331,0.07190848141908646,0.07190848141908646,0.1611131892453467,True,0.4712643027305603,0.5287356376647949,2.5619926369034074,0.07190848141908646,False,False,False,True,False,False,,,,False,41,False,False,0.07190848141908646,0.07190848141908646
ditmc-test-small:s00001:r000832:repeat0,ditmc-mol:f6e3ede6ad77b83f3733c9b6,331,0.06950106471776962,0.06950106471776964,0.16402600937920706,True,0.4712643027305603,0.5287356376647949,2.8556728528231203,0.06950106471776964,False,False,False,True,False,False,,,,False,41,False,False,0.06950106471776964,0.06950106471776964
ditmc-test-small:s00001:r000738:repeat1,ditmc-mol:f6e3ede6ad77b83f3733c9b6,331,0.06873198598623276,0.06873198598623273,0.1342806627061886,True,0.4712643027305603,0.5287356376647949,2.7511459462570955,0.06873198598623273,False,False,False,True,False,False,,-5.10354841885,,False,41,False,False,0.06873198598623273,0.06873198598623273
ditmc-test-small:s00000:r001335:repeat0,ditmc-mol:f6e3ede6ad77b83f3733c9b6,331,0.06851795315742493,0.06851795315742494,0.13698159847689298,True,0.4712643027305603,0.5287356376647949,2.7774949511566054,0.06851795315742494,False,False,False,True,False,False,,,,False,41,False,False,0.06851795315742494,0.06851795315742494
ditmc-test-small:s00000:r000439:repeat1,ditmc-mol:f6e3ede6ad77b83f3733c9b6,331,0.06815987080335617,0.06815987080335618,0.19492825355461696,True,0.4712643027305603,0.5287356376647949,3.1152966760028153,0.06815987080335618,False,False,False,True,False,False,,,,False,41,False,False,0.06815987080335618,0.06815987080335618
ditmc-test-small:s00000:r002606:repeat1,ditmc-mol:f6e3ede6ad77b83f3733c9b6,331,0.06692027300596237,0.06692027300596236,0.1698554472426381,True,0.4712643027305603,0.5287356376647949,2.4673607399376647,0.06692027300596236,False,False,False,True,False,False,-9.600506837571,45.816073245989,-34774.42901911361,True,41,False,False,0.06692027300596236,0.06692027300596236
ditmc-test-small:s00000:r003251:repeat1,ditmc-mol:f6e3ede6ad77b83f3733c9b6,331,0.0667303204536438,0.06673032045364378,0.1291378365883969,True,0.4712643027305603,0.5287356376647949,2.4378737840534495,0.06673032045364378,False,False,False,True,False,False,,,,False,41,False,False,0.06673032045364378,0.06673032045364378
ditmc-test-small:s00000:r001754:repeat1,ditmc-mol:f6e3ede6ad77b83f3733c9b6,331,0.06632906198501587,0.06632906198501587,0.16767078058270113,True,0.4712643027305603,0.5287356376647949,2.5060535244952904,0.06632906198501587,False,False,False,True,False,False,,,,False,41,False,False,0.06632906198501587,0.06632906198501587
ditmc-test-small:s00001:r000243:repeat1,ditmc-mol:f6e3ede6ad77b83f3733c9b6,331,0.06621725112199783,0.06621725112199782,0.1321943596475493,True,0.4712643027305603,0.5287356376647949,3.0291673128720378,0.06621725112199782,False,False,False,True,False,False,,,,False,41,False,False,0.06621725112199782,0.06621725112199782
ditmc-test-small:s00001:r000243:repeat0,ditmc-mol:f6e3ede6ad77b83f3733c9b6,331,0.06601594388484955,0.06601594388484956,0.19260487397233436,True,0.4712643027305603,0.5287356376647949,3.0572441743557306,0.06601594388484956,False,False,False,True,False,False,,,,False,41,False,False,0.06601594388484956,0.06601594388484956
ditmc-test-small:s00000:r000560:repeat1,ditmc-mol:f6e3ede6ad77b83f3733c9b6,331,0.0651724562048912,0.06517245620489122,0.16087788071473078,True,0.4712643027305603,0.5287356376647949,2.910966973983865,0.06517245620489122,False,False,False,True,False,False,,30.402117604983,,False,41,False,False,0.06517245620489122,0.06517245620489122
ditmc-test-small:s00001:r001289:repeat0,ditmc-mol:f6e3ede6ad77b83f3733c9b6,331,0.06513001024723053,0.06513001024723053,0.12572004761097255,True,0.4712643027305603,0.5287356376647949,2.335260625967592,0.06513001024723053,False,False,False,True,False,False,,,,False,41,False,False,0.06513001024723053,0.06513001024723053
ditmc-test-small:s00001:r000203:repeat0,ditmc-mol:f6e3ede6ad77b83f3733c9b6,331,0.06447184085845947,0.06447184085845947,0.12062448858569876,True,0.4712643027305603,0.5287356376647949,2.818619549360735,0.06447184085845947,False,False,False,True,False,False,,,,False,41,False,False,0.06447184085845947,0.06447184085845947
ditmc-test-small:s00001:r001135:repeat0,ditmc-mol:f6e3ede6ad77b83f3733c9b6,331,0.06412952393293381,0.06412952393293384,0.13966735437858932,True,0.4712643027305603,0.5287356376647949,3.227868310306905,0.06412952393293384,False,False,False,True,False,False,,,,False,41,False,False,0.06412952393293384,0.06412952393293384
ditmc-test-small:s00001:r000692:repeat1,ditmc-mol:f6e3ede6ad77b83f3733c9b6,331,0.06281709671020508,0.06281709671020509,0.1304221730169764,True,0.4712643027305603,0.5287356376647949,2.622599978279513,0.06281709671020509,False,False,False,True,False,False,-32.829227135279,-32.551415825536,-174.32922884808153,True,41,False,False,0.06281709671020509,0.06281709671020509
ditmc-test-small:s00001:r000692:repeat0,ditmc-mol:f6e3ede6ad77b83f3733c9b6,331,0.06249600648880005,0.062496006488800035,0.14397388566372654,True,0.4712643027305603,0.5287356376647949,2.8935762462646935,0.062496006488800035,False,False,False,True,False,False,,,,False,41,False,False,0.062496006488800035,0.062496006488800035
ditmc-test-small:s00000:r000007:repeat0,ditmc-mol:f6e3ede6ad77b83f3733c9b6,331,0.0623335987329483,0.062333598732948324,0.11161056349219786,True,0.4712643027305603,0.5287356376647949,2.8745106107235814,0.062333598732948324,False,False,False,True,False,False,,,,False,41,False,False,0.062333598732948324,0.062333598732948324
ditmc-test-small:s00001:r000738:repeat0,ditmc-mol:f6e3ede6ad77b83f3733c9b6,331,0.0622565895318985,0.06225658953189851,0.1188456761966481,True,0.4712643027305603,0.5287356376647949,2.757221552431977,0.06225658953189851,False,False,False,True,False,False,,,,False,41,False,False,0.06225658953189851,0.06225658953189851
ditmc-test-small:s00001:r000160:repeat0,ditmc-mol:f6e3ede6ad77b83f3733c9b6,331,0.06219026818871498,0.06219026818871498,0.12514687956119433,True,0.4712643027305603,0.5287356376647949,2.767534061779501,0.06219026818871498,False,False,False,True,False,False,,,,False,41,False,False,0.06219026818871498,0.06219026818871498
ditmc-test-small:s00000:r000439:repeat0,ditmc-mol:f6e3ede6ad77b83f3733c9b6,331,0.061827681958675385,0.06182768195867537,0.11798388674542538,True,0.4712643325328827,0.5287356376647949,2.687777322008497,0.06182768195867537,False,False,False,True,False,False,,,,False,41,False,False,0.06182768195867537,0.06182768195867537
ditmc-test-small:s00001:r001135:repeat1,ditmc-mol:f6e3ede6ad77b83f3733c9b6,331,0.06143046170473099,0.061430461704730974,0.14099304420759595,True,0.4712643325328827,0.5287356376647949,3.27043403388487,0.061430461704730974,False,False,False,True,False,False,,,,False,41,False,False,0.061430461704730974,0.061430461704730974
ditmc-test-small:s00000:r001335:repeat1,ditmc-mol:f6e3ede6ad77b83f3733c9b6,331,0.06130247563123703,0.06130247563123703,0.11295605267923953,True,0.4712643027305603,0.5287356376647949,2.6299324635787436,0.06130247563123703,False,False,False,True,False,False,,,,False,41,False,False,0.06130247563123703,0.06130247563123703
ditmc-test-small:s00000:r003260:repeat1,ditmc-mol:f6e3ede6ad77b83f3733c9b6,331,0.06105034053325653,0.061050340533256524,0.1222133122123881,True,0.4712643027305603,0.5287356376647949,2.9089265532883886,0.061050340533256524,False,False,False,True,False,False,-42.836669842311,-35.873591683157,-4369.397513071611,True,41,False,False,0.061050340533256524,0.061050340533256524
ditmc-test-small:s00001:r001339:repeat0,ditmc-mol:f6e3ede6ad77b83f3733c9b6,331,0.06099202111363411,0.06099202111363412,0.12025424406697084,True,0.4712643027305603,0.5287356376647949,2.57303142130672,0.06099202111363412,False,False,False,True,False,False,,,,False,41,False,False,0.06099202111363412,0.06099202111363412
ditmc-test-small:s00000:r000007:repeat1,ditmc-mol:f6e3ede6ad77b83f3733c9b6,331,0.059417225420475006,0.059417225420475006,0.13311737333558218,True,0.4712643027305603,0.5287356376647949,2.974366665195984,0.059417225420475006,False,False,False,True,False,False,,,,False,41,False,False,0.059417225420475006,0.059417225420475006
ditmc-test-small:s00001:r000114:repeat0,ditmc-mol:f6e3ede6ad77b83f3733c9b6,331,0.05885490030050278,0.05885490030050279,0.09333129108546506,True,0.4712643027305603,0.5287356376647949,2.285786220952841,0.05885490030050279,False,False,False,True,False,False,,,,False,41,False,False,0.05885490030050279,0.05885490030050279
ditmc-test-small:s00000:r003251:repeat0,ditmc-mol:f6e3ede6ad77b83f3733c9b6,331,0.05832204595208168,0.05832204595208167,0.13234669517565056,True,0.4712643027305603,0.5287356376647949,2.6442611838543786,0.05832204595208167,False,False,False,True,False,False,,,,False,41,False,False,0.05832204595208167,0.05832204595208167
ditmc-test-small:s00001:r000192:repeat1,ditmc-mol:f6e3ede6ad77b83f3733c9b6,331,0.05806436762213707,0.058064367622137084,0.1068667793576054,True,0.4712643027305603,0.5287356376647949,2.553626416541551,0.058064367622137084,False,False,False,True,False,False,,-65.601786310834,,False,41,False,False,0.058064367622137084,0.058064367622137084
ditmc-test-small:s00000:r002545:repeat1,ditmc-mol:f6e3ede6ad77b83f3733c9b6,331,0.05800720676779747,0.05800720676779748,0.11303246006109459,True,0.4712643027305603,0.5287356376647949,1.8523482900052994,0.05800720676779748,False,False,False,True,False,False,-15.163680877836,-13.005999219965,-1353.9656821900794,True,41,False,False,0.05800720676779748,0.05800720676779748
ditmc-test-small:s00001:r001433:repeat1,ditmc-mol:f6e3ede6ad77b83f3733c9b6,331,0.0576871782541275,0.05768717825412749,0.10292889232822419,True,0.4712643027305603,0.5287356376647949,2.4567042035030706,0.05768717825412749,False,False,False,True,False,False,,-45.792719020928,,False,41,False,False,0.05768717825412749,0.05768717825412749
ditmc-test-small:s00001:r000114:repeat1,ditmc-mol:f6e3ede6ad77b83f3733c9b6,331,0.056745853275060654,0.05674585327506065,0.11645559735996043,True,0.4712643325328827,0.5287356376647949,2.655075409786718,0.05674585327506065,False,False,False,True,False,False,,,,False,41,False,False,0.05674585327506065,0.05674585327506065
ditmc-test-small:s00000:r000560:repeat0,ditmc-mol:f6e3ede6ad77b83f3733c9b6,331,0.056627996265888214,0.05662799626588819,0.10442391873038054,True,0.4712643027305603,0.5287356376647949,2.8266869179973515,0.05662799626588819,False,False,False,True,False,False,,,,False,41,False,False,0.05662799626588819,0.05662799626588819
ditmc-test-small:s00001:r000192:repeat0,ditmc-mol:f6e3ede6ad77b83f3733c9b6,331,0.05622586980462074,0.056225869804620715,0.15882053256900233,True,0.4712643027305603,0.5287356376647949,2.3688639206746442,0.056225869804620715,False,False,False,True,False,False,,,,False,41,False,False,0.056225869804620715,0.056225869804620715
ditmc-test-small:s00000:r001185:repeat1,ditmc-mol:f6e3ede6ad77b83f3733c9b6,331,0.055785562843084335,0.055785562843084356,0.1110628329919789,True,0.4712643027305603,0.5287356376647949,3.0455674197978797,0.055785562843084356,False,False,False,True,False,False,,,,False,41,False,False,0.055785562843084356,0.055785562843084356
ditmc-test-small:s00001:r000203:repeat1,ditmc-mol:f6e3ede6ad77b83f3733c9b6,331,0.05558514595031738,0.05558514595031738,0.11725125379048647,True,0.4712643027305603,0.5287356376647949,2.8398989124323544,0.05558514595031738,False,False,False,True,False,False,,,,False,41,False,False,0.05558514595031738,0.05558514595031738
ditmc-test-small:s00001:r000335:repeat1,ditmc-mol:fc5b40fc9d94e8905d89cfd3,331,0.054147012531757355,0.054147012531757355,0.29806434317479064,True,0.474333792924881,0.5256661772727966,2.6188512678918237,0.054147012531757355,False,False,True,True,True,True,-89.6652855309,-89.749753692235,53.00457148907954,True,59,False,True,0.054147012531757355,0.054147012531757355
ditmc-test-small:s00000:r001185:repeat0,ditmc-mol:f6e3ede6ad77b83f3733c9b6,353,0.16472628712654114,0.16472628712654114,0.6548457762217664,True,0.4592589735984802,0.5407410860061646,2.9589563793218017,0.16472628712654114,False,False,False,True,False,False,,,,False,41,False,False,0.16472628712654114,0.16472628712654114
ditmc-test-small:s00000:r001899:repeat0,ditmc-mol:05bf880b3aae355576bc9b8b,353,0.1633402407169342,0.1633402407169342,0.6637313864019235,True,0.4626234173774719,0.5373765826225281,1.5369585651873952,0.1633402407169342,False,False,True,True,True,True,-58.325236697368,-56.805948135811,-953.3679661168484,True,35,False,True,0.1633402407169342,0.1633402407169342
ditmc-test-small:s00001:r000243:repeat0,ditmc-mol:f6e3ede6ad77b83f3733c9b6,353,0.14868217706680298,0.14868217706680298,0.5984135658338133,True,0.4592589735984802,0.5407410860061646,3.0488838422489595,0.14868217706680298,False,False,False,True,False,False,,,,False,41,False,False,0.14868217706680298,0.14868217706680298
ditmc-test-small:s00001:r001289:repeat1,ditmc-mol:f6e3ede6ad77b83f3733c9b6,353,0.1406623125076294,0.1406623125076294,0.5541501697043268,True,0.4592589735984802,0.5407410860061646,2.2933086815419537,0.1406623125076294,False,False,False,True,False,False,,177.297978336862,,False,41,False,False,0.1406623125076294,0.1406623125076294
ditmc-test-small:s00000:r002606:repeat1,ditmc-mol:f6e3ede6ad77b83f3733c9b6,353,0.1270630806684494,0.1270630806684494,0.34250673260528375,True,0.4592589735984802,0.5407410860061646,2.4703287567671595,0.1270630806684494,False,False,False,True,False,False,,45.816073245989,,False,41,False,False,0.1270630806684494,0.1270630806684494
ditmc-test-small:s00000:r002606:repeat0,ditmc-mol:f6e3ede6ad77b83f3733c9b6,353,0.1241137906908989,0.12411379069089891,0.2352569579791026,True,0.4592589735984802,0.5407410860061646,2.395590970033346,0.12411379069089891,False,False,False,True,False,False,,100.770612835417,,False,41,False,False,0.12411379069089891,0.12411379069089891
ditmc-test-small:s00001:r000604:repeat0,ditmc-mol:f6e3ede6ad77b83f3733c9b6,353,0.12406185269355774,0.12406185269355773,0.372196124193397,True,0.4592589735984802,0.5407410860061646,2.816685009033106,0.12406185269355773,False,False,False,True,False,False,,,,False,41,False,False,0.12406185269355773,0.12406185269355773
ditmc-test-small:s00001:r000832:repeat1,ditmc-mol:f6e3ede6ad77b83f3733c9b6,353,0.12132658809423447,0.1213265880942345,0.24933881056703788,True,0.4592589735984802,0.5407410860061646,2.8471874200427902,0.1213265880942345,False,False,False,True,False,False,-24.275682980644,,,False,41,False,False,0.1213265880942345,0.1213265880942345
ditmc-test-small:s00001:r000466:repeat1,ditmc-mol:f6e3ede6ad77b83f3733c9b6,353,0.11037424951791763,0.11037424951791765,0.31931674115676084,True,0.4592589735984802,0.5407410860061646,2.6393396789434367,0.11037424951791765,False,False,False,True,False,False,-59.382631286947,,,False,41,False,False,0.11037424951791765,0.11037424951791765
ditmc-test-small:s00000:r000007:repeat1,ditmc-mol:f6e3ede6ad77b83f3733c9b6,353,0.10976794362068176,0.10976794362068179,0.3667760296138875,True,0.4592589735984802,0.5407410860061646,2.965391035419743,0.10976794362068179,False,False,False,True,False,False,,,,False,41,False,False,0.10976794362068179,0.10976794362068179
ditmc-test-small:s00000:r001754:repeat0,ditmc-mol:f6e3ede6ad77b83f3733c9b6,353,0.10790858417749405,0.10790858417749406,0.27345707889568094,True,0.4592589735984802,0.5407410860061646,2.321475792735805,0.10790858417749406,False,False,False,True,False,False,,,,False,41,False,False,0.10790858417749406,0.10790858417749406
ditmc-test-small:s00001:r000692:repeat0,ditmc-mol:f6e3ede6ad77b83f3733c9b6,353,0.10681420564651489,0.1068142056465149,0.32359559640006297,True,0.4592589735984802,0.5407410860061646,2.8967151916073566,0.1068142056465149,False,False,False,True,False,False,,,,False,41,False,False,0.1068142056465149,0.1068142056465149
ditmc-test-small:s00001:r000738:repeat1,ditmc-mol:f6e3ede6ad77b83f3733c9b6,353,0.1037243977189064,0.10372439771890639,0.2856008913085782,True,0.4592589735984802,0.5407410860061646,2.75229555715002,0.10372439771890639,False,False,False,True,False,False,,-5.10354841885,,False,41,False,False,0.10372439771890639,0.10372439771890639
ditmc-test-small:s00001:r000203:repeat0,ditmc-mol:f6e3ede6ad77b83f3733c9b6,353,0.10369041562080383,0.10369041562080385,0.23555850210233942,True,0.4592589735984802,0.5407410860061646,2.8232884160688974,0.10369041562080385,False,False,False,True,False,False,,,,False,41,False,False,0.10369041562080385,0.10369041562080385
ditmc-test-small:s00001:r000243:repeat1,ditmc-mol:f6e3ede6ad77b83f3733c9b6,353,0.1020384281873703,0.10203842818737031,0.2699389886156794,True,0.4592589735984802,0.5407410860061646,3.029124879858512,0.10203842818737031,False,False,False,True,False,False,,,,False,41,False,False,0.10203842818737031,0.10203842818737031
ditmc-test-small:s00001:r000192:repeat1,ditmc-mol:f6e3ede6ad77b83f3733c9b6,353,0.10070040822029114,0.10070040822029115,0.24512151187665834,True,0.4592589735984802,0.5407410860061646,2.5602697020934,0.10070040822029115,False,False,False,True,False,False,,-65.601786310834,,False,41,False,False,0.10070040822029115,0.10070040822029115
ditmc-test-small:s00000:r000439:repeat1,ditmc-mol:f6e3ede6ad77b83f3733c9b6,353,0.09770003706216812,0.09770003706216811,0.32647627725886696,True,0.4592589735984802,0.5407410860061646,3.1219536898293807,0.09770003706216811,False,False,False,True,False,False,,,,False,41,False,False,0.09770003706216811,0.09770003706216811
ditmc-test-small:s00000:r002545:repeat0,ditmc-mol:f6e3ede6ad77b83f3733c9b6,353,0.09755289554595947,0.09755289554595946,0.20439197014372504,True,0.4592589735984802,0.5407410860061646,2.6301361450744345,0.09755289554595946,False,False,False,True,False,False,,,,False,41,False,False,0.09755289554595946,0.09755289554595946
ditmc-test-small:s00001:r000203:repeat1,ditmc-mol:f6e3ede6ad77b83f3733c9b6,353,0.09721969813108444,0.09721969813108446,0.28798848354693407,True,0.4592589735984802,0.5407410860061646,2.8446707196647507,0.09721969813108446,False,False,False,True,False,False,-32.47583855488,,,False,41,False,False,0.09721969813108446,0.09721969813108446
ditmc-test-small:s00001:r000160:repeat1,ditmc-mol:f6e3ede6ad77b83f3733c9b6,353,0.09673874825239182,0.09673874825239183,0.2197682338967338,True,0.4592589735984802,0.5407410860061646,2.9159658783524436,0.09673874825239183,False,False,False,True,False,False,,,,False,41,False,False,0.09673874825239183,0.09673874825239183
ditmc-test-small:s00000:r000007:repeat0,ditmc-mol:f6e3ede6ad77b83f3733c9b6,353,0.09529092907905579,0.0952909290790558,0.21223030542074936,True,0.4592589735984802,0.5407410860061646,2.8801998359613425,0.0952909290790558,False,False,False,True,False,False,,,,False,41,False,False,0.0952909290790558,0.0952909290790558
ditmc-test-small:s00000:r001754:repeat1,ditmc-mol:f6e3ede6ad77b83f3733c9b6,353,0.09137380868196487,0.09137380868196486,0.22288991149828546,True,0.4592589735984802,0.5407410860061646,2.510681969024919,0.09137380868196486,False,False,False,True,False,False,,,,False,41,False,False,0.09137380868196486,0.09137380868196486
ditmc-test-small:s00000:r001335:repeat1,ditmc-mol:f6e3ede6ad77b83f3733c9b6,353,0.09100417792797089,0.09100417792797089,0.2333232222909987,True,0.4592589735984802,0.5407410860061646,2.62990962221913,0.09100417792797089,False,False,False,True,False,False,,,,False,41,False,False,0.09100417792797089,0.09100417792797089
ditmc-test-small:s00001:r001289:repeat0,ditmc-mol:f6e3ede6ad77b83f3733c9b6,353,0.09062127768993378,0.09062127768993379,0.19728333413222057,True,0.4592589735984802,0.5407410860061646,2.3401629706543967,0.09062127768993379,False,False,False,True,False,False,,,,False,41,False,False,0.09062127768993379,0.09062127768993379
ditmc-test-small:s00001:r001340:repeat1,ditmc-mol:f6e3ede6ad77b83f3733c9b6,353,0.09040787816047668,0.09040787816047666,0.2494175358372177,True,0.4592589735984802,0.5407410860061646,2.60505206231721,0.09040787816047666,False,False,False,True,False,False,,,,False,41,False,False,0.09040787816047666,0.09040787816047666
ditmc-test-small:s00001:r001339:repeat1,ditmc-mol:f6e3ede6ad77b83f3733c9b6,353,0.08882202953100204,0.08882202953100203,0.19585606299226418,True,0.4592589735984802,0.5407410860061646,2.983905826311194,0.08882202953100203,False,False,False,True,False,False,,-46.902966335601,,False,41,False,False,0.08882202953100203,0.08882202953100203
ditmc-test-small:s00000:r000560:repeat1,ditmc-mol:f6e3ede6ad77b83f3733c9b6,353,0.08815516531467438,0.08815516531467438,0.21848534195581404,True,0.4592589735984802,0.5407410860061646,2.913582602520295,0.08815516531467438,False,False,False,True,False,False,,30.402117604983,,False,41,False,False,0.08815516531467438,0.08815516531467438
ditmc-test-small:s00001:r000192:repeat0,ditmc-mol:f6e3ede6ad77b83f3733c9b6,353,0.08758288621902466,0.08758288621902469,0.23586025982550013,True,0.4592589735984802,0.5407410860061646,2.3763717192330174,0.08758288621902469,False,False,False,True,False,False,,,,False,41,False,False,0.08758288621902469,0.08758288621902469
ditmc-test-small:s00001:r001433:repeat0,ditmc-mol:f6e3ede6ad77b83f3733c9b6,353,0.08733908832073212,0.08733908832073212,0.15494674329015656,True,0.4592589735984802,0.5407410860061646,2.4908878863877337,0.08733908832073212,False,False,False,True,False,False,,,,False,41,False,False,0.08733908832073212,0.08733908832073212
ditmc-test-small:s00000:r003251:repeat0,ditmc-mol:f6e3ede6ad77b83f3733c9b6,353,0.0869922786951065,0.08699227869510649,0.18440601701631304,True,0.4592589735984802,0.5407410860061646,2.652162550950124,0.08699227869510649,False,False,False,True,False,False,,,,False,41,False,False,0.08699227869510649,0.08699227869510649
ditmc-test-small:s00000:r003251:repeat1,ditmc-mol:f6e3ede6ad77b83f3733c9b6,353,0.08640588819980621,0.08640588819980621,0.17245965506591446,True,0.4592589735984802,0.5407410860061646,2.442772064643558,0.08640588819980621,False,False,False,True,False,False,,,,False,41,False,False,0.08640588819980621,0.08640588819980621
ditmc-test-small:s00000:r000439:repeat0,ditmc-mol:f6e3ede6ad77b83f3733c9b6,353,0.08637101948261261,0.08637101948261261,0.17457945468935243,True,0.4592589735984802,0.5407410860061646,2.686660260863082,0.08637101948261261,False,False,False,True,False,False,,,,False,41,False,False,0.08637101948261261,0.08637101948261261
ditmc-test-small:s00001:r000738:repeat0,ditmc-mol:f6e3ede6ad77b83f3733c9b6,353,0.08627984672784805,0.08627984672784807,0.1917880170234763,True,0.4592589735984802,0.5407410860061646,2.755922947916417,0.08627984672784807,False,False,False,True,False,False,,,,False,41,False,False,0.08627984672784807,0.08627984672784807
ditmc-test-small:s00001:r001135:repeat0,ditmc-mol:f6e3ede6ad77b83f3733c9b6,353,0.08607260137796402,0.08607260137796403,0.19682516424873536,True,0.4592589735984802,0.5407410860061646,3.2336557880390298,0.08607260137796403,False,False,False,True,False,False,,,,False,41,False,False,0.08607260137796403,0.08607260137796403
ditmc-test-small:s00000:r001185:repeat1,ditmc-mol:f6e3ede6ad77b83f3733c9b6,353,0.08595677465200424,0.08595677465200423,0.1951484129917,True,0.4592589735984802,0.5407410860061646,3.0478140243365126,0.08595677465200423,False,False,False,True,False,False,,,,False,41,False,False,0.08595677465200423,0.08595677465200423
ditmc-test-small:s00001:r001340:repeat0,ditmc-mol:f6e3ede6ad77b83f3733c9b6,353,0.08550210297107697,0.08550210297107695,0.19609215452894854,True,0.4592589735984802,0.5407410860061646,2.561754978686254,0.08550210297107695,False,False,False,True,False,False,,,,False,41,False,False,0.08550210297107695,0.08550210297107695
ditmc-test-small:s00001:r000289:repeat0,ditmc-mol:27543c07a1096d39e7652042,353,0.08292419463396072,0.0829241946339607,0.40409415543428273,True,0.4745026230812073,0.5254973769187927,1.5113141378067019,0.0829241946339607,False,False,True,True,True,True,-65.503783529734,-61.808820303276,-2318.624430683998,True,37,False,True,0.0829241946339607,0.0829241946339607
ditmc-test-small:s00001:r000160:repeat0,ditmc-mol:f6e3ede6ad77b83f3733c9b6,353,0.08229346573352814,0.08229346573352814,0.1686206670989301,True,0.4592589735984802,0.5407410860061646,2.7664288044030276,0.08229346573352814,False,False,False,True,False,False,,,,False,41,False,False,0.08229346573352814,0.08229346573352814
ditmc-test-small:s00001:r000335:repeat1,ditmc-mol:fc5b40fc9d94e8905d89cfd3,353,0.08167234808206558,0.08167234808206558,0.44696250491202355,True,0.46083948016166687,0.5391605496406555,2.617360835068592,0.08167234808206558,False,False,True,True,True,True,-89.546778189751,-89.749753692235,127.36905079862588,True,59,False,True,0.08167234808206558,0.08167234808206558
ditmc-test-small:s00000:r001335:repeat0,ditmc-mol:f6e3ede6ad77b83f3733c9b6,353,0.08104483038187027,0.08104483038187027,0.1648865906174028,True,0.4592589735984802,0.5407410860061646,2.7750847007274935,0.08104483038187027,False,False,False,True,False,False,,,,False,41,False,False,0.08104483038187027,0.08104483038187027
ditmc-test-small:s00000:r003260:repeat1,ditmc-mol:f6e3ede6ad77b83f3733c9b6,353,0.08094333112239838,0.08094333112239838,0.14403493612116544,True,0.4592589735984802,0.5407410860061646,2.907619207026541,0.08094333112239838,False,False,False,True,False,False,-42.40332140407,-35.873591683157,-4097.467262532281,True,41,False,False,0.08094333112239838,0.08094333112239838
ditmc-test-small:s00000:r003260:repeat0,ditmc-mol:f6e3ede6ad77b83f3733c9b6,353,0.07984882593154907,0.07984882593154907,0.15704034629325567,True,0.4592589735984802,0.5407410860061646,3.274404457407668,0.07984882593154907,False,False,False,True,False,False,,,,False,41,False,False,0.07984882593154907,0.07984882593154907
ditmc-test-small:s00001:r000692:repeat1,ditmc-mol:f6e3ede6ad77b83f3733c9b6,353,0.07976491749286652,0.07976491749286653,0.18391745542488053,True,0.4592589735984802,0.5407410860061646,2.622652607617818,0.07976491749286653,False,False,False,True,False,False,-33.392761270904,-32.551415825536,-527.9522378751732,True,41,False,False,0.07976491749286653,0.07976491749286653
ditmc-test-small:s00000:r002545:repeat1,ditmc-mol:f6e3ede6ad77b83f3733c9b6,353,0.07951294630765915,0.07951294630765915,0.16867434753450414,True,0.4592589735984802,0.5407410860061646,1.8578203019226323,0.07951294630765915,False,False,False,True,False,False,,-13.005999219965,,False,41,False,False,0.07951294630765915,0.07951294630765915
ditmc-test-small:s00000:r000560:repeat0,ditmc-mol:f6e3ede6ad77b83f3733c9b6,353,0.07851507514715195,0.07851507514715196,0.15747307084053408,True,0.4592589735984802,0.5407410860061646,2.827043527430955,0.07851507514715196,False,False,False,True,False,False,,,,False,41,False,False,0.07851507514715196,0.07851507514715196
ditmc-test-small:s00001:r000832:repeat0,ditmc-mol:f6e3ede6ad77b83f3733c9b6,353,0.07806020975112915,0.07806020975112915,0.20072490841809368,True,0.4592589735984802,0.5407410860061646,2.853232727860685,0.07806020975112915,False,False,False,True,False,False,,,,False,41,False,False,0.07806020975112915,0.07806020975112915
ditmc-test-small:s00000:r000727:repeat0,ditmc-mol:142149861a73744525379090,353,0.07803774625062943,0.07803774625062941,0.4138081906328067,True,0.4539215564727783,0.5460784435272217,2.4438439176467956,0.07803774625062941,False,False,False,True,True,False,-83.00491158404,-36.580117794745,-29131.997931278973,True,56,False,True,0.07803774625062941,0.07803774625062941
ditmc-test-small:s00001:r000114:repeat1,ditmc-mol:f6e3ede6ad77b83f3733c9b6,353,0.07782101631164551,0.07782101631164552,0.17624494060143192,True,0.4592589735984802,0.5407410860061646,2.6553125882615145,0.07782101631164552,False,False,False,True,False,False,,,,False,41,False,False,0.07782101631164552,0.07782101631164552
ditmc-test-small:s00001:r000466:repeat0,ditmc-mol:f6e3ede6ad77b83f3733c9b6,353,0.07757176458835602,0.07757176458835602,0.1502126124009668,True,0.4592589735984802,0.5407410860061646,2.615869129074838,0.07757176458835602,False,False,False,True,False,False,,,,False,41,False,False,0.07757176458835602,0.07757176458835602
ditmc-test-small:s00001:r001433:repeat1,ditmc-mol:f6e3ede6ad77b83f3733c9b6,353,0.0774337574839592,0.0774337574839592,0.16486437934699927,True,0.4592589735984802,0.5407410860061646,2.4601574946573748,0.0774337574839592,False,False,False,True,False,False,,-45.792719020928,,False,41,False,False,0.0774337574839592,0.0774337574839592
