attempted_backends,condition_number,effective_rank,graph,jacobian_columns,jacobian_rows,num_atoms,num_joints,rollout_step,sample_id,solver_backend,solver_fallback_count,timing_cartesian_projection_time,timing_cholesky_time,timing_gram_matrix_time,timing_lstsq_time,timing_solve_time,timing_svd_time
"rank_check,svd",30.975488662719727,11,0,12,93,31,3,0,004544e7b6cdbf4fa2bfe313aadfcd39__gen0000,svd_fallback,1,0.00011340000492054969,0.0,4.239998816046864e-05,0.0,0.0,0.00021290000586304814
"rank_check,svd",31.04254913330078,11,0,12,93,31,3,1,004544e7b6cdbf4fa2bfe313aadfcd39__gen0000,svd_fallback,1,8.669999078847468e-05,0.0,2.1200001356191933e-05,0.0,0.0,5.4199990699999034e-05
"rank_check,svd",31.105403900146484,11,0,12,93,31,3,2,004544e7b6cdbf4fa2bfe313aadfcd39__gen0000,svd_fallback,1,8.730000990908593e-05,0.0,2.1900006686337292e-05,0.0,0.0,5.370000144466758e-05
"rank_check,svd",31.16476821899414,11,0,12,93,31,3,3,004544e7b6cdbf4fa2bfe313aadfcd39__gen0000,svd_fallback,1,9.14999982342124e-05,0.0,2.710000262595713e-05,0.0,0.0,5.840000812895596e-05
"rank_check,svd",31.22219467163086,11,0,12,93,31,3,4,004544e7b6cdbf4fa2bfe313aadfcd39__gen0000,svd_fallback,1,0.00012190001143608242,0.0,2.7299989596940577e-05,0.0,0.0,7.680000271648169e-05
"rank_check,svd",31.279491424560547,11,0,12,93,31,3,5,004544e7b6cdbf4fa2bfe313aadfcd39__gen0000,svd_fallback,1,0.0001134999911300838,0.0,2.5599991204217076e-05,0.0,0.0,6.229999416973442e-05
"rank_check,svd",31.33823013305664,11,0,12,93,31,3,6,004544e7b6cdbf4fa2bfe313aadfcd39__gen0000,svd_fallback,1,0.0001120000088121742,0.0,2.540000423323363e-05,0.0,0.0,6.299999949987978e-05
"rank_check,svd",31.399309158325195,11,0,12,93,31,3,7,004544e7b6cdbf4fa2bfe313aadfcd39__gen0000,svd_fallback,1,9.329999738838524e-05,0.0,2.200000744778663e-05,0.0,0.0,5.889999738428742e-05
"rank_check,svd",31.4627685546875,11,0,12,93,31,3,8,004544e7b6cdbf4fa2bfe313aadfcd39__gen0000,svd_fallback,1,8.779999916441739e-05,0.0,2.0399995264597237e-05,0.0,0.0,5.18000015290454e-05
"rank_check,svd",31.528059005737305,11,0,12,93,31,3,9,004544e7b6cdbf4fa2bfe313aadfcd39__gen0000,svd_fallback,1,9.109999518841505e-05,0.0,2.2599997464567423e-05,0.0,0.0,5.750000127591193e-05
"rank_check,svd",30.885969161987305,11,0,12,93,31,3,0,004544e7b6cdbf4fa2bfe313aadfcd39__gen0001,svd_fallback,1,9.679999493528157e-05,0.0,2.1100000594742596e-05,0.0,0.0,6.140000186860561e-05
"rank_check,svd",30.95105743408203,11,0,12,93,31,3,1,004544e7b6cdbf4fa2bfe313aadfcd39__gen0001,svd_fallback,1,9.810000483412296e-05,0.0,2.4599998141638935e-05,0.0,0.0,5.60000044060871e-05
"rank_check,svd",31.012380599975586,11,0,12,93,31,3,2,004544e7b6cdbf4fa2bfe313aadfcd39__gen0001,svd_fallback,1,8.579999848734587e-05,0.0,2.0099992980249226e-05,0.0,0.0,4.909999552182853e-05
"rank_check,svd",31.07053565979004,11,0,12,93,31,3,3,004544e7b6cdbf4fa2bfe313aadfcd39__gen0001,svd_fallback,1,8.600000001024455e-05,0.0,2.0499996026046574e-05,0.0,0.0,5.200000305194408e-05
"rank_check,svd",31.126853942871094,11,0,12,93,31,3,4,004544e7b6cdbf4fa2bfe313aadfcd39__gen0001,svd_fallback,1,8.489999163430184e-05,0.0,1.990000600926578e-05,0.0,0.0,4.7299996367655694e-05
"rank_check,svd",31.183176040649414,11,0,12,93,31,3,5,004544e7b6cdbf4fa2bfe313aadfcd39__gen0001,svd_fallback,1,0.00011100000119768083,0.0,2.649999805726111e-05,0.0,0.0,5.7999990531243384e-05
"rank_check,svd",31.240951538085938,11,0,12,93,31,3,6,004544e7b6cdbf4fa2bfe313aadfcd39__gen0001,svd_fallback,1,8.849998994264752e-05,0.0,2.2599997464567423e-05,0.0,0.0,5.5199998314492404e-05
"rank_check,svd",31.30108070373535,11,0,12,93,31,3,7,004544e7b6cdbf4fa2bfe313aadfcd39__gen0001,svd_fallback,1,8.990000060293823e-05,0.0,2.3499989765696228e-05,0.0,0.0,5.399998917710036e-05
"rank_check,svd",31.36372184753418,11,0,12,93,31,3,8,004544e7b6cdbf4fa2bfe313aadfcd39__gen0001,svd_fallback,1,8.679999154992402e-05,0.0,2.0799998310394585e-05,0.0,0.0,5.160000000614673e-05
"rank_check,svd",31.428407669067383,11,0,12,93,31,3,9,004544e7b6cdbf4fa2bfe313aadfcd39__gen0001,svd_fallback,1,8.540000999346375e-05,0.0,2.0000006770715117e-05,0.0,0.0,4.75000124424696e-05
"rank_check,svd",30.85544776916504,11,0,12,93,31,3,0,004544e7b6cdbf4fa2bfe313aadfcd39__gen0002,svd_fallback,1,8.650000381749123e-05,0.0,2.1100000594742596e-05,0.0,0.0,5.050000618211925e-05
"rank_check,svd",30.920175552368164,11,0,12,93,31,3,1,004544e7b6cdbf4fa2bfe313aadfcd39__gen0002,svd_fallback,1,9.869999485090375e-05,0.0,2.1200001356191933e-05,0.0,0.0,5.250000685919076e-05
"rank_check,svd",30.981050491333008,11,0,12,93,31,3,2,004544e7b6cdbf4fa2bfe313aadfcd39__gen0002,svd_fallback,1,8.800000068731606e-05,0.0,2.0800012862309813e-05,0.0,0.0,5.360000068321824e-05
"rank_check,svd",31.038719177246094,11,0,12,93,31,3,3,004544e7b6cdbf4fa2bfe313aadfcd39__gen0002,svd_fallback,1,8.789999992586672e-05,0.0,2.0699997548945248e-05,0.0,0.0,5.509999755304307e-05
"rank_check,svd",31.094690322875977,11,0,12,93,31,3,4,004544e7b6cdbf4fa2bfe313aadfcd39__gen0002,svd_fallback,1,8.879999222699553e-05,0.0,2.1799991372972727e-05,0.0,0.0,5.360000068321824e-05
"rank_check,svd",31.150745391845703,11,0,12,93,31,3,5,004544e7b6cdbf4fa2bfe313aadfcd39__gen0002,svd_fallback,1,0.00012560001050587744,0.0,2.239999594166875e-05,0.0,0.0,8.290000550914556e-05
"rank_check,svd",31.208293914794922,11,0,12,93,31,3,6,004544e7b6cdbf4fa2bfe313aadfcd39__gen0002,svd_fallback,1,8.569999772589654e-05,0.0,2.0699997548945248e-05,0.0,0.0,5.1399998483248055e-05
"rank_check,svd",31.268165588378906,11,0,12,93,31,3,7,004544e7b6cdbf4fa2bfe313aadfcd39__gen0002,svd_fallback,1,8.530000923201442e-05,0.0,2.059999678749591e-05,0.0,0.0,4.809998790733516e-05
"rank_check,svd",31.33052635192871,11,0,12,93,31,3,8,004544e7b6cdbf4fa2bfe313aadfcd39__gen0002,svd_fallback,1,0.00015730000450275838,0.0,2.030000905506313e-05,0.0,0.0,4.9000009312294424e-05
"rank_check,svd",31.394975662231445,11,0,12,93,31,3,9,004544e7b6cdbf4fa2bfe313aadfcd39__gen0002,svd_fallback,1,0.00015300000086426735,0.0,2.6699999580159783e-05,0.0,0.0,0.00010060000931844115
"rank_check,svd",30.732189178466797,11,0,12,93,31,3,0,004544e7b6cdbf4fa2bfe313aadfcd39__gen0003,svd_fallback,1,0.0001016000023810193,0.0,3.160000778734684e-05,0.0,0.0,6.089999806135893e-05
"rank_check,svd",30.796627044677734,11,0,12,93,31,3,1,004544e7b6cdbf4fa2bfe313aadfcd39__gen0003,svd_fallback,1,0.00013840000610798597,0.0,2.9399991035461426e-05,0.0,0.0,6.95999915478751e-05
"rank_check,svd",30.85671615600586,11,0,12,93,31,3,2,004544e7b6cdbf4fa2bfe313aadfcd39__gen0003,svd_fallback,1,8.939999679569155e-05,0.0,2.160000440198928e-05,0.0,0.0,5.630000669043511e-05
"rank_check,svd",30.913116455078125,11,0,12,93,31,3,3,004544e7b6cdbf4fa2bfe313aadfcd39__gen0003,svd_fallback,1,8.570001227781177e-05,0.0,2.0199993741698563e-05,0.0,0.0,4.959999932907522e-05
"rank_check,svd",30.96742057800293,11,0,12,93,31,3,4,004544e7b6cdbf4fa2bfe313aadfcd39__gen0003,svd_fallback,1,0.00015110000094864517,0.0,2.649999805726111e-05,0.0,0.0,8.579999848734587e-05
"rank_check,svd",31.021526336669922,11,0,12,93,31,3,5,004544e7b6cdbf4fa2bfe313aadfcd39__gen0003,svd_fallback,1,9.31999966269359e-05,0.0,2.1500003640539944e-05,0.0,0.0,6.580000626854599e-05
"rank_check,svd",31.077016830444336,11,0,12,93,31,3,6,004544e7b6cdbf4fa2bfe313aadfcd39__gen0003,svd_fallback,1,8.670000534038991e-05,0.0,2.1200001356191933e-05,0.0,0.0,4.9300011596642435e-05
"rank_check,svd",31.134824752807617,11,0,12,93,31,3,7,004544e7b6cdbf4fa2bfe313aadfcd39__gen0003,svd_fallback,1,0.00010540000221226364,0.0,2.239999594166875e-05,0.0,0.0,5.389998841565102e-05
"rank_check,svd",31.195077896118164,11,0,12,93,31,3,8,004544e7b6cdbf4fa2bfe313aadfcd39__gen0003,svd_fallback,1,0.00010350000229664147,0.0,2.0699997548945248e-05,0.0,0.0,4.919999628327787e-05
"rank_check,svd",31.257184982299805,11,0,12,93,31,3,9,004544e7b6cdbf4fa2bfe313aadfcd39__gen0003,svd_fallback,1,8.889999298844486e-05,0.0,2.510000194888562e-05,0.0,0.0,5.5199998314492404e-05
"rank_check,svd",186.1201934814453,41,0,44,141,47,11,0,0ac69a5bdff27a87ef3ace32f19b1d2d__gen0000,svd_fallback,1,0.00012709999282378703,0.0,3.940000897273421e-05,0.0,0.0,0.0004931000003125519
"rank_check,svd",186.72317504882812,41,0,44,141,47,11,1,0ac69a5bdff27a87ef3ace32f19b1d2d__gen0000,svd_fallback,1,0.00010010000551119447,0.0,2.3299988242797554e-05,0.0,0.0,0.00024380000832024962
"rank_check,svd",187.2772979736328,41,0,44,141,47,11,2,0ac69a5bdff27a87ef3ace32f19b1d2d__gen0000,svd_fallback,1,0.00012969999806955457,0.0,2.61999957729131e-05,0.0,0.0,0.00033910000638570637
"rank_check,svd",187.78369140625,41,0,44,141,47,11,3,0ac69a5bdff27a87ef3ace32f19b1d2d__gen0000,svd_fallback,1,9.90999978967011e-05,0.0,2.3300002794712782e-05,0.0,0.0,0.00023830001009628177
"rank_check,svd",188.2542266845703,41,0,44,141,47,11,4,0ac69a5bdff27a87ef3ace32f19b1d2d__gen0000,svd_fallback,1,0.00010259999544359744,0.0,2.400000812485814e-05,0.0,0.0,0.0002477999951224774
"rank_check,svd",188.7066192626953,41,0,44,141,47,11,5,0ac69a5bdff27a87ef3ace32f19b1d2d__gen0000,svd_fallback,1,0.00013250000483822078,0.0,3.579999611247331e-05,0.0,0.0,0.0002960999991046265
"rank_check,svd",189.1595458984375,41,0,44,141,47,11,6,0ac69a5bdff27a87ef3ace32f19b1d2d__gen0000,svd_fallback,1,0.0001297999988310039,0.0,3.15000070258975e-05,0.0,0.0,0.00028670000028796494
"rank_check,svd",189.62649536132812,41,0,44,141,47,11,7,0ac69a5bdff27a87ef3ace32f19b1d2d__gen0000,svd_fallback,1,0.0001281000004382804,0.0,2.8000009479001164e-05,0.0,0.0,0.00027859999681822956
"rank_check,svd",190.11293029785156,41,0,44,141,47,11,8,0ac69a5bdff27a87ef3ace32f19b1d2d__gen0000,svd_fallback,1,0.00012579999747686088,0.0,2.8099995688535273e-05,0.0,0.0,0.0002783000090857968
"rank_check,svd",190.61549377441406,41,0,44,141,47,11,9,0ac69a5bdff27a87ef3ace32f19b1d2d__gen0000,svd_fallback,1,0.00012650000280700624,0.0,2.8099995688535273e-05,0.0,0.0,0.00027879999834112823
"rank_check,svd",198.74940490722656,41,0,44,141,47,11,0,0ac69a5bdff27a87ef3ace32f19b1d2d__gen0001,svd_fallback,1,0.00010140000085812062,0.0,2.4300010409206152e-05,0.0,0.0,0.00024659998598508537
"rank_check,svd",198.91360473632812,41,0,44,141,47,11,1,0ac69a5bdff27a87ef3ace32f19b1d2d__gen0001,svd_fallback,1,0.00010379999002907425,0.0,3.160000778734684e-05,0.0,0.0,0.0002447000006213784
"rank_check,svd",199.10678100585938,41,0,44,141,47,11,2,0ac69a5bdff27a87ef3ace32f19b1d2d__gen0001,svd_fallback,1,0.00012820000119972974,0.0,2.7900008717551827e-05,0.0,0.0,0.0002842999965650961
"rank_check,svd",199.31350708007812,41,0,44,141,47,11,3,0ac69a5bdff27a87ef3ace32f19b1d2d__gen0001,svd_fallback,1,0.00012830000196117908,0.0,0.0001385000068694353,0.0,0.0,0.000291000003926456
"rank_check,svd",199.52442932128906,41,0,44,141,47,11,4,0ac69a5bdff27a87ef3ace32f19b1d2d__gen0001,svd_fallback,1,0.00010150000161956996,0.0,2.7400004910305142e-05,0.0,0.0,0.0002445999998599291
"rank_check,svd",199.73463439941406,41,0,44,141,47,11,5,0ac69a5bdff27a87ef3ace32f19b1d2d__gen0001,svd_fallback,1,0.00016560000949539244,0.0,0.00012700000661425292,0.0,0.0,0.00031850000959821045
"rank_check,svd",199.94647216796875,41,0,44,141,47,11,6,0ac69a5bdff27a87ef3ace32f19b1d2d__gen0001,svd_fallback,1,0.00010260000999551266,0.0,2.379999205004424e-05,0.0,0.0,0.0002486000012140721
"rank_check,svd",200.16519165039062,41,0,44,141,47,11,7,0ac69a5bdff27a87ef3ace32f19b1d2d__gen0001,svd_fallback,1,0.0002165000041713938,0.0,2.5000001187436283e-05,0.0,0.0,0.00023160000273492187
"rank_check,svd",200.39639282226562,41,0,44,141,47,11,8,0ac69a5bdff27a87ef3ace32f19b1d2d__gen0001,svd_fallback,1,0.0001221999991685152,0.0,3.0099996365606785e-05,0.0,0.0,0.0002652000111993402
"rank_check,svd",200.64698791503906,41,0,44,141,47,11,9,0ac69a5bdff27a87ef3ace32f19b1d2d__gen0001,svd_fallback,1,0.00016619999951217324,0.0,4.1099992813542485e-05,0.0,0.0,0.0003299999953014776
"rank_check,svd",204.54977416992188,41,0,44,141,47,11,0,0ac69a5bdff27a87ef3ace32f19b1d2d__gen0002,svd_fallback,1,0.000115999995614402,0.0,7.159999222494662e-05,0.0,0.0,0.0002657000004546717
"rank_check,svd",204.6569061279297,41,0,44,141,47,11,1,0ac69a5bdff27a87ef3ace32f19b1d2d__gen0002,svd_fallback,1,0.00010509999992791563,0.0,2.3800006601959467e-05,0.0,0.0,0.0002548000047681853
"rank_check,svd",204.79776000976562,41,0,44,141,47,11,2,0ac69a5bdff27a87ef3ace32f19b1d2d__gen0002,svd_fallback,1,0.00010289999772794545,0.0,2.3200002033263445e-05,0.0,0.0,0.00023609999334439635
"rank_check,svd",204.9588623046875,41,0,44,141,47,11,3,0ac69a5bdff27a87ef3ace32f19b1d2d__gen0002,svd_fallback,1,9.919999865815043e-05,0.0,2.3500004317611456e-05,0.0,0.0,0.00023890000011306256
"rank_check,svd",205.13064575195312,41,0,44,141,47,11,4,0ac69a5bdff27a87ef3ace32f19b1d2d__gen0002,svd_fallback,1,0.00010030000703409314,0.0,2.3200002033263445e-05,0.0,0.0,0.00022680000984109938
"rank_check,svd",205.30987548828125,41,0,44,141,47,11,5,0ac69a5bdff27a87ef3ace32f19b1d2d__gen0002,svd_fallback,1,0.00013989998842589557,0.0,2.3600005079060793e-05,0.0,0.0,0.0003006000042660162
"rank_check,svd",205.4962158203125,41,0,44,141,47,11,6,0ac69a5bdff27a87ef3ace32f19b1d2d__gen0002,svd_fallback,1,0.00011209999502170831,0.0,2.4199995095841587e-05,0.0,0.0,0.0002472000051056966
"rank_check,svd",205.694091796875,41,0,44,141,47,11,7,0ac69a5bdff27a87ef3ace32f19b1d2d__gen0002,svd_fallback,1,0.00018519999866839498,0.0,2.5200002710334957e-05,0.0,0.0,0.0002550999925006181
"rank_check,svd",205.9079132080078,41,0,44,141,47,11,8,0ac69a5bdff27a87ef3ace32f19b1d2d__gen0002,svd_fallback,1,0.00011049999739043415,0.0,2.469999890308827e-05,0.0,0.0,0.00024160000612027943
"rank_check,svd",206.13998413085938,41,0,44,141,47,11,9,0ac69a5bdff27a87ef3ace32f19b1d2d__gen0002,svd_fallback,1,0.00010049999400507659,0.0,2.3500004317611456e-05,0.0,0.0,0.00024619999749120325
"rank_check,svd",205.1183624267578,41,0,44,141,47,11,0,0ac69a5bdff27a87ef3ace32f19b1d2d__gen0003,svd_fallback,1,0.0001353999978164211,0.0,2.3500004317611456e-05,0.0,0.0,0.0002793000021483749
"rank_check,svd",205.67982482910156,41,0,44,141,47,11,1,0ac69a5bdff27a87ef3ace32f19b1d2d__gen0003,svd_fallback,1,0.00013100000796839595,0.0,3.0399998649954796e-05,0.0,0.0,0.0002901999978348613
"rank_check,svd",206.205078125,41,0,44,141,47,11,2,0ac69a5bdff27a87ef3ace32f19b1d2d__gen0003,svd_fallback,1,0.00014170000213198364,0.0,4.2100000428035855e-05,0.0,0.0,0.0003164000081596896
"rank_check,svd",206.6903533935547,41,0,44,141,47,11,3,0ac69a5bdff27a87ef3ace32f19b1d2d__gen0003,svd_fallback,1,0.00010299999848939478,0.0,2.510000194888562e-05,0.0,0.0,0.0002449000021442771
"rank_check,svd",207.1427459716797,41,0,44,141,47,11,4,0ac69a5bdff27a87ef3ace32f19b1d2d__gen0003,svd_fallback,1,0.00010259999544359744,0.0,2.4100008886307478e-05,0.0,0.0,0.00025710000772960484
"rank_check,svd",207.57752990722656,41,0,44,141,47,11,5,0ac69a5bdff27a87ef3ace32f19b1d2d__gen0003,svd_fallback,1,0.00013329999637790024,0.0,2.4599998141638935e-05,0.0,0.0,0.0002860999957192689
"rank_check,svd",208.01171875,41,0,44,141,47,11,6,0ac69a5bdff27a87ef3ace32f19b1d2d__gen0003,svd_fallback,1,0.00017780000052880496,0.0,2.7700007194653153e-05,0.0,0.0,0.0002508000034140423
"rank_check,svd",208.45977783203125,41,0,44,141,47,11,7,0ac69a5bdff27a87ef3ace32f19b1d2d__gen0003,svd_fallback,1,0.00013700000999961048,0.0,2.609999501146376e-05,0.0,0.0,0.0002886000002035871
"rank_check,svd",208.92764282226562,41,0,44,141,47,11,8,0ac69a5bdff27a87ef3ace32f19b1d2d__gen0003,svd_fallback,1,0.00010170000314246863,0.0,2.5399989681318402e-05,0.0,0.0,0.0002469000028213486
"rank_check,svd",209.41566467285156,41,0,44,141,47,11,9,0ac69a5bdff27a87ef3ace32f19b1d2d__gen0003,svd_fallback,1,0.0001053000014508143,0.0,3.460000152699649e-05,0.0,0.0,0.0002330000133952126
"rank_check,svd",216.5930633544922,41,0,44,141,47,11,0,0ac69a5bdff27a87ef3ace32f19b1d2d__gen0004,svd_fallback,1,0.0001145999995060265,0.0,2.469999890308827e-05,0.0,0.0,0.00025430000096093863
"rank_check,svd",216.6221160888672,41,0,44,141,47,11,1,0ac69a5bdff27a87ef3ace32f19b1d2d__gen0004,svd_fallback,1,0.00010769999062176794,0.0,2.4499997380189598e-05,0.0,0.0,0.00023839999630581588
"rank_check,svd",216.69886779785156,41,0,44,141,47,11,2,0ac69a5bdff27a87ef3ace32f19b1d2d__gen0004,svd_fallback,1,0.000115999995614402,0.0,2.9699993319809437e-05,0.0,0.0,0.00024649999977555126
"rank_check,svd",216.80831909179688,41,0,44,141,47,11,3,0ac69a5bdff27a87ef3ace32f19b1d2d__gen0004,svd_fallback,1,0.00010409999231342226,0.0,2.4499997380189598e-05,0.0,0.0,0.00024120000307448208
"rank_check,svd",216.93536376953125,41,0,44,141,47,11,4,0ac69a5bdff27a87ef3ace32f19b1d2d__gen0004,svd_fallback,1,0.00010559998918324709,0.0,2.4299995857290924e-05,0.0,0.0,0.0002406999992672354
"rank_check,svd",217.07093811035156,41,0,44,141,47,11,5,0ac69a5bdff27a87ef3ace32f19b1d2d__gen0004,svd_fallback,1,0.00012760001118294895,0.0,2.8399997972883284e-05,0.0,0.0,0.0002927000023191795
"rank_check,svd",217.21177673339844,41,0,44,141,47,11,6,0ac69a5bdff27a87ef3ace32f19b1d2d__gen0004,svd_fallback,1,0.0001227000029757619,0.0,2.7599991881288588e-05,0.0,0.0,0.00027749998844228685
"rank_check,svd",217.359130859375,41,0,44,141,47,11,7,0ac69a5bdff27a87ef3ace32f19b1d2d__gen0004,svd_fallback,1,9.889999637380242e-05,0.0,2.370000584051013e-05,0.0,0.0,0.00022850000823382288
"rank_check,svd",217.5185546875,41,0,44,141,47,11,8,0ac69a5bdff27a87ef3ace32f19b1d2d__gen0004,svd_fallback,1,0.00010229999315924942,0.0,2.820001100189984e-05,0.0,0.0,0.0002469000028213486
"rank_check,svd",217.69566345214844,41,0,44,141,47,11,9,0ac69a5bdff27a87ef3ace32f19b1d2d__gen0004,svd_fallback,1,0.00011320000339765102,0.0,2.3100001271814108e-05,0.0,0.0,0.00023150000197347254
"rank_check,svd",215.47518920898438,41,0,44,141,47,11,0,0ac69a5bdff27a87ef3ace32f19b1d2d__gen0005,svd_fallback,1,0.00010309999925084412,0.0,3.070000093430281e-05,0.0,0.0,0.00024389999452978373
"rank_check,svd",215.6986846923828,41,0,44,141,47,11,1,0ac69a5bdff27a87ef3ace32f19b1d2d__gen0005,svd_fallback,1,0.00010069999552797526,0.0,2.479999966453761e-05,0.0,0.0,0.00024199999461416155
"rank_check,svd",215.9456329345703,41,0,44,141,47,11,2,0ac69a5bdff27a87ef3ace32f19b1d2d__gen0005,svd_fallback,1,9.99999901978299e-05,0.0,2.4299995857290924e-05,0.0,0.0,0.00024040001153480262
"rank_check,svd",216.20269775390625,41,0,44,141,47,11,3,0ac69a5bdff27a87ef3ace32f19b1d2d__gen0005,svd_fallback,1,0.00010089999705087394,0.0,2.4299995857290924e-05,0.0,0.0,0.0002477999951224774
"rank_check,svd",216.45999145507812,41,0,44,141,47,11,4,0ac69a5bdff27a87ef3ace32f19b1d2d__gen0005,svd_fallback,1,9.880001016426831e-05,0.0,3.0499999411404133e-05,0.0,0.0,0.00023530000180471689
"rank_check,svd",216.7156982421875,41,0,44,141,47,11,5,0ac69a5bdff27a87ef3ace32f19b1d2d__gen0005,svd_fallback,1,9.800000407267362e-05,0.0,2.5200002710334957e-05,0.0,0.0,0.00023099999816622585
"rank_check,svd",216.9711151123047,41,0,44,141,47,11,6,0ac69a5bdff27a87ef3ace32f19b1d2d__gen0005,svd_fallback,1,0.0001145999995060265,0.0,2.570000651758164e-05,0.0,0.0,0.0002513999934308231
"rank_check,svd",217.2319793701172,41,0,44,141,47,11,7,0ac69a5bdff27a87ef3ace32f19b1d2d__gen0005,svd_fallback,1,0.00011269999959040433,0.0,2.8000009479001164e-05,0.0,0.0,0.0002395999908912927
"rank_check,svd",217.50439453125,41,0,44,141,47,11,8,0ac69a5bdff27a87ef3ace32f19b1d2d__gen0005,svd_fallback,1,0.00010009999095927924,0.0,2.439999661874026e-05,0.0,0.0,0.0002463999990141019
"rank_check,svd",217.79229736328125,41,0,44,141,47,11,9,0ac69a5bdff27a87ef3ace32f19b1d2d__gen0005,svd_fallback,1,0.00010990000737365335,0.0,2.7000001864507794e-05,0.0,0.0,0.0002586999908089638
"rank_check,svd",219.6813507080078,41,0,44,141,47,11,0,0ac69a5bdff27a87ef3ace32f19b1d2d__gen0006,svd_fallback,1,9.99000039882958e-05,0.0,2.3599990527145565e-05,0.0,0.0,0.00023770000552758574
"rank_check,svd",219.7340850830078,41,0,44,141,47,11,1,0ac69a5bdff27a87ef3ace32f19b1d2d__gen0006,svd_fallback,1,0.00010389999079052359,0.0,2.4599998141638935e-05,0.0,0.0,0.0002511000056983903
"rank_check,svd",219.8271484375,41,0,44,141,47,11,2,0ac69a5bdff27a87ef3ace32f19b1d2d__gen0006,svd_fallback,1,0.00010119999933522195,0.0,3.229999856557697e-05,0.0,0.0,0.00025610000011511147
"rank_check,svd",219.94651794433594,41,0,44,141,47,11,3,0ac69a5bdff27a87ef3ace32f19b1d2d__gen0006,svd_fallback,1,9.849999332800508e-05,0.0,2.3500004317611456e-05,0.0,0.0,0.00022730001364834607
"rank_check,svd",220.08035278320312,41,0,44,141,47,11,4,0ac69a5bdff27a87ef3ace32f19b1d2d__gen0006,svd_fallback,1,9.90999978967011e-05,0.0,2.370000584051013e-05,0.0,0.0,0.00023550000332761556
"rank_check,svd",220.222412109375,41,0,44,141,47,11,5,0ac69a5bdff27a87ef3ace32f19b1d2d__gen0006,svd_fallback,1,0.00013070000568404794,0.0,2.2899999748915434e-05,0.0,0.0,0.0002972000074805692
"rank_check,svd",220.37020874023438,41,0,44,141,47,11,6,0ac69a5bdff27a87ef3ace32f19b1d2d__gen0006,svd_fallback,1,0.0001019000046653673,0.0,2.379999205004424e-05,0.0,0.0,0.00024480000138282776
"rank_check,svd",220.52638244628906,41,0,44,141,47,11,7,0ac69a5bdff27a87ef3ace32f19b1d2d__gen0006,svd_fallback,1,0.00010720000136643648,0.0,2.400000812485814e-05,0.0,0.0,0.0002525000018067658
"rank_check,svd",220.69403076171875,41,0,44,141,47,11,8,0ac69a5bdff27a87ef3ace32f19b1d2d__gen0006,svd_fallback,1,0.00010049999400507659,0.0,2.3800006601959467e-05,0.0,0.0,0.0002432000037515536
"rank_check,svd",220.876953125,41,0,44,141,47,11,9,0ac69a5bdff27a87ef3ace32f19b1d2d__gen0006,svd_fallback,1,9.940000018104911e-05,0.0,2.3100001271814108e-05,0.0,0.0,0.0002339000056963414
"rank_check,svd",228.19732666015625,41,0,44,141,47,11,0,0ac69a5bdff27a87ef3ace32f19b1d2d__gen0007,svd_fallback,1,0.00010199999087490141,0.0,2.4100008886307478e-05,0.0,0.0,0.0002491000050213188
"rank_check,svd",228.2205352783203,41,0,44,141,47,11,1,0ac69a5bdff27a87ef3ace32f19b1d2d__gen0007,svd_fallback,1,0.0001446999958716333,0.0,2.409999433439225e-05,0.0,0.0,0.0003597999893827364
"rank_check,svd",228.29794311523438,41,0,44,141,47,11,2,0ac69a5bdff27a87ef3ace32f19b1d2d__gen0007,svd_fallback,1,0.00010200000542681664,0.0,2.370000584051013e-05,0.0,0.0,0.00024839999969117343
"rank_check,svd",228.4127655029297,41,0,44,141,47,11,3,0ac69a5bdff27a87ef3ace32f19b1d2d__gen0007,svd_fallback,1,0.00010730000212788582,0.0,2.3100001271814108e-05,0.0,0.0,0.00024170000688172877
"rank_check,svd",228.55038452148438,41,0,44,141,47,11,4,0ac69a5bdff27a87ef3ace32f19b1d2d__gen0007,svd_fallback,1,9.889999637380242e-05,0.0,2.370000584051013e-05,0.0,0.0,0.00024339999072253704
"rank_check,svd",228.699462890625,41,0,44,141,47,11,5,0ac69a5bdff27a87ef3ace32f19b1d2d__gen0007,svd_fallback,1,9.750000026542693e-05,0.0,2.300000051036477e-05,0.0,0.0,0.00023920000239741057
"rank_check,svd",228.85540771484375,41,0,44,141,47,11,6,0ac69a5bdff27a87ef3ace32f19b1d2d__gen0007,svd_fallback,1,0.00010359998850617558,0.0,2.3299988242797554e-05,0.0,0.0,0.0002462999982526526
"rank_check,svd",229.01678466796875,41,0,44,141,47,11,7,0ac69a5bdff27a87ef3ace32f19b1d2d__gen0007,svd_fallback,1,0.00011860000086016953,0.0,2.4499997380189598e-05,0.0,0.0,0.0002598999999463558
"rank_check,svd",229.18804931640625,41,0,44,141,47,11,8,0ac69a5bdff27a87ef3ace32f19b1d2d__gen0007,svd_fallback,1,0.00010289999772794545,0.0,2.4100008886307478e-05,0.0,0.0,0.00024489998759236187
"rank_check,svd",229.37420654296875,41,0,44,141,47,11,9,0ac69a5bdff27a87ef3ace32f19b1d2d__gen0007,svd_fallback,1,0.00010210000618826598,0.0,2.3600005079060793e-05,0.0,0.0,0.00024449999909847975
"rank_check,svd",212.46051025390625,41,0,44,141,47,11,0,0ac69a5bdff27a87ef3ace32f19b1d2d__gen0008,svd_fallback,1,9.980000322684646e-05,0.0,2.370000584051013e-05,0.0,0.0,0.0002449999883538112
"rank_check,svd",212.64154052734375,41,0,44,141,47,11,1,0ac69a5bdff27a87ef3ace32f19b1d2d__gen0008,svd_fallback,1,0.00010260000999551266,0.0,2.4199995095841587e-05,0.0,0.0,0.00023520000104326755
"rank_check,svd",212.85028076171875,41,0,44,141,47,11,2,0ac69a5bdff27a87ef3ace32f19b1d2d__gen0008,svd_fallback,1,0.00010600000678095967,0.0,2.990000939462334e-05,0.0,0.0,0.0002480999974068254
"rank_check,svd",213.07196044921875,41,0,44,141,47,11,3,0ac69a5bdff27a87ef3ace32f19b1d2d__gen0008,svd_fallback,1,0.0001368000084767118,0.0,2.9999995604157448e-05,0.0,0.0,0.0004780999879585579
"rank_check,svd",213.29788208007812,41,0,44,141,47,11,4,0ac69a5bdff27a87ef3ace32f19b1d2d__gen0008,svd_fallback,1,0.00013020000187680125,0.0,3.0499999411404133e-05,0.0,0.0,0.0003082000039285049
"rank_check,svd",213.52435302734375,41,0,44,141,47,11,5,0ac69a5bdff27a87ef3ace32f19b1d2d__gen0008,svd_fallback,1,9.99000039882958e-05,0.0,2.3200002033263445e-05,0.0,0.0,0.0002426999999443069
"rank_check,svd",213.7530975341797,41,0,44,141,47,11,6,0ac69a5bdff27a87ef3ace32f19b1d2d__gen0008,svd_fallback,1,0.00010540000221226364,0.0,2.7399990358389914e-05,0.0,0.0,0.00024619999749120325
"rank_check,svd",213.98753356933594,41,0,44,141,47,11,7,0ac69a5bdff27a87ef3ace32f19b1d2d__gen0008,svd_fallback,1,0.00010220000694971532,0.0,2.3999993572942913e-05,0.0,0.0,0.00024750000739004463
"rank_check,svd",214.2334747314453,41,0,44,141,47,11,8,0ac69a5bdff27a87ef3ace32f19b1d2d__gen0008,svd_fallback,1,0.00010740000288933516,0.0,2.340000355616212e-05,0.0,0.0,0.0002386999985901639
"rank_check,svd",214.4941864013672,41,0,44,141,47,11,9,0ac69a5bdff27a87ef3ace32f19b1d2d__gen0008,svd_fallback,1,0.00010930000280495733,0.0,7.920000643935055e-05,0.0,0.0,0.0002545000024838373
"rank_check,svd",204.65170288085938,41,0,44,141,47,11,0,0ac69a5bdff27a87ef3ace32f19b1d2d__gen0009,svd_fallback,1,0.00010080001084133983,0.0,2.3599990527145565e-05,0.0,0.0,0.00023550000332761556
"rank_check,svd",205.28273010253906,41,0,44,141,47,11,1,0ac69a5bdff27a87ef3ace32f19b1d2d__gen0009,svd_fallback,1,0.00015650001296307892,0.0,3.840000135824084e-05,0.0,0.0,0.00030559999868273735
"rank_check,svd",205.86911010742188,41,0,44,141,47,11,2,0ac69a5bdff27a87ef3ace32f19b1d2d__gen0009,svd_fallback,1,0.00010200000542681664,0.0,2.4499997380189598e-05,0.0,0.0,0.00025540000933688134
"rank_check,svd",206.41127014160156,41,0,44,141,47,11,3,0ac69a5bdff27a87ef3ace32f19b1d2d__gen0009,svd_fallback,1,0.00013099999341648072,0.0,2.950000634882599e-05,0.0,0.0,0.00030729999707546085
"rank_check,svd",206.9222869873047,41,0,44,141,47,11,4,0ac69a5bdff27a87ef3ace32f19b1d2d__gen0009,svd_fallback,1,9.970000246539712e-05,0.0,2.3200002033263445e-05,0.0,0.0,0.0002367999986745417
"rank_check,svd",207.41995239257812,41,0,44,141,47,11,5,0ac69a5bdff27a87ef3ace32f19b1d2d__gen0009,svd_fallback,1,0.00010099999781232327,0.0,2.36999912885949e-05,0.0,0.0,0.0002496000088285655
"rank_check,svd",207.92323303222656,41,0,44,141,47,11,6,0ac69a5bdff27a87ef3ace32f19b1d2d__gen0009,svd_fallback,1,9.870000940281898e-05,0.0,2.3100001271814108e-05,0.0,0.0,0.0002297000028192997
"rank_check,svd",208.4453582763672,41,0,44,141,47,11,7,0ac69a5bdff27a87ef3ace32f19b1d2d__gen0009,svd_fallback,1,0.00010269999620504677,0.0,2.9799994081258774e-05,0.0,0.0,0.00024110000231303275
"rank_check,svd",208.98959350585938,41,0,44,141,47,11,8,0ac69a5bdff27a87ef3ace32f19b1d2d__gen0009,svd_fallback,1,9.859999408945441e-05,0.0,2.3500004317611456e-05,0.0,0.0,0.00023380000493489206
"rank_check,svd",209.54946899414062,41,0,44,141,47,11,9,0ac69a5bdff27a87ef3ace32f19b1d2d__gen0009,svd_fallback,1,0.00010030000703409314,0.0,2.4900000425986946e-05,0.0,0.0,0.00024989999656099826
"rank_check,svd",211.86390686035156,41,0,44,141,47,11,0,0ac69a5bdff27a87ef3ace32f19b1d2d__gen0010,svd_fallback,1,9.869999485090375e-05,0.0,2.3900007363408804e-05,0.0,0.0,0.00023809999402146786
"rank_check,svd",211.87921142578125,41,0,44,141,47,11,1,0ac69a5bdff27a87ef3ace32f19b1d2d__gen0010,svd_fallback,1,0.00010900000052060932,0.0,4.020000051241368e-05,0.0,0.0,0.0002423000114504248
"rank_check,svd",211.9440460205078,41,0,44,141,47,11,2,0ac69a5bdff27a87ef3ace32f19b1d2d__gen0010,svd_fallback,1,9.790000331122428e-05,0.0,2.4200009647756815e-05,0.0,0.0,0.00022950000129640102
"rank_check,svd",212.04295349121094,41,0,44,141,47,11,3,0ac69a5bdff27a87ef3ace32f19b1d2d__gen0010,svd_fallback,1,0.00010940000356640667,0.0,3.920000744983554e-05,0.0,0.0,0.0002525000018067658
"rank_check,svd",212.161865234375,41,0,44,141,47,11,4,0ac69a5bdff27a87ef3ace32f19b1d2d__gen0010,svd_fallback,1,0.00010420000762678683,0.0,2.3600005079060793e-05,0.0,0.0,0.0002533000078983605
"rank_check,svd",212.29002380371094,41,0,44,141,47,11,5,0ac69a5bdff27a87ef3ace32f19b1d2d__gen0010,svd_fallback,1,9.960000170394778e-05,0.0,2.370000584051013e-05,0.0,0.0,0.0002381999947829172
"rank_check,svd",212.4212646484375,41,0,44,141,47,11,6,0ac69a5bdff27a87ef3ace32f19b1d2d__gen0010,svd_fallback,1,9.99000039882958e-05,0.0,2.300000051036477e-05,0.0,0.0,0.00023270001111086458
"rank_check,svd",212.5564727783203,41,0,44,141,47,11,7,0ac69a5bdff27a87ef3ace32f19b1d2d__gen0010,svd_fallback,1,0.00010949998977594078,0.0,5.5800002883188426e-05,0.0,0.0,0.00025299999106209725
"rank_check,svd",212.69920349121094,41,0,44,141,47,11,8,0ac69a5bdff27a87ef3ace32f19b1d2d__gen0010,svd_fallback,1,0.00015770000754855573,0.0,2.440001117065549e-05,0.0,0.0,0.0002440000098431483
"rank_check,svd",212.8558807373047,41,0,44,141,47,11,9,0ac69a5bdff27a87ef3ace32f19b1d2d__gen0010,svd_fallback,1,0.00010299999848939478,0.0,2.469999890308827e-05,0.0,0.0,0.00025180001102853566
"rank_check,svd",212.3007049560547,41,0,44,141,47,11,0,0ac69a5bdff27a87ef3ace32f19b1d2d__gen0011,svd_fallback,1,0.00013169999874662608,0.0,2.36999912885949e-05,0.0,0.0,0.00031149999995250255
"rank_check,svd",212.41421508789062,41,0,44,141,47,11,1,0ac69a5bdff27a87ef3ace32f19b1d2d__gen0011,svd_fallback,1,0.00010159998782910407,0.0,2.549999044276774e-05,0.0,0.0,0.00024510000366717577
"rank_check,svd",212.56494140625,41,0,44,141,47,11,2,0ac69a5bdff27a87ef3ace32f19b1d2d__gen0011,svd_fallback,1,0.00010340000153519213,0.0,2.3100001271814108e-05,0.0,0.0,0.00024190000840462744
"rank_check,svd",212.73886108398438,41,0,44,141,47,11,3,0ac69a5bdff27a87ef3ace32f19b1d2d__gen0011,svd_fallback,1,0.00011649999942164868,0.0,2.710000262595713e-05,0.0,0.0,0.00025440000172238797
"rank_check,svd",212.9244384765625,41,0,44,141,47,11,4,0ac69a5bdff27a87ef3ace32f19b1d2d__gen0011,svd_fallback,1,0.00016750000941101462,0.0,2.36999912885949e-05,0.0,0.0,0.00024819999816827476
"rank_check,svd",213.11505126953125,41,0,44,141,47,11,5,0ac69a5bdff27a87ef3ace32f19b1d2d__gen0011,svd_fallback,1,0.00010220000694971532,0.0,2.4499997380189598e-05,0.0,0.0,0.00024839999969117343
"rank_check,svd",213.3091583251953,41,0,44,141,47,11,6,0ac69a5bdff27a87ef3ace32f19b1d2d__gen0011,svd_fallback,1,0.0001269999920623377,0.0,0.0001714999962132424,0.0,0.0,0.00027709999994840473
"rank_check,svd",213.50848388671875,41,0,44,141,47,11,7,0ac69a5bdff27a87ef3ace32f19b1d2d__gen0011,svd_fallback,1,0.00011740000627469271,0.0,2.3100001271814108e-05,0.0,0.0,0.0002528000040911138
"rank_check,svd",213.716796875,41,0,44,141,47,11,8,0ac69a5bdff27a87ef3ace32f19b1d2d__gen0011,svd_fallback,1,0.0001818999880924821,0.0,2.5500004994682968e-05,0.0,0.0,0.00032020000799093395
"rank_check,svd",213.94241333007812,41,0,44,141,47,11,9,0ac69a5bdff27a87ef3ace32f19b1d2d__gen0011,svd_fallback,1,0.00010040000779554248,0.0,2.3600005079060793e-05,0.0,0.0,0.00023720000172033906
"rank_check,svd",212.90155029296875,41,0,44,141,47,11,0,0ac69a5bdff27a87ef3ace32f19b1d2d__gen0012,svd_fallback,1,0.00012530000822152942,0.0,2.540000423323363e-05,0.0,0.0,0.0002699000033317134
"rank_check,svd",213.4731903076172,41,0,44,141,47,11,1,0ac69a5bdff27a87ef3ace32f19b1d2d__gen0012,svd_fallback,1,0.0001083999959519133,0.0,2.3900007363408804e-05,0.0,0.0,0.00023370000417344272
"rank_check,svd",213.9974365234375,41,0,44,141,47,11,2,0ac69a5bdff27a87ef3ace32f19b1d2d__gen0012,svd_fallback,1,0.00013490000856108963,0.0,3.750000905711204e-05,0.0,0.0,0.00029129999165888876
"rank_check,svd",214.47666931152344,41,0,44,141,47,11,3,0ac69a5bdff27a87ef3ace32f19b1d2d__gen0012,svd_fallback,1,0.00018579998868517578,0.0,2.3300002794712782e-05,0.0,0.0,0.0002879999956348911
"rank_check,svd",214.92332458496094,41,0,44,141,47,11,4,0ac69a5bdff27a87ef3ace32f19b1d2d__gen0012,svd_fallback,1,0.00013830000534653664,0.0,6.459999713115394e-05,0.0,0.0,0.0003012999950442463
"rank_check,svd",215.35369873046875,41,0,44,141,47,11,5,0ac69a5bdff27a87ef3ace32f19b1d2d__gen0012,svd_fallback,1,0.00010000000474974513,0.0,2.3899992811493576e-05,0.0,0.0,0.0002508999896235764
"rank_check,svd",215.78541564941406,41,0,44,141,47,11,6,0ac69a5bdff27a87ef3ace32f19b1d2d__gen0012,svd_fallback,1,9.940000018104911e-05,0.0,2.3900007363408804e-05,0.0,0.0,0.0002471999905537814
"rank_check,svd",216.2296905517578,41,0,44,141,47,11,7,0ac69a5bdff27a87ef3ace32f19b1d2d__gen0012,svd_fallback,1,9.869999485090375e-05,0.0,2.379999205004424e-05,0.0,0.0,0.00024349999148398638
"rank_check,svd",216.6900634765625,41,0,44,141,47,11,8,0ac69a5bdff27a87ef3ace32f19b1d2d__gen0012,svd_fallback,1,0.0002756000030785799,0.0,2.3800006601959467e-05,0.0,0.0,0.00024419999681413174
"rank_check,svd",217.16310119628906,41,0,44,141,47,11,9,0ac69a5bdff27a87ef3ace32f19b1d2d__gen0012,svd_fallback,1,0.00011979999544564635,0.0,2.4499997380189598e-05,0.0,0.0,0.0002558999985922128
"rank_check,svd",198.17312622070312,41,0,44,141,47,11,0,0ac69a5bdff27a87ef3ace32f19b1d2d__gen0013,svd_fallback,1,0.000152900000102818,0.0,4.490000719670206e-05,0.0,0.0,0.00025719999393913895
"rank_check,svd",198.25428771972656,41,0,44,141,47,11,1,0ac69a5bdff27a87ef3ace32f19b1d2d__gen0013,svd_fallback,1,0.00011559999256860465,0.0,2.3899992811493576e-05,0.0,0.0,0.00025800000003073364
"rank_check,svd",198.37185668945312,41,0,44,141,47,11,2,0ac69a5bdff27a87ef3ace32f19b1d2d__gen0013,svd_fallback,1,0.00010340000153519213,0.0,3.980001201853156e-05,0.0,0.0,0.00024870000197552145
"rank_check,svd",198.51365661621094,41,0,44,141,47,11,3,0ac69a5bdff27a87ef3ace32f19b1d2d__gen0013,svd_fallback,1,0.00010099999781232327,0.0,2.3800006601959467e-05,0.0,0.0,0.00022670000907965004
"rank_check,svd",198.6692657470703,41,0,44,141,47,11,4,0ac69a5bdff27a87ef3ace32f19b1d2d__gen0013,svd_fallback,1,0.0001007999962894246,0.0,2.4199995095841587e-05,0.0,0.0,0.00024359999224543571
"rank_check,svd",198.83248901367188,41,0,44,141,47,11,5,0ac69a5bdff27a87ef3ace32f19b1d2d__gen0013,svd_fallback,1,9.929999941959977e-05,0.0,2.2899999748915434e-05,0.0,0.0,0.00023440000950358808
"rank_check,svd",199.00291442871094,41,0,44,141,47,11,6,0ac69a5bdff27a87ef3ace32f19b1d2d__gen0013,svd_fallback,1,0.00010199999087490141,0.0,2.3899992811493576e-05,0.0,0.0,0.00024649999977555126
"rank_check,svd",199.181640625,41,0,44,141,47,11,7,0ac69a5bdff27a87ef3ace32f19b1d2d__gen0013,svd_fallback,1,9.869999485090375e-05,0.0,2.2400010493583977e-05,0.0,0.0,0.0002300000051036477
"rank_check,svd",199.3729248046875,41,0,44,141,47,11,8,0ac69a5bdff27a87ef3ace32f19b1d2d__gen0013,svd_fallback,1,0.00010159998782910407,0.0,2.5000001187436283e-05,0.0,0.0,0.00024080000002868474
"rank_check,svd",199.57940673828125,41,0,44,141,47,11,9,0ac69a5bdff27a87ef3ace32f19b1d2d__gen0013,svd_fallback,1,0.00010170000314246863,0.0,2.4299995857290924e-05,0.0,0.0,0.00024759999359957874
"rank_check,svd",200.0498504638672,41,0,44,141,47,11,0,0ac69a5bdff27a87ef3ace32f19b1d2d__gen0014,svd_fallback,1,0.00013000000035390258,0.0,2.7999994927085936e-05,0.0,0.0,0.00028980000934097916
"rank_check,svd",200.1517333984375,41,0,44,141,47,11,1,0ac69a5bdff27a87ef3ace32f19b1d2d__gen0014,svd_fallback,1,0.0001613000058569014,0.0,2.409999433439225e-05,0.0,0.0,0.00029960001120343804
"rank_check,svd",200.29400634765625,41,0,44,141,47,11,2,0ac69a5bdff27a87ef3ace32f19b1d2d__gen0014,svd_fallback,1,9.85000078799203e-05,0.0,2.3499989765696228e-05,0.0,0.0,0.00023599999258294702
"rank_check,svd",200.45826721191406,41,0,44,141,47,11,3,0ac69a5bdff27a87ef3ace32f19b1d2d__gen0014,svd_fallback,1,0.00016500000492669642,0.0,3.160000778734684e-05,0.0,0.0,0.00028449999808799475
"rank_check,svd",200.6306610107422,41,0,44,141,47,11,4,0ac69a5bdff27a87ef3ace32f19b1d2d__gen0014,svd_fallback,1,0.00011169999197591096,0.0,2.510000194888562e-05,0.0,0.0,0.00025660000392235816
"rank_check,svd",200.80369567871094,41,0,44,141,47,11,5,0ac69a5bdff27a87ef3ace32f19b1d2d__gen0014,svd_fallback,1,0.0001328999933321029,0.0,3.370000922586769e-05,0.0,0.0,0.0004003000067314133
"rank_check,svd",200.97715759277344,41,0,44,141,47,11,6,0ac69a5bdff27a87ef3ace32f19b1d2d__gen0014,svd_fallback,1,0.00010390000534243882,0.0,2.400000812485814e-05,0.0,0.0,0.0002581999870017171
"rank_check,svd",201.1558074951172,41,0,44,141,47,11,7,0ac69a5bdff27a87ef3ace32f19b1d2d__gen0014,svd_fallback,1,0.00019269999756943434,0.0,3.7999998312443495e-05,0.0,0.0,0.0003471999953035265
"rank_check,svd",201.34716796875,41,0,44,141,47,11,8,0ac69a5bdff27a87ef3ace32f19b1d2d__gen0014,svd_fallback,1,0.00010520000068936497,0.0,2.4200009647756815e-05,0.0,0.0,0.00026149999757763
"rank_check,svd",201.55770874023438,41,0,44,141,47,11,9,0ac69a5bdff27a87ef3ace32f19b1d2d__gen0014,svd_fallback,1,0.0001019000046653673,0.0,2.579999272711575e-05,0.0,0.0,0.0002586999908089638
"rank_check,svd",208.7517547607422,41,0,44,141,47,11,0,0ac69a5bdff27a87ef3ace32f19b1d2d__gen0015,svd_fallback,1,0.0001041999930748716,0.0,2.7300004148855805e-05,0.0,0.0,0.00025409999943803996
"rank_check,svd",208.88385009765625,41,0,44,141,47,11,1,0ac69a5bdff27a87ef3ace32f19b1d2d__gen0015,svd_fallback,1,0.00010210000618826598,0.0,2.36999912885949e-05,0.0,0.0,0.00024029999622143805
"rank_check,svd",209.04837036132812,41,0,44,141,47,11,2,0ac69a5bdff27a87ef3ace32f19b1d2d__gen0015,svd_fallback,1,9.879999561235309e-05,0.0,2.7000001864507794e-05,0.0,0.0,0.00022420000459533185
"rank_check,svd",209.2323455810547,41,0,44,141,47,11,3,0ac69a5bdff27a87ef3ace32f19b1d2d__gen0015,svd_fallback,1,9.960000170394778e-05,0.0,2.3300002794712782e-05,0.0,0.0,0.00023689999943599105
"rank_check,svd",209.42652893066406,41,0,44,141,47,11,4,0ac69a5bdff27a87ef3ace32f19b1d2d__gen0015,svd_fallback,1,0.00010089999705087394,0.0,2.469999890308827e-05,0.0,0.0,0.00024290000146720558
"rank_check,svd",209.6280059814453,41,0,44,141,47,11,5,0ac69a5bdff27a87ef3ace32f19b1d2d__gen0015,svd_fallback,1,0.00010119999933522195,0.0,2.5000001187436283e-05,0.0,0.0,0.00024219999613706023
"rank_check,svd",209.83718872070312,41,0,44,141,47,11,6,0ac69a5bdff27a87ef3ace32f19b1d2d__gen0015,svd_fallback,1,9.90999978967011e-05,0.0,2.300000051036477e-05,0.0,0.0,0.00023009999131318182
"rank_check,svd",210.0579833984375,41,0,44,141,47,11,7,0ac69a5bdff27a87ef3ace32f19b1d2d__gen0015,svd_fallback,1,0.00013269999180920422,0.0,2.6200010324828327e-05,0.0,0.0,0.0003237999917473644
"rank_check,svd",210.29458618164062,41,0,44,141,47,11,8,0ac69a5bdff27a87ef3ace32f19b1d2d__gen0015,svd_fallback,1,0.00010309999925084412,0.0,2.579999272711575e-05,0.0,0.0,0.00024179999309126288
"rank_check,svd",210.548828125,41,0,44,141,47,11,9,0ac69a5bdff27a87ef3ace32f19b1d2d__gen0015,svd_fallback,1,0.000112599998828955,0.0,2.370000584051013e-05,0.0,0.0,0.0002612000098451972
"rank_check,svd",221.60113525390625,41,0,44,141,47,11,0,0ac69a5bdff27a87ef3ace32f19b1d2d__gen0016,svd_fallback,1,0.0001548000000184402,0.0,3.0399998649954796e-05,0.0,0.0,0.0003694000042742118
"rank_check,svd",221.58584594726562,41,0,44,141,47,11,1,0ac69a5bdff27a87ef3ace32f19b1d2d__gen0016,svd_fallback,1,0.00010819999442901462,0.0,2.5599991204217076e-05,0.0,0.0,0.0002477999951224774
"rank_check,svd",221.63465881347656,41,0,44,141,47,11,2,0ac69a5bdff27a87ef3ace32f19b1d2d__gen0016,svd_fallback,1,0.00016719999257475138,0.0,2.3500004317611456e-05,0.0,0.0,0.0002657000004546717
"rank_check,svd",221.72976684570312,41,0,44,141,47,11,3,0ac69a5bdff27a87ef3ace32f19b1d2d__gen0016,svd_fallback,1,0.00010299999848939478,0.0,2.5200002710334957e-05,0.0,0.0,0.0002538999979151413
"rank_check,svd",221.85133361816406,41,0,44,141,47,11,4,0ac69a5bdff27a87ef3ace32f19b1d2d__gen0016,svd_fallback,1,0.00013259999104775488,0.0,3.070000093430281e-05,0.0,0.0,0.0002862999972421676
"rank_check,svd",221.98602294921875,41,0,44,141,47,11,5,0ac69a5bdff27a87ef3ace32f19b1d2d__gen0016,svd_fallback,1,0.00010209999163635075,0.0,2.4299995857290924e-05,0.0,0.0,0.0002499999973224476
"rank_check,svd",222.12640380859375,41,0,44,141,47,11,6,0ac69a5bdff27a87ef3ace32f19b1d2d__gen0016,svd_fallback,1,0.00011369999265298247,0.0,3.879998985212296e-05,0.0,0.0,0.00030169999809004366
"rank_check,svd",222.2733917236328,41,0,44,141,47,11,7,0ac69a5bdff27a87ef3ace32f19b1d2d__gen0016,svd_fallback,1,9.99000039882958e-05,0.0,2.3600005079060793e-05,0.0,0.0,0.00023429999419022352
"rank_check,svd",222.43089294433594,41,0,44,141,47,11,8,0ac69a5bdff27a87ef3ace32f19b1d2d__gen0016,svd_fallback,1,0.00013770000077784061,0.0,2.340000355616212e-05,0.0,0.0,0.00022790000366512686
"rank_check,svd",222.6050262451172,41,0,44,141,47,11,9,0ac69a5bdff27a87ef3ace32f19b1d2d__gen0016,svd_fallback,1,0.00010489999840501696,0.0,2.510000194888562e-05,0.0,0.0,0.0002597999991849065
"rank_check,svd",212.20973205566406,41,0,44,141,47,11,0,0ac69a5bdff27a87ef3ace32f19b1d2d__gen0017,svd_fallback,1,0.00010240000847261399,0.0,2.3600005079060793e-05,0.0,0.0,0.0002486000012140721
"rank_check,svd",212.2518768310547,41,0,44,141,47,11,1,0ac69a5bdff27a87ef3ace32f19b1d2d__gen0017,svd_fallback,1,0.00011789999553002417,0.0,7.289998757187277e-05,0.0,0.0,0.0002486000012140721
"rank_check,svd",212.3461456298828,41,0,44,141,47,11,2,0ac69a5bdff27a87ef3ace32f19b1d2d__gen0017,svd_fallback,1,0.0001002000062726438,0.0,8.05000017862767e-05,0.0,0.0,0.00026610000350046903
"rank_check,svd",212.4731903076172,41,0,44,141,47,11,3,0ac69a5bdff27a87ef3ace32f19b1d2d__gen0017,svd_fallback,1,0.0001007999962894246,0.0,2.400000812485814e-05,0.0,0.0,0.00022839999292045832
"rank_check,svd",212.61578369140625,41,0,44,141,47,11,4,0ac69a5bdff27a87ef3ace32f19b1d2d__gen0017,svd_fallback,1,0.0001024999946821481,0.0,2.5000001187436283e-05,0.0,0.0,0.0003690000012284145
"rank_check,svd",212.76284790039062,41,0,44,141,47,11,5,0ac69a5bdff27a87ef3ace32f19b1d2d__gen0017,svd_fallback,1,0.00010400000610388815,0.0,2.3199987481348217e-05,0.0,0.0,0.0002553999947849661
"rank_check,svd",212.9119415283203,41,0,44,141,47,11,6,0ac69a5bdff27a87ef3ace32f19b1d2d__gen0017,svd_fallback,1,0.0001272000081371516,0.0,2.9399991035461426e-05,0.0,0.0,0.0002823999966494739
"rank_check,svd",213.06495666503906,41,0,44,141,47,11,7,0ac69a5bdff27a87ef3ace32f19b1d2d__gen0017,svd_fallback,1,0.0001255999959539622,0.0,2.9799994081258774e-05,0.0,0.0,0.0002778999914880842
"rank_check,svd",213.22894287109375,41,0,44,141,47,11,8,0ac69a5bdff27a87ef3ace32f19b1d2d__gen0017,svd_fallback,1,0.00012740000966005027,0.0,2.990000939462334e-05,0.0,0.0,0.0002868000010494143
"rank_check,svd",213.41140747070312,41,0,44,141,47,11,9,0ac69a5bdff27a87ef3ace32f19b1d2d__gen0017,svd_fallback,1,0.00010309999925084412,0.0,2.370000584051013e-05,0.0,0.0,0.00024080000002868474
"rank_check,svd",218.04251098632812,41,0,44,141,47,11,0,0ac69a5bdff27a87ef3ace32f19b1d2d__gen0018,svd_fallback,1,9.919999865815043e-05,0.0,2.3600005079060793e-05,0.0,0.0,0.0002410000015515834
"rank_check,svd",218.09288024902344,41,0,44,141,47,11,1,0ac69a5bdff27a87ef3ace32f19b1d2d__gen0018,svd_fallback,1,0.00010869999823626131,0.0,2.2799998987466097e-05,0.0,0.0,0.0002455999929225072
"rank_check,svd",218.19036865234375,41,0,44,141,47,11,2,0ac69a5bdff27a87ef3ace32f19b1d2d__gen0018,svd_fallback,1,0.00010090001160278916,0.0,2.339998900424689e-05,0.0,0.0,0.0002519999979995191
"rank_check,svd",218.3199462890625,41,0,44,141,47,11,3,0ac69a5bdff27a87ef3ace32f19b1d2d__gen0018,svd_fallback,1,0.00017090000619646162,0.0,2.3600005079060793e-05,0.0,0.0,0.0002666000073077157
"rank_check,svd",218.4690399169922,41,0,44,141,47,11,4,0ac69a5bdff27a87ef3ace32f19b1d2d__gen0018,svd_fallback,1,0.00012900000729132444,0.0,3.029999788850546e-05,0.0,0.0,0.0002891999902203679
"rank_check,svd",218.62811279296875,41,0,44,141,47,11,5,0ac69a5bdff27a87ef3ace32f19b1d2d__gen0018,svd_fallback,1,0.00012799999967683107,0.0,3.100000321865082e-05,0.0,0.0,0.0002911999908974394
"rank_check,svd",218.79461669921875,41,0,44,141,47,11,6,0ac69a5bdff27a87ef3ace32f19b1d2d__gen0018,svd_fallback,1,0.00012670000432990491,0.0,2.9600007110275328e-05,0.0,0.0,0.0002808999997796491
"rank_check,svd",218.96856689453125,41,0,44,141,47,11,7,0ac69a5bdff27a87ef3ace32f19b1d2d__gen0018,svd_fallback,1,0.00012680000509135425,0.0,2.9499991796910763e-05,0.0,0.0,0.0002800000074785203
"rank_check,svd",219.1540985107422,41,0,44,141,47,11,8,0ac69a5bdff27a87ef3ace32f19b1d2d__gen0018,svd_fallback,1,9.859999408945441e-05,0.0,2.3100001271814108e-05,0.0,0.0,0.00023430000874213874
"rank_check,svd",219.35394287109375,41,0,44,141,47,11,9,0ac69a5bdff27a87ef3ace32f19b1d2d__gen0018,svd_fallback,1,0.00010439999459777027,0.0,2.78999941656366e-05,0.0,0.0,0.0002624999906402081
"rank_check,svd",216.75279235839844,41,0,44,141,47,11,0,0ac69a5bdff27a87ef3ace32f19b1d2d__gen0019,svd_fallback,1,9.899999713525176e-05,0.0,2.340000355616212e-05,0.0,0.0,0.00023859999782871455
"rank_check,svd",216.8963165283203,41,0,44,141,47,11,1,0ac69a5bdff27a87ef3ace32f19b1d2d__gen0019,svd_fallback,1,0.00010119999933522195,0.0,2.339998900424689e-05,0.0,0.0,0.00024649999977555126
"rank_check,svd",217.0640106201172,41,0,44,141,47,11,2,0ac69a5bdff27a87ef3ace32f19b1d2d__gen0019,svd_fallback,1,9.830000635702163e-05,0.0,2.36999912885949e-05,0.0,0.0,0.00023660001170355827
"rank_check,svd",217.2448272705078,41,0,44,141,47,11,3,0ac69a5bdff27a87ef3ace32f19b1d2d__gen0019,svd_fallback,1,0.00010750000365078449,0.0,3.189999551977962e-05,0.0,0.0,0.00025430000096093863
"rank_check,svd",217.43353271484375,41,0,44,141,47,11,4,0ac69a5bdff27a87ef3ace32f19b1d2d__gen0019,svd_fallback,1,0.0002322000073036179,0.0,2.4299995857290924e-05,0.0,0.0,0.00024850000045262277
"rank_check,svd",217.6251678466797,41,0,44,141,47,11,5,0ac69a5bdff27a87ef3ace32f19b1d2d__gen0019,svd_fallback,1,0.00010130000009667128,0.0,2.3900007363408804e-05,0.0,0.0,0.00024989999656099826
"rank_check,svd",217.8223114013672,41,0,44,141,47,11,6,0ac69a5bdff27a87ef3ace32f19b1d2d__gen0019,svd_fallback,1,0.00010180000390391797,0.0,2.300000051036477e-05,0.0,0.0,0.00024240001221187413
"rank_check,svd",218.02500915527344,41,0,44,141,47,11,7,0ac69a5bdff27a87ef3ace32f19b1d2d__gen0019,svd_fallback,1,0.00010039999324362725,0.0,2.400000812485814e-05,0.0,0.0,0.00024280000070575625
"rank_check,svd",218.23817443847656,41,0,44,141,47,11,8,0ac69a5bdff27a87ef3ace32f19b1d2d__gen0019,svd_fallback,1,0.00010239999392069876,0.0,2.7299989596940577e-05,0.0,0.0,0.00023769999097567052
"rank_check,svd",218.46417236328125,41,0,44,141,47,11,9,0ac69a5bdff27a87ef3ace32f19b1d2d__gen0019,svd_fallback,1,0.00013040000339969993,0.0,2.989999484270811e-05,0.0,0.0,0.00031259999377653003
"rank_check,svd",209.14002990722656,41,0,44,141,47,11,0,0ac69a5bdff27a87ef3ace32f19b1d2d__gen0020,svd_fallback,1,0.00012989999959245324,0.0,3.069998638238758e-05,0.0,0.0,0.0002894999925047159
"rank_check,svd",209.31727600097656,41,0,44,141,47,11,1,0ac69a5bdff27a87ef3ace32f19b1d2d__gen0020,svd_fallback,1,0.00013040000339969993,0.0,2.9499991796910763e-05,0.0,0.0,0.00028739999106619507
"rank_check,svd",209.52310180664062,41,0,44,141,47,11,2,0ac69a5bdff27a87ef3ace32f19b1d2d__gen0020,svd_fallback,1,0.00012740000966005027,0.0,2.9199989512562752e-05,0.0,0.0,0.000279399988357909
"rank_check,svd",209.74375915527344,41,0,44,141,47,11,3,0ac69a5bdff27a87ef3ace32f19b1d2d__gen0020,svd_fallback,1,0.00018400000408291817,0.0,2.4199995095841587e-05,0.0,0.0,0.00030849999166093767
"rank_check,svd",209.9669189453125,41,0,44,141,47,11,4,0ac69a5bdff27a87ef3ace32f19b1d2d__gen0020,svd_fallback,1,9.950000094249845e-05,0.0,2.510000194888562e-05,0.0,0.0,0.0002514000079827383
"rank_check,svd",210.18801879882812,41,0,44,141,47,11,5,0ac69a5bdff27a87ef3ace32f19b1d2d__gen0020,svd_fallback,1,0.00010720000136643648,0.0,2.61999957729131e-05,0.0,0.0,0.00023940000392030925
"rank_check,svd",210.4080352783203,41,0,44,141,47,11,6,0ac69a5bdff27a87ef3ace32f19b1d2d__gen0020,svd_fallback,1,0.00010089999705087394,0.0,2.3500004317611456e-05,0.0,0.0,0.0002463999990141019
"rank_check,svd",210.6337432861328,41,0,44,141,47,11,7,0ac69a5bdff27a87ef3ace32f19b1d2d__gen0020,svd_fallback,1,9.770000178832561e-05,0.0,2.2899999748915434e-05,0.0,0.0,0.00022819999139755964
"rank_check,svd",210.87171936035156,41,0,44,141,47,11,8,0ac69a5bdff27a87ef3ace32f19b1d2d__gen0020,svd_fallback,1,0.00010559998918324709,0.0,2.6299996534362435e-05,0.0,0.0,0.0002542000001994893
"rank_check,svd",211.12847900390625,41,0,44,141,47,11,9,0ac69a5bdff27a87ef3ace32f19b1d2d__gen0020,svd_fallback,1,0.00010140000085812062,0.0,2.409999433439225e-05,0.0,0.0,0.00024340000527445227
"rank_check,svd",218.6024627685547,41,0,44,141,47,11,0,0ac69a5bdff27a87ef3ace32f19b1d2d__gen0021,svd_fallback,1,0.00010049999400507659,0.0,2.3800006601959467e-05,0.0,0.0,0.00024170000688172877
"rank_check,svd",218.71482849121094,41,0,44,141,47,11,1,0ac69a5bdff27a87ef3ace32f19b1d2d__gen0021,svd_fallback,1,0.00016169999435078353,0.0,2.3600005079060793e-05,0.0,0.0,0.0005866999999852851
"rank_check,svd",218.8594512939453,41,0,44,141,47,11,2,0ac69a5bdff27a87ef3ace32f19b1d2d__gen0021,svd_fallback,1,0.00010069999552797526,0.0,2.3300002794712782e-05,0.0,0.0,0.0002401999954599887
"rank_check,svd",219.0240936279297,41,0,44,141,47,11,3,0ac69a5bdff27a87ef3ace32f19b1d2d__gen0021,svd_fallback,1,0.00015190000704023987,0.0,2.2899999748915434e-05,0.0,0.0,0.0002254000137327239
"rank_check,svd",219.19874572753906,41,0,44,141,47,11,4,0ac69a5bdff27a87ef3ace32f19b1d2d__gen0021,svd_fallback,1,0.00010230000771116465,0.0,2.4199995095841587e-05,0.0,0.0,0.00026250000519212335
"rank_check,svd",219.3794708251953,41,0,44,141,47,11,5,0ac69a5bdff27a87ef3ace32f19b1d2d__gen0021,svd_fallback,1,0.00010389999079052359,0.0,2.3600005079060793e-05,0.0,0.0,0.00026080000679939985
"rank_check,svd",219.56759643554688,41,0,44,141,47,11,6,0ac69a5bdff27a87ef3ace32f19b1d2d__gen0021,svd_fallback,1,0.00010469999688211828,0.0,2.4100008886307478e-05,0.0,0.0,0.00023890000011306256
"rank_check,svd",219.765380859375,41,0,44,141,47,11,7,0ac69a5bdff27a87ef3ace32f19b1d2d__gen0021,svd_fallback,1,0.00017769999976735562,0.0,0.00016870000399649143,0.0,0.0,0.00033319999056402594
"rank_check,svd",219.9777374267578,41,0,44,141,47,11,8,0ac69a5bdff27a87ef3ace32f19b1d2d__gen0021,svd_fallback,1,9.929999941959977e-05,0.0,2.3299988242797554e-05,0.0,0.0,0.0002406000130577013
"rank_check,svd",220.2064208984375,41,0,44,141,47,11,9,0ac69a5bdff27a87ef3ace32f19b1d2d__gen0021,svd_fallback,1,0.00026250000519212335,0.0,3.199999628122896e-05,0.0,0.0,0.0003183000080753118
"rank_check,svd",210.37135314941406,41,0,44,141,47,11,0,0ac69a5bdff27a87ef3ace32f19b1d2d__gen0022,svd_fallback,1,0.00011350000568199903,0.0,2.4599998141638935e-05,0.0,0.0,0.00025180001102853566
"rank_check,svd",210.42965698242188,41,0,44,141,47,11,1,0ac69a5bdff27a87ef3ace32f19b1d2d__gen0022,svd_fallback,1,0.00010569998994469643,0.0,2.3500004317611456e-05,0.0,0.0,0.0002381000085733831
"rank_check,svd",210.53231811523438,41,0,44,141,47,11,2,0ac69a5bdff27a87ef3ace32f19b1d2d__gen0022,svd_fallback,1,0.00010260000999551266,0.0,2.4499997380189598e-05,0.0,0.0,0.00024229999689850956
"rank_check,svd",210.6643829345703,41,0,44,141,47,11,3,0ac69a5bdff27a87ef3ace32f19b1d2d__gen0022,svd_fallback,1,0.00010309999925084412,0.0,2.379999205004424e-05,0.0,0.0,0.0002519999979995191
"rank_check,svd",210.81356811523438,41,0,44,141,47,11,4,0ac69a5bdff27a87ef3ace32f19b1d2d__gen0022,svd_fallback,1,0.00010409999231342226,0.0,3.609999839682132e-05,0.0,0.0,0.00025669999013189226
"rank_check,svd",210.97213745117188,41,0,44,141,47,11,5,0ac69a5bdff27a87ef3ace32f19b1d2d__gen0022,svd_fallback,1,0.000109500004327856,0.0,5.800000508315861e-05,0.0,0.0,0.0002555999963078648
"rank_check,svd",211.13795471191406,41,0,44,141,47,11,6,0ac69a5bdff27a87ef3ace32f19b1d2d__gen0022,svd_fallback,1,0.00010149998706765473,0.0,2.3300002794712782e-05,0.0,0.0,0.00023879999935161322
"rank_check,svd",211.31324768066406,41,0,44,141,47,11,7,0ac69a5bdff27a87ef3ace32f19b1d2d__gen0022,svd_fallback,1,0.00012669998977798969,0.0,3.0199997127056122e-05,0.0,0.0,0.0002818000066326931
"rank_check,svd",211.50157165527344,41,0,44,141,47,11,8,0ac69a5bdff27a87ef3ace32f19b1d2d__gen0022,svd_fallback,1,9.810000483412296e-05,0.0,2.3200002033263445e-05,0.0,0.0,0.00023350000265054405
"rank_check,svd",211.7057647705078,41,0,44,141,47,11,9,0ac69a5bdff27a87ef3ace32f19b1d2d__gen0022,svd_fallback,1,0.00011419999646022916,0.0,6.770000618416816e-05,0.0,0.0,0.0002838000073097646
"rank_check,svd",226.512939453125,41,0,44,141,47,11,0,0ac69a5bdff27a87ef3ace32f19b1d2d__gen0023,svd_fallback,1,9.950000094249845e-05,0.0,2.3500004317611456e-05,0.0,0.0,0.00024349999148398638
"rank_check,svd",226.54833984375,41,0,44,141,47,11,1,0ac69a5bdff27a87ef3ace32f19b1d2d__gen0023,svd_fallback,1,0.00010039999324362725,0.0,2.4499997380189598e-05,0.0,0.0,0.00023550000332761556
"rank_check,svd",226.6343536376953,41,0,44,141,47,11,2,0ac69a5bdff27a87ef3ace32f19b1d2d__gen0023,svd_fallback,1,0.00010889999975915998,0.0,2.3100001271814108e-05,0.0,0.0,0.00023599999258294702
"rank_check,svd",226.75094604492188,41,0,44,141,47,11,3,0ac69a5bdff27a87ef3ace32f19b1d2d__gen0023,svd_fallback,1,0.00010889999975915998,0.0,3.290000313427299e-05,0.0,0.0,0.0002727999963099137
"rank_check,svd",226.88340759277344,41,0,44,141,47,11,4,0ac69a5bdff27a87ef3ace32f19b1d2d__gen0023,svd_fallback,1,0.00013210000179242343,0.0,2.510000194888562e-05,0.0,0.0,0.0003200000064680353
"rank_check,svd",227.02102661132812,41,0,44,141,47,11,5,0ac69a5bdff27a87ef3ace32f19b1d2d__gen0023,svd_fallback,1,0.00010229999315924942,0.0,2.7000001864507794e-05,0.0,0.0,0.00026229998911730945
"rank_check,svd",227.16224670410156,41,0,44,141,47,11,6,0ac69a5bdff27a87ef3ace32f19b1d2d__gen0023,svd_fallback,1,9.9300013971515e-05,0.0,2.4299995857290924e-05,0.0,0.0,0.00024199999461416155
"rank_check,svd",227.3087158203125,41,0,44,141,47,11,7,0ac69a5bdff27a87ef3ace32f19b1d2d__gen0023,svd_fallback,1,0.00010340000153519213,0.0,2.8700000257231295e-05,0.0,0.0,0.0002555999963078648
"rank_check,svd",227.46791076660156,41,0,44,141,47,11,8,0ac69a5bdff27a87ef3ace32f19b1d2d__gen0023,svd_fallback,1,9.810000483412296e-05,0.0,2.439999661874026e-05,0.0,0.0,0.00023830001009628177
"rank_check,svd",227.643798828125,41,0,44,141,47,11,9,0ac69a5bdff27a87ef3ace32f19b1d2d__gen0023,svd_fallback,1,0.00013210000179242343,0.0,4.2100000428035855e-05,0.0,0.0,0.0003249000001233071
"rank_check,svd",210.21859741210938,41,0,44,141,47,11,0,0ac69a5bdff27a87ef3ace32f19b1d2d__gen0024,svd_fallback,1,0.00018430000636726618,0.0,2.5500004994682968e-05,0.0,0.0,0.0003212999872630462
"rank_check,svd",210.31532287597656,41,0,44,141,47,11,1,0ac69a5bdff27a87ef3ace32f19b1d2d__gen0024,svd_fallback,1,0.00010299999848939478,0.0,2.5399989681318402e-05,0.0,0.0,0.00024839999969117343
"rank_check,svd",210.4492950439453,41,0,44,141,47,11,2,0ac69a5bdff27a87ef3ace32f19b1d2d__gen0024,svd_fallback,1,0.00018400000408291817,0.0,2.379999205004424e-05,0.0,0.0,0.00047400000039488077
"rank_check,svd",210.603759765625,41,0,44,141,47,11,3,0ac69a5bdff27a87ef3ace32f19b1d2d__gen0024,svd_fallback,1,0.00010740000288933516,0.0,3.0300012440420687e-05,0.0,0.0,0.0002535999956307933
"rank_check,svd",210.76609802246094,41,0,44,141,47,11,4,0ac69a5bdff27a87ef3ace32f19b1d2d__gen0024,svd_fallback,1,0.002054099997621961,0.0,2.9000002541579306e-05,0.0,0.0,0.0004752000095322728
"rank_check,svd",210.9290771484375,41,0,44,141,47,11,5,0ac69a5bdff27a87ef3ace32f19b1d2d__gen0024,svd_fallback,1,0.00014769998961128294,0.0,3.370000922586769e-05,0.0,0.0,0.0003332999913254753
"rank_check,svd",211.0940704345703,41,0,44,141,47,11,6,0ac69a5bdff27a87ef3ace32f19b1d2d__gen0024,svd_fallback,1,0.00015279999934136868,0.0,7.489998824894428e-05,0.0,0.0,0.0003394000086700544
"rank_check,svd",211.26502990722656,41,0,44,141,47,11,7,0ac69a5bdff27a87ef3ace32f19b1d2d__gen0024,svd_fallback,1,0.00016479998885188252,0.0,3.700000524986535e-05,0.0,0.0,0.00031290001061279327
"rank_check,svd",211.44944763183594,41,0,44,141,47,11,8,0ac69a5bdff27a87ef3ace32f19b1d2d__gen0024,svd_fallback,1,0.00014620000729337335,0.0,3.4900003811344504e-05,0.0,0.0,0.0003235000040149316
"rank_check,svd",211.65261840820312,41,0,44,141,47,11,9,0ac69a5bdff27a87ef3ace32f19b1d2d__gen0024,svd_fallback,1,0.00012709999282378703,0.0,2.5600005756132305e-05,0.0,0.0,0.00025859999004751444
"rank_check,svd",201.69215393066406,41,0,44,141,47,11,0,0ac69a5bdff27a87ef3ace32f19b1d2d__gen0025,svd_fallback,1,0.00015100000018719584,0.0,3.530000685714185e-05,0.0,0.0,0.000331000002915971
"rank_check,svd",201.77500915527344,41,0,44,141,47,11,1,0ac69a5bdff27a87ef3ace32f19b1d2d__gen0025,svd_fallback,1,0.00024389999452978373,0.0,4.2100000428035855e-05,0.0,0.0,0.00039999998989515007
"rank_check,svd",201.89678955078125,41,0,44,141,47,11,2,0ac69a5bdff27a87ef3ace32f19b1d2d__gen0025,svd_fallback,1,0.00013390000094659626,0.0,2.890000178012997e-05,0.0,0.0,0.0003147999959765002
"rank_check,svd",202.04354858398438,41,0,44,141,47,11,3,0ac69a5bdff27a87ef3ace32f19b1d2d__gen0025,svd_fallback,1,0.0001621999981580302,0.0,3.070000093430281e-05,0.0,0.0,0.00033519999124109745
"rank_check,svd",202.2050323486328,41,0,44,141,47,11,4,0ac69a5bdff27a87ef3ace32f19b1d2d__gen0025,svd_fallback,1,0.00016719999257475138,0.0,3.229999856557697e-05,0.0,0.0,0.0005057999951532111
"rank_check,svd",202.37362670898438,41,0,44,141,47,11,5,0ac69a5bdff27a87ef3ace32f19b1d2d__gen0025,svd_fallback,1,0.0001033000007737428,0.0,2.819999644998461e-05,0.0,0.0,0.0002607000060379505
"rank_check,svd",202.5484161376953,41,0,44,141,47,11,6,0ac69a5bdff27a87ef3ace32f19b1d2d__gen0025,svd_fallback,1,0.00010969999129883945,0.0,2.379999205004424e-05,0.0,0.0,0.00024480000138282776
"rank_check,svd",202.73191833496094,41,0,44,141,47,11,7,0ac69a5bdff27a87ef3ace32f19b1d2d__gen0025,svd_fallback,1,0.00010099999781232327,0.0,3.130000550299883e-05,0.0,0.0,0.00024310000299010426
"rank_check,svd",202.927978515625,41,0,44,141,47,11,8,0ac69a5bdff27a87ef3ace32f19b1d2d__gen0025,svd_fallback,1,0.0001016000023810193,0.0,2.750000567175448e-05,0.0,0.0,0.00024730000586714596
"rank_check,svd",203.1383819580078,41,0,44,141,47,11,9,0ac69a5bdff27a87ef3ace32f19b1d2d__gen0025,svd_fallback,1,0.00010200000542681664,0.0,2.6400011847727e-05,0.0,0.0,0.0002502999996067956
