completed_count,file_bytes,mode,save_every_records,save_seconds,state_seconds
1,3745,full_rewrite,1,0.004363600004580803,0.010084900000947528
2,5717,full_rewrite,1,0.002850500008207746,0.00895489999675192
3,7753,full_rewrite,1,0.002991799992742017,0.009924300000420772
4,9791,full_rewrite,1,0.0031546999962301925,0.00981339999998454
5,11830,full_rewrite,1,0.00310400000307709,0.009909200001857243
6,13933,full_rewrite,1,0.003103100010775961,0.009915100003127009
7,15972,full_rewrite,1,0.003062599993427284,0.009882600003038533
8,18011,full_rewrite,1,0.0030919999990146607,0.009935299996868707
9,20114,full_rewrite,1,0.002861000000848435,0.009088400009204634
10,22281,full_rewrite,1,0.002882600005250424,0.010053900012280792
11,24448,full_rewrite,1,0.002880400003050454,0.009103400007006712
12,26551,full_rewrite,1,0.002985600003739819,0.010026600008131936
13,28718,full_rewrite,1,0.002959100005682558,0.009856799995759502
14,30885,full_rewrite,1,0.0030227999959606677,0.009927799997967668
15,32988,full_rewrite,1,0.003086600001552142,0.009907800005748868
16,35155,full_rewrite,1,0.003100699992501177,0.009889699998893775
17,37258,full_rewrite,1,0.003104600007645786,0.0098600999917835
18,39425,full_rewrite,1,0.004061200001160614,0.009916599999996834
19,41592,full_rewrite,1,0.004062299994984642,0.009855299998889677
20,43695,full_rewrite,1,0.003985400006058626,0.006116699994890951
21,45862,full_rewrite,1,0.003954799991333857,0.005910500010941178
22,48029,full_rewrite,1,0.004074600001331419,0.008935999998357147
23,50132,full_rewrite,1,0.003977200001827441,0.005986300006043166
24,52299,full_rewrite,1,0.004002400004537776,0.0059332999953767285
25,54466,full_rewrite,1,0.0040068000089377165,0.00607460000901483
26,56569,full_rewrite,1,0.003894100009347312,0.005917900009080768
27,58736,full_rewrite,1,0.004104600011487491,0.005896900009247474
28,60903,full_rewrite,1,0.003949600009946153,0.006141900012153201
29,63006,full_rewrite,1,0.0038619999977527186,0.005967299992335029
30,65173,full_rewrite,1,0.004113200004212558,0.005941099996562116
31,67276,full_rewrite,1,0.0039019999967422336,0.006089500006055459
32,69443,full_rewrite,1,0.004027400005725212,0.005851999987498857
33,71610,full_rewrite,1,0.004031999997096136,0.0059665000007953495
34,73715,full_rewrite,1,0.004037499995320104,0.006093699994380586
35,75885,full_rewrite,1,0.004788199992617592,0.0059265000018058345
36,78055,full_rewrite,1,0.0040828000055626035,0.005957799992756918
37,80161,full_rewrite,1,0.004912099990178831,0.006064500004868023
38,82331,full_rewrite,1,0.00394619999860879,0.0060794000019086525
39,84501,full_rewrite,1,0.005101499991724268,0.005836199998157099
40,86671,full_rewrite,1,0.004879599990090355,0.0059597000072244555
41,88777,full_rewrite,1,0.00412260000302922,0.005892300003324635
42,90947,full_rewrite,1,0.005043400000431575,0.00596870000299532
43,93117,full_rewrite,1,0.005060600000433624,0.00587680000171531
44,95223,full_rewrite,1,0.005004200007533655,0.005964799987850711
45,97393,full_rewrite,1,0.00514409999595955,0.0058831000060308725
46,99563,full_rewrite,1,0.004823199997190386,0.006016500003170222
47,101669,full_rewrite,1,0.005109699995955452,0.005951099999947473
48,103839,full_rewrite,1,0.005153899997822009,0.005781500003649853
49,106009,full_rewrite,1,0.004895799997029826,0.005987600001390092
50,108115,full_rewrite,1,0.005049400002462789,0.005965699994703755
51,110285,full_rewrite,1,0.004916299993055873,0.006065099994884804
52,112455,full_rewrite,1,0.00491669999610167,0.006015899998601526
53,114561,full_rewrite,1,0.004998900010832585,0.005967500008409843
54,116731,full_rewrite,1,0.005948199992417358,0.006054600002244115
55,118901,full_rewrite,1,0.005018399999244139,0.005888100000447594
56,121071,full_rewrite,1,0.0049996000016108155,0.005982500006211922
57,123177,full_rewrite,1,0.004923499989672564,0.005951400002231821
58,125347,full_rewrite,1,0.005171199998585507,0.0058363999996799976
59,127517,full_rewrite,1,0.006176900002174079,0.005816600008984096
60,129623,full_rewrite,1,0.004996799994842149,0.005926600002567284
61,131793,full_rewrite,1,0.0061298999935388565,0.00576790000195615
62,133963,full_rewrite,1,0.006091799994464964,0.006172199995489791
63,136069,full_rewrite,1,0.005696899999747984,0.005989099998259917
64,138239,full_rewrite,1,0.0051666000072145835,0.005827399989357218
65,140409,full_rewrite,1,0.007091799998306669,0.005848500004503876
66,142515,full_rewrite,1,0.0059520000068005174,0.00592339999275282
67,144685,full_rewrite,1,0.006269100005738437,0.005842600003234111
68,146855,full_rewrite,1,0.006056400001398288,0.0060061999975005165
69,148961,full_rewrite,1,0.005795000004582107,0.005893399997148663
70,151131,full_rewrite,1,0.0060545000014826655,0.005936499990639277
71,153301,full_rewrite,1,0.028088699997169897,0.005918200011365116
72,155471,full_rewrite,1,0.005941399998846464,0.0059369999944465235
73,157577,full_rewrite,1,0.005980300004011951,0.005956199995125644
74,159747,full_rewrite,1,0.00621599999431055,0.005892200002563186
75,161917,full_rewrite,1,0.005755899997893721,0.006061799998860806
76,164023,full_rewrite,1,0.006920400002854876,0.00616720000107307
77,166193,full_rewrite,1,0.005883899997570552,0.0048793000023579225
78,168363,full_rewrite,1,0.005946799996308982,0.005966099997749552
79,170469,full_rewrite,1,0.006041799992090091,0.005972700004349463
80,172639,full_rewrite,1,0.007160599998314865,0.005871300003491342
81,174809,full_rewrite,1,0.006889500000397675,0.005975299995043315
82,176915,full_rewrite,1,0.006018100000801496,0.006059099992853589
83,179085,full_rewrite,1,0.006796599991503172,0.0061560000031022355
84,181255,full_rewrite,1,0.0068399000010685995,0.005962099996395409
85,183361,full_rewrite,1,0.006064100001822226,0.005990399993606843
86,185531,full_rewrite,1,0.006928400005563162,0.00592270000197459
87,187701,full_rewrite,1,0.006052600001567043,0.00597310000739526
88,189871,full_rewrite,1,0.006904100009705871,0.005940299990470521
89,191977,full_rewrite,1,0.007111499988241121,0.0059588000003714114
90,194147,full_rewrite,1,0.006867499992949888,0.006151200010208413
91,196317,full_rewrite,1,0.006916400001500733,0.006003899994539097
92,198423,full_rewrite,1,0.006997399992542341,0.005951300001470372
93,200593,full_rewrite,1,0.007007699998212047,0.00601089998963289
94,202763,full_rewrite,1,0.007015099996351637,0.00588199999765493
95,204869,full_rewrite,1,0.006904900001245551,0.005971799997496419
96,207039,full_rewrite,1,0.007065500001772307,0.006079500002670102
97,209209,full_rewrite,1,0.00686870000208728,0.005921299991314299
98,211315,full_rewrite,1,0.007091999999829568,0.004969500005245209
99,213485,full_rewrite,1,0.00692949999938719,0.005961700007901527
100,215655,full_rewrite,1,0.0071023000054992735,0.005965999996988103
101,217761,full_rewrite,1,0.006903599991346709,0.005989900004351512
102,219931,full_rewrite,1,0.007056500006001443,0.005943399999523535
103,222101,full_rewrite,1,0.0071087999967858195,0.005873400004929863
104,224271,full_rewrite,1,0.008035199993173592,0.005882600002223626
105,226377,full_rewrite,1,0.00804729999799747,0.005974799991236068
106,228547,full_rewrite,1,0.008000200003152713,0.0058572999987518415
107,230717,full_rewrite,1,0.007095799999660812,0.0059954000025754794
108,232823,full_rewrite,1,0.007897499992395751,0.006088299996918067
109,234993,full_rewrite,1,0.009861400001682341,0.006021799999871291
110,237163,full_rewrite,1,0.007056299989926629,0.005967200006125495
111,239269,full_rewrite,1,0.007903300007455982,0.005937699999776669
112,241439,full_rewrite,1,0.008188899999368005,0.005843999999342486
113,243609,full_rewrite,1,0.007979700007126667,0.006086100009270012
114,245715,full_rewrite,1,0.007898399999248795,0.006001900008413941
115,247885,full_rewrite,1,0.007868900007451884,0.005956299995887093
116,250055,full_rewrite,1,0.008076700003584847,0.006022799992933869
117,252161,full_rewrite,1,0.00788509999983944,0.006174900001497008
118,254331,full_rewrite,1,0.008936600002925843,0.006757199997082353
119,256501,full_rewrite,1,0.008108900001388974,0.0060145000024931505
120,258671,full_rewrite,1,0.007850699999835342,0.006002099995384924
121,260777,full_rewrite,1,0.008009199998923577,0.005937800000538118
122,262947,full_rewrite,1,0.008050599994021468,0.005903800003579818
123,265117,full_rewrite,1,0.009049399988725781,0.005918000009842217
124,267223,full_rewrite,1,0.007969300000695512,0.006083000000216998
125,269393,full_rewrite,1,0.00802300000214018,0.005911000000196509
126,271563,full_rewrite,1,0.008110800001304597,0.005867500003660098
127,273669,full_rewrite,1,0.007944099997985177,0.006149299995740876
128,275839,full_rewrite,1,0.007851400005165488,0.005962399998679757
129,278009,full_rewrite,1,0.007963399999425747,0.0062209000025177374
130,280115,full_rewrite,1,0.008757899995543994,0.005925799996475689
131,282285,full_rewrite,1,0.008089199996902607,0.005946399993263185
132,284455,full_rewrite,1,0.00903929999913089,0.005993900005705655
133,286561,full_rewrite,1,0.008993499999633059,0.005913200002396479
134,288731,full_rewrite,1,0.00892809999641031,0.006059799998183735
135,290901,full_rewrite,1,0.008936099999118596,0.005891200009500608
136,293071,full_rewrite,1,0.009125199998379685,0.005906299993512221
137,295177,full_rewrite,1,0.009961999996448867,0.006139499993878417
138,297347,full_rewrite,1,0.008919200001400895,0.005899199997656979
139,299517,full_rewrite,1,0.009082100004889071,0.006004800001392141
140,301623,full_rewrite,1,0.008891300007235259,0.005868899999768473
141,303793,full_rewrite,1,0.009102700001676567,0.005951699989964254
142,305963,full_rewrite,1,0.009019399993121624,0.005864799997652881
143,308069,full_rewrite,1,0.010179899996728636,0.00595459999749437
144,310239,full_rewrite,1,0.009839899998041801,0.00616720000107307
145,312409,full_rewrite,1,0.009855200012680143,0.005830599999171682
146,314515,full_rewrite,1,0.01006220000272151,0.006000699999276549
147,316685,full_rewrite,1,0.010039400003734045,0.005926700003328733
148,318855,full_rewrite,1,0.008991800001240335,0.005827500004670583
149,320961,full_rewrite,1,0.00917989999288693,0.005944500007899478
150,323131,full_rewrite,1,0.008909199998015538,0.005928200000198558
151,325301,full_rewrite,1,0.009264799999073148,0.005812599993078038
152,327471,full_rewrite,1,0.010016100000939332,0.005812200004584156
153,329577,full_rewrite,1,0.00917039999330882,0.005988500008243136
154,331747,full_rewrite,1,0.009893599999486469,0.006075199999031611
155,333917,full_rewrite,1,0.010053400008473545,0.0060142000002088025
156,336023,full_rewrite,1,0.009785200003534555,0.005983999988529831
157,338193,full_rewrite,1,0.0100696000008611,0.005861099998583086
158,340363,full_rewrite,1,0.00993929999822285,0.005916699999943376
159,342469,full_rewrite,1,0.01113120000809431,0.005936200002906844
160,344639,full_rewrite,1,0.01002889999654144,0.005987899989122525
161,346809,full_rewrite,1,0.00987110000278335,0.005939499998930842
162,348915,full_rewrite,1,0.010166600011871196,0.005934299988439307
163,351085,full_rewrite,1,0.00984759999846574,0.005975699998089112
164,353255,full_rewrite,1,0.010072499993839301,0.0059745000035036355
165,355361,full_rewrite,1,0.009910699998727068,0.006135000003268942
166,357531,full_rewrite,1,0.009853600000496954,0.005979399997158907
167,359701,full_rewrite,1,0.011039899996831082,0.005950499995378777
168,361871,full_rewrite,1,0.009906399995088577,0.006027900002663955
169,363977,full_rewrite,1,0.009994499996537343,0.005986799995298497
170,366147,full_rewrite,1,0.009898600008455105,0.005924800003413111
171,368317,full_rewrite,1,0.010169500004849397,0.005850600005942397
172,370423,full_rewrite,1,0.009985800003050826,0.00597610000113491
173,372593,full_rewrite,1,0.010113199998158962,0.005885000005946495
174,374763,full_rewrite,1,0.010949500006972812,0.005929199993261136
175,376869,full_rewrite,1,0.01011280000966508,0.005965000003925525
176,379039,full_rewrite,1,0.009986199991544709,0.005993200000375509
177,381209,full_rewrite,1,0.011824300003354438,0.006324000001768582
178,383315,full_rewrite,1,0.010778099996969104,0.005925500008743256
179,385485,full_rewrite,1,0.011225700000068173,0.005798400001367554
180,387655,full_rewrite,1,0.011150000005727634,0.005738299994845875
181,389761,full_rewrite,1,0.011081499993451871,0.005920299998251721
182,391931,full_rewrite,1,0.010941299988189712,0.005949600003077649
183,394101,full_rewrite,1,0.010095599995111115,0.0058939000009559095
184,396271,full_rewrite,1,0.010983600004692562,0.005953700005193241
185,398377,full_rewrite,1,0.011117600006400608,0.005937199995969422
186,400547,full_rewrite,1,0.010900799999944866,0.005990999998175539
187,402717,full_rewrite,1,0.011311900001601316,0.005687700002454221
188,404823,full_rewrite,1,0.010986199995386414,0.005928200000198558
189,406993,full_rewrite,1,0.011062300007324666,0.006072799995308742
190,409163,full_rewrite,1,0.010820699986652471,0.00598490000993479
191,411269,full_rewrite,1,0.011021700003766455,0.006013799997163005
192,413439,full_rewrite,1,0.011059799988288432,0.005796500001451932
193,415609,full_rewrite,1,0.011079199990490451,0.005979200010187924
194,417715,full_rewrite,1,0.010907200005021878,0.005947000012383796
195,419885,full_rewrite,1,0.011062500008847564,0.005921599993598647
196,422055,full_rewrite,1,0.011087799997767434,0.005927000005613081
197,424161,full_rewrite,1,0.010947000002488494,0.0060028000007150695
198,426331,full_rewrite,1,0.012024199997540563,0.006025800001225434
199,428501,full_rewrite,1,0.011856500001158565,0.005930599989369512
200,430671,full_rewrite,1,0.011133899999549612,0.005992100006551482
201,432777,full_rewrite,1,0.012004500007606111,0.005870700013474561
202,434947,full_rewrite,1,0.011975500005064532,0.005990599995129742
203,437117,full_rewrite,1,0.012129399998229928,0.00591159999021329
204,439223,full_rewrite,1,0.011890199995832518,0.0059705000021494925
205,441393,full_rewrite,1,0.012252299988176674,0.005678500005160458
206,443563,full_rewrite,1,0.012125799999921583,0.005910300009418279
207,445669,full_rewrite,1,0.011989100006758235,0.0059329999930923805
208,447839,full_rewrite,1,0.012091900003724732,0.005938899994362146
209,450009,full_rewrite,1,0.012158800003817305,0.005834499999764375
210,452115,full_rewrite,1,0.012003600000753067,0.005929100007051602
211,454285,full_rewrite,1,0.011896299998625182,0.005972400002065115
212,456455,full_rewrite,1,0.01210690000152681,0.006048299997928552
213,458561,full_rewrite,1,0.013024899992160499,0.0057037999940803275
214,460731,full_rewrite,1,0.012136199991800822,0.005864000006113201
215,462901,full_rewrite,1,0.011968499995418824,0.006255500004044734
216,465071,full_rewrite,1,0.01188469999760855,0.005960700000287034
217,467177,full_rewrite,1,0.011802000008174218,0.0059437999880174175
218,469347,full_rewrite,1,0.012107500006095506,0.005967300006886944
219,471517,full_rewrite,1,0.012882600000011735,0.00598859999445267
220,473623,full_rewrite,1,0.01220620000094641,0.005887600011192262
221,475793,full_rewrite,1,0.012880800000857562,0.005929499995545484
222,477963,full_rewrite,1,0.012108700000680983,0.005921999996644445
223,480069,full_rewrite,1,0.011954500005231239,0.0060021999961463735
224,482239,full_rewrite,1,0.012027799995848909,0.006149699998786673
225,484409,full_rewrite,1,0.012747900007525459,0.005918399998336099
226,486515,full_rewrite,1,0.01217499999620486,0.0058359999966342
227,488685,full_rewrite,1,0.013009100002818741,0.005920299998251721
228,490855,full_rewrite,1,0.013115500012645498,0.0059852000122191384
229,492961,full_rewrite,1,0.01294190000044182,0.006905399990500882
230,495131,full_rewrite,1,0.013149000005796552,0.0038921999948797747
231,497301,full_rewrite,1,0.013072400004602969,0.0059520999930100515
232,499471,full_rewrite,1,0.012942400004249066,0.005974100000457838
233,501577,full_rewrite,1,0.013025400010519661,0.005927600010181777
234,503747,full_rewrite,1,0.013098199997330084,0.006003200003760867
235,505917,full_rewrite,1,0.013844300003256649,0.009043500002007931
236,508023,full_rewrite,1,0.013004299995373003,0.005786900001112372
237,510193,full_rewrite,1,0.013111299995216541,0.005953599989879876
238,512363,full_rewrite,1,0.012893999999505468,0.005910600011702627
239,514469,full_rewrite,1,0.013134900000295602,0.005947300000116229
240,516639,full_rewrite,1,0.013009500005864538,0.00397000000521075
241,518809,full_rewrite,1,0.012979200007976033,0.005851000008988194
242,520915,full_rewrite,1,0.013155599997844547,0.0058982000045944005
243,523085,full_rewrite,1,0.013003300002310425,0.005894999994779937
244,525255,full_rewrite,1,0.013104700003168546,0.005927799997152761
245,527361,full_rewrite,1,0.013961299991933629,0.005871200002729893
246,529531,full_rewrite,1,0.013150899991160259,0.005906000005779788
247,531701,full_rewrite,1,0.013000099992495961,0.005960099995718338
248,533871,full_rewrite,1,0.014183199993567541,0.005791300005512312
249,535977,full_rewrite,1,0.013982200005557388,0.005922099997405894
250,538147,full_rewrite,1,0.014130100011243485,0.00587459999951534
251,540317,full_rewrite,1,0.013981099997181445,0.005923600008827634
252,542423,full_rewrite,1,0.014137099991785362,0.005960700000287034
253,544593,full_rewrite,1,0.013901700003771111,0.0059181999968132
254,546763,full_rewrite,1,0.014201300000422634,0.005887000006623566
255,548869,full_rewrite,1,0.013970800006063655,0.005878299998585135
256,551039,full_rewrite,1,0.014120699997874908,0.005988799995975569
257,553209,full_rewrite,1,0.013939700002083555,0.00584720000915695
258,555315,full_rewrite,1,0.014120099993306212,0.005948400008492172
259,557485,full_rewrite,1,0.013983100012410432,0.005990599995129742
260,559655,full_rewrite,1,0.014020999995409511,0.0059308000054443255
261,561761,full_rewrite,1,0.013993699991260655,0.005882900004507974
262,563931,full_rewrite,1,0.014112499993643723,0.005923000004258938
263,566101,full_rewrite,1,0.015993799999705516,0.005881900011445396
264,568271,full_rewrite,1,0.014147399997455068,0.00589899999613408
265,570377,full_rewrite,1,0.014967700000852346,0.006159199998364784
266,572547,full_rewrite,1,0.014856399997370318,0.005961600007140078
267,574717,full_rewrite,1,0.014981900007114746,0.0058834000083152205
268,576823,full_rewrite,1,0.015242500012391247,0.005845600011525676
269,578993,full_rewrite,1,0.01500500000838656,0.004342899992479943
270,581163,full_rewrite,1,0.01465009999810718,0.00588870000501629
271,583269,full_rewrite,1,0.014975700003560632,0.005915300003835
272,585439,full_rewrite,1,0.014133300006506033,0.005923099990468472
273,587609,full_rewrite,1,0.015052699993248098,0.00592200001119636
274,589715,full_rewrite,1,0.015057199998409487,0.0058942000032402575
275,591885,full_rewrite,1,0.016037199995480478,0.005906899998080917
276,594055,full_rewrite,1,0.015058699995279312,0.005866599996807054
277,596161,full_rewrite,1,0.015068199994857423,0.005823599989525974
278,598331,full_rewrite,1,0.015097199997399002,0.006027900002663955
279,600501,full_rewrite,1,0.014915799998561852,0.0058237999910488725
280,602671,full_rewrite,1,0.015127000006032176,0.005946100005530752
281,604777,full_rewrite,1,0.014916300002369098,0.005951999992248602
282,606947,full_rewrite,1,0.015030700000352226,0.005936199988354929
283,609117,full_rewrite,1,0.01512640000146348,0.005928099999437109
284,611223,full_rewrite,1,0.01493760000448674,0.005917100002989173
285,613393,full_rewrite,1,0.01514649999444373,0.005922299998928793
286,615563,full_rewrite,1,0.01707180000084918,0.005825100000947714
287,617669,full_rewrite,1,0.016082600006484427,0.005986699994537048
288,619839,full_rewrite,1,0.014946399998734705,0.0059594000049401075
289,622009,full_rewrite,1,0.014910300000337884,0.00593460000527557
290,624115,full_rewrite,1,0.016171299997949973,0.00592049999977462
291,626285,full_rewrite,1,0.014977300001191907,0.005834700001287274
292,628455,full_rewrite,1,0.01513669999258127,0.0059628000017255545
293,630561,full_rewrite,1,0.015955599999870174,0.0059274000086588785
294,632731,full_rewrite,1,0.015084200000273995,0.005994999999529682
295,634901,full_rewrite,1,0.015000699990196154,0.003951899998355657
296,637071,full_rewrite,1,0.015006000001449138,0.005902699995203875
297,639177,full_rewrite,1,0.016073499995400198,0.005993200000375509
298,641347,full_rewrite,1,0.014983800007030368,0.005845499996212311
299,643517,full_rewrite,1,0.01613990000623744,0.005882700002985075
300,645623,full_rewrite,1,0.015950200002407655,0.005890000000363216
301,647793,full_rewrite,1,0.01628039999923203,0.005814099989947863
302,649963,full_rewrite,1,0.015957600000547245,0.005942300005699508
303,652069,full_rewrite,1,0.016077899999800138,0.005964500000118278
304,654239,full_rewrite,1,0.015958599993609823,0.005903800003579818
305,656409,full_rewrite,1,0.01610629999777302,0.00590859999647364
306,658515,full_rewrite,1,0.016018700000131503,0.00606339999649208
307,660685,full_rewrite,1,0.016253299996606074,0.005627599995932542
308,662855,full_rewrite,1,0.016003600001567975,0.005891200009500608
309,664961,full_rewrite,1,0.016212899994570762,0.005831200003740378
310,667131,full_rewrite,1,0.016960299995844252,0.00593230000231415
311,669301,full_rewrite,1,0.016213800001423806,0.005898100003832951
312,671471,full_rewrite,1,0.015880999999353662,0.005884099999093451
313,673577,full_rewrite,1,0.016248100000666454,0.005864400009158999
314,675747,full_rewrite,1,0.01696000000811182,0.005925099991145544
315,677917,full_rewrite,1,0.016081800000392832,0.005917399990721606
316,680023,full_rewrite,1,0.01596500001323875,0.005953700005193241
317,682193,full_rewrite,1,0.016071699996246025,0.005899800002225675
318,684363,full_rewrite,1,0.016069399993284605,0.005819500001962297
319,686469,full_rewrite,1,0.016223200000240467,0.00597899999411311
320,688639,full_rewrite,1,0.01715400000102818,0.005682499991962686
321,690809,full_rewrite,1,0.017052099996362813,0.005893000008654781
322,692915,full_rewrite,1,0.016084000002592802,0.00579680000373628
323,695085,full_rewrite,1,0.016153699994902126,0.006060700005036779
324,697255,full_rewrite,1,0.016846999991685152,0.005872000008821487
325,699361,full_rewrite,1,0.017154600005596876,0.0058969999954570085
326,701531,full_rewrite,1,0.01590369999757968,0.003951699996832758
327,703701,full_rewrite,1,0.01713480000034906,0.006014999991748482
328,705871,full_rewrite,1,0.01789689999714028,0.00592200001119636
329,707977,full_rewrite,1,0.017154600005596876,0.0058642000076361
330,710147,full_rewrite,1,0.01700160000473261,0.005918499999097548
331,712317,full_rewrite,1,0.017128999999840744,0.005944500007899478
332,714423,full_rewrite,1,0.016968500000075437,0.005846600004588254
333,716593,full_rewrite,1,0.018077999993693084,0.005917000002227724
334,718765,full_rewrite,1,0.018102600006386638,0.00590859999647364
335,720874,full_rewrite,1,0.017022499989252537,0.006198600007337518
336,723047,full_rewrite,1,0.017689200001768768,0.005886999992071651
337,725220,full_rewrite,1,0.017189699996379204,0.005986599993775599
338,727393,full_rewrite,1,0.017849500000011176,0.005917700007557869
339,729502,full_rewrite,1,0.018125400005374104,0.005929799997829832
340,731675,full_rewrite,1,0.016962199995759875,0.004945399996358901
341,733848,full_rewrite,1,0.017116500006522983,0.004940799990436062
342,736021,full_rewrite,1,0.016913999992539175,0.005959200003417209
343,738130,full_rewrite,1,0.019046700006583706,0.005999000000883825
344,740303,full_rewrite,1,0.04105400000116788,0.005827399989357218
345,742476,full_rewrite,1,0.018006000012974255,0.005975799998850562
346,744649,full_rewrite,1,0.01694560000032652,0.005971200007479638
347,746758,full_rewrite,1,0.018136900005629286,0.004876399994827807
348,748931,full_rewrite,1,0.01706670000567101,0.005966100012301467
349,751104,full_rewrite,1,0.018106400006217882,0.005803099993499927
350,753213,full_rewrite,1,0.0170399000053294,0.005896900009247474
351,755386,full_rewrite,1,0.0181118000036804,0.005921599993598647
352,757559,full_rewrite,1,0.01705249999940861,0.006895500002428889
353,759732,full_rewrite,1,0.0179445000103442,0.004758099996251985
354,761841,full_rewrite,1,0.01741339999716729,0.005083800002466887
355,764014,full_rewrite,1,0.01782170000660699,0.005920299998251721
356,766187,full_rewrite,1,0.018050999991828576,0.004895999998552725
357,768360,full_rewrite,1,0.018028799997409806,0.004616999998688698
358,770469,full_rewrite,1,0.017247600000700913,0.0059843999915756285
359,772642,full_rewrite,1,0.01907029999711085,0.005993300001136959
360,774815,full_rewrite,1,0.018944899988127872,0.005915800007642247
361,776988,full_rewrite,1,0.01926310000999365,0.0057567000039853156
362,779097,full_rewrite,1,0.018958599990583025,0.0060354000015649945
363,781270,full_rewrite,1,0.018898299997090362,0.006072100004530512
364,783443,full_rewrite,1,0.01796370001102332,0.0059012999990954995
365,785552,full_rewrite,1,0.018013100008829497,0.004691099995397963
366,787725,full_rewrite,1,0.01822500000707805,0.0059729999920818955
367,789898,full_rewrite,1,0.018117500003427267,0.005933600012212992
368,792071,full_rewrite,1,0.01797340001212433,0.005926400001044385
369,794180,full_rewrite,1,0.01799639999808278,0.00600640001357533
370,796353,full_rewrite,1,0.01906079999753274,0.005937199995969422
371,798526,full_rewrite,1,0.019093599999905564,0.005774699995527044
372,800699,full_rewrite,1,0.018312799991690554,0.005715599996619858
373,802808,full_rewrite,1,0.01879320001171436,0.006084800013923086
374,804981,full_rewrite,1,0.01921800000127405,0.004473299995879643
375,807154,full_rewrite,1,0.019402799996896647,0.005928500002482906
376,809327,full_rewrite,1,0.019015700003365055,0.005925999997998588
377,811436,full_rewrite,1,0.018024699995294213,0.005859299999428913
378,813609,full_rewrite,1,0.019155600006342866,0.005900000003748573
379,815782,full_rewrite,1,0.019031700008781627,0.005936000001383945
380,817891,full_rewrite,1,0.019311199997900985,0.0057366999972146004
381,820064,full_rewrite,1,0.018957599997520447,0.005942799994954839
382,822237,full_rewrite,1,0.01894239999819547,0.006021799999871291
383,824410,full_rewrite,1,0.019093900002189912,0.003956699991249479
384,826519,full_rewrite,1,0.018958000000566244,0.0051001999963773414
385,828692,full_rewrite,1,0.018983099987963215,0.005871500005014241
386,830865,full_rewrite,1,0.01884020000579767,0.0059563000104390085
387,833038,full_rewrite,1,0.01914329999999609,0.006232500003534369
388,835147,full_rewrite,1,0.041807100002188236,0.005891099994187243
389,837320,full_rewrite,1,0.01890819999971427,0.0058865000028163195
390,839493,full_rewrite,1,0.01919839999754913,0.005764500005170703
391,841666,full_rewrite,1,0.019175399997038767,0.005943299998762086
392,843775,full_rewrite,1,0.019062699997448362,0.005870299995876849
393,845948,full_rewrite,1,0.02105499999015592,0.005852700007380918
394,848121,full_rewrite,1,0.020024600002216175,0.005949200000031851
395,850294,full_rewrite,1,0.01897629999439232,0.005929699997068383
396,852403,full_rewrite,1,0.0191668000043137,0.005873300004168414
397,854576,full_rewrite,1,0.02007130000856705,0.005772399992565624
398,856749,full_rewrite,1,0.019068900001002476,0.004860800007008947
399,858858,full_rewrite,1,0.020106399999349378,0.005903599987505004
400,861031,full_rewrite,1,0.019018999999389052,0.005998900000122376
401,863204,full_rewrite,1,0.0190166000102181,0.0058656000037444755
402,865377,full_rewrite,1,0.01921349999611266,0.005822599996463396
403,867486,full_rewrite,1,0.02008159999968484,0.005974799991236068
404,869659,full_rewrite,1,0.01986850000685081,0.0062239999970188364
405,871832,full_rewrite,1,0.020903199998429045,0.005803799998830073
406,874005,full_rewrite,1,0.02496509999036789,0.005019500007620081
407,876114,full_rewrite,1,0.021997800009557977,0.005871800007298589
408,878287,full_rewrite,1,0.020132299992837943,0.005922900003497489
409,880460,full_rewrite,1,0.021098800003528595,0.005836900003487244
410,882633,full_rewrite,1,0.019959199998993427,0.006029099997249432
411,884742,full_rewrite,1,0.0220536999986507,0.005918700000620447
412,886915,full_rewrite,1,0.020970400000805967,0.0055958000011742115
413,889088,full_rewrite,1,0.02147720000357367,0.005781400002888404
414,891197,full_rewrite,1,0.020122799993259832,0.004297000006772578
415,893370,full_rewrite,1,0.021677299999282695,0.005729800002882257
416,895543,full_rewrite,1,0.02010679998784326,0.0059926000103587285
417,897716,full_rewrite,1,0.021050399998784997,0.005169900003238581
418,899825,full_rewrite,1,0.020753300006617792,0.005224599997745827
419,901998,full_rewrite,1,0.020771900002728216,0.00561079999897629
420,904171,full_rewrite,1,0.020340399991255254,0.005949800004600547
421,906344,full_rewrite,1,0.020044000004418194,0.005905599988182075
422,908453,full_rewrite,1,0.02111999999033287,0.00510490000306163
423,910626,full_rewrite,1,0.020755999998073094,0.0055853000085335225
424,912799,full_rewrite,1,0.020395400002598763,0.005671899998560548
425,914972,full_rewrite,1,0.020313599990913644,0.005929100007051602
426,917081,full_rewrite,1,0.02103210000495892,0.005452900004456751
427,919254,full_rewrite,1,0.020571800007019192,0.005466200003866106
428,921427,full_rewrite,1,0.020662099996116012,0.005612900000414811
429,923536,full_rewrite,1,0.02113680000184104,0.005282800004351884
430,925709,full_rewrite,1,0.02084420000028331,0.00519890000578016
431,927882,full_rewrite,1,0.021674999996321276,0.004451799992239103
432,930055,full_rewrite,1,0.02137119999679271,0.0049223999958485365
433,932164,full_rewrite,1,0.02114179999625776,0.004912700009299442
434,934337,full_rewrite,1,0.022008400002960116,0.0047365999926114455
435,936510,full_rewrite,1,0.021286599992890842,0.005079399998066947
436,938683,full_rewrite,1,0.022835600000689737,0.0059886999952141196
437,940792,full_rewrite,1,0.020975599996745586,0.004995099996449426
438,942965,full_rewrite,1,0.021043200002168305,0.005813199997646734
439,945138,full_rewrite,1,0.02113680000184104,0.005913899993174709
440,947311,full_rewrite,1,0.021931100010988303,0.005957900008070283
441,949420,full_rewrite,1,0.02096900000469759,0.005974100000457838
442,951593,full_rewrite,1,0.02210090000880882,0.004903100008959882
443,953766,full_rewrite,1,0.021995500006596558,0.006045200003427453
444,955875,full_rewrite,1,0.024030700005823746,0.22784900000260677
445,958048,full_rewrite,1,0.02595120000478346,0.004870599994319491
446,960221,full_rewrite,1,0.022040399999241345,0.005907600003411062
447,962394,full_rewrite,1,0.022165400005178526,0.004836899999645539
448,964503,full_rewrite,1,0.022164199996041134,0.004034800003864802
449,966676,full_rewrite,1,0.022879700001794845,0.003934299995307811
450,968849,full_rewrite,1,0.04503140000451822,0.005819599988171831
451,971022,full_rewrite,1,0.02217019999807235,0.0051125000027241185
452,973131,full_rewrite,1,0.021750400002929382,0.005898000003071502
453,975304,full_rewrite,1,0.022103700001025572,0.005881000004592352
454,977477,full_rewrite,1,0.022975600004428998,0.005947999990894459
455,979650,full_rewrite,1,0.02217219999874942,0.003974399995058775
456,981759,full_rewrite,1,0.021946000008028932,0.005033200010075234
457,983932,full_rewrite,1,0.022905800011358224,0.005994700011797249
458,986105,full_rewrite,1,0.023088900008588098,0.005906000005779788
459,988278,full_rewrite,1,0.02298270000028424,0.005992699996568263
460,990387,full_rewrite,1,0.022865300008561462,0.006032400007825345
461,992560,full_rewrite,1,0.02390200000081677,0.005961100003332831
462,994733,full_rewrite,1,0.022085999997216277,0.0059332999953767285
463,996842,full_rewrite,1,0.022995999999693595,0.0059946000110358
464,999015,full_rewrite,1,0.022898600000189617,0.0058431999932508916
465,1001188,full_rewrite,1,0.022245500003919005,0.0038777000008849427
466,1003361,full_rewrite,1,0.023031100005027838,0.005855499999597669
467,1005470,full_rewrite,1,0.02203739999094978,0.006003800008329563
468,1007643,full_rewrite,1,0.021934099990176037,0.006000100009259768
469,1009816,full_rewrite,1,0.023022100009256974,0.005947999990894459
470,1011989,full_rewrite,1,0.022994899991317652,0.004577700005029328
471,1014098,full_rewrite,1,0.024492099997587502,0.005796199999167584
472,1016271,full_rewrite,1,0.023992699992959388,0.006026300005032681
473,1018444,full_rewrite,1,0.023062199994456023,0.005862599995452911
474,1020617,full_rewrite,1,0.02306730000418611,0.003870799992000684
475,1022726,full_rewrite,1,0.023002899994025938,0.004988300002878532
476,1024899,full_rewrite,1,0.024130499994498678,0.005887499995878898
477,1027072,full_rewrite,1,0.022991200006799772,0.005938000002061017
478,1029181,full_rewrite,1,0.028010099995299242,0.005890600004931912
479,1031354,full_rewrite,1,0.023082899992004968,0.005940799994277768
480,1033527,full_rewrite,1,0.023111400005291216,0.006808300007833168
481,1035700,full_rewrite,1,0.024063900011242367,0.004926100009470247
482,1037809,full_rewrite,1,0.0461485999985598,0.005897499999264255
483,1039982,full_rewrite,1,0.022926799996639602,0.005943900003330782
484,1042155,full_rewrite,1,0.02356199998757802,0.005248200002824888
485,1044328,full_rewrite,1,0.02315800001088064,0.005885500009753741
486,1046437,full_rewrite,1,0.023190099993371405,0.005860100005520508
487,1048610,full_rewrite,1,0.022964200004935265,0.006338599996524863
488,1050783,full_rewrite,1,0.023592700003064238,0.0060505000001285225
489,1052956,full_rewrite,1,0.02385820000199601,0.004433599999174476
490,1055065,full_rewrite,1,0.02456740000343416,0.004847999996854924
491,1057238,full_rewrite,1,0.023092999996151775,0.005841600010171533
492,1059411,full_rewrite,1,0.0253177999984473,0.005796999990707263
493,1061520,full_rewrite,1,0.022704600007273257,0.005721800000173971
494,1063693,full_rewrite,1,0.023467999999411404,0.0049156000022776425
495,1065866,full_rewrite,1,0.024189599993405864,0.005815399999846704
496,1068039,full_rewrite,1,0.024023200006922707,0.006054299999959767
497,1070148,full_rewrite,1,0.02394129999447614,0.005916800000704825
498,1072321,full_rewrite,1,0.024026099999900907,0.005878699987079017
499,1074494,full_rewrite,1,0.024205900001106784,0.0048907000018516555
500,1076667,full_rewrite,1,0.024011899993638508,0.0050248000043211505
10,22281,full_rewrite,10,0.0031528999970760196,0.008790699997916818
20,43695,full_rewrite,10,0.003205000000889413,0.005902999997488223
30,65173,full_rewrite,10,0.004123199993046001,0.005939499998930842
40,86671,full_rewrite,10,0.004131399997277185,0.005860200006281957
50,108115,full_rewrite,10,0.00474930000200402,0.005340200004866347
60,129623,full_rewrite,10,0.005818400008138269,0.00392180000199005
70,151131,full_rewrite,10,0.0060350999992806464,0.004489200000534765
80,172639,full_rewrite,10,0.006430299996281974,0.005646099991281517
90,194147,full_rewrite,10,0.006485799996880814,0.005862499994691461
100,215655,full_rewrite,10,0.006937900005141273,0.005468899995321408
110,237163,full_rewrite,10,0.007571499998448417,0.005021299992222339
120,258671,full_rewrite,10,0.007857699994929135,0.005244799991487525
130,280115,full_rewrite,10,0.008829799990053289,0.004615800004103221
140,301623,full_rewrite,10,0.009224800000083633,0.005960399998002686
150,323131,full_rewrite,10,0.00905770000827033,0.003973299986682832
160,344639,full_rewrite,10,0.009656700000050478,0.005216200006543659
170,366147,full_rewrite,10,0.010089999996125698,0.005912599997827783
180,387655,full_rewrite,10,0.011061099998187274,0.005846899992320687
190,409163,full_rewrite,10,0.011171499994816259,0.004862699992372654
200,430671,full_rewrite,10,0.011135799999465235,0.005835599993588403
210,452115,full_rewrite,10,0.011973300002864562,0.004922100008116104
220,473623,full_rewrite,10,0.012239000003319234,0.005863999991561286
230,495131,full_rewrite,10,0.013019899997743778,0.005880599986994639
240,516639,full_rewrite,10,0.013068500004010275,0.004237300003296696
250,538147,full_rewrite,10,0.013643600002978928,0.006053699995391071
260,559655,full_rewrite,10,0.013949700005468912,0.00483219999296125
270,581163,full_rewrite,10,0.014168600013363175,0.005869900007382967
280,602671,full_rewrite,10,0.015110899999854155,0.005948100006207824
290,624115,full_rewrite,10,0.019214400002965704,0.004209799997624941
300,645623,full_rewrite,10,0.015519700013101101,0.005908000006456859
310,667131,full_rewrite,10,0.016111999997519888,0.0048211999965133145
320,688639,full_rewrite,10,0.015986500002327375,0.005848400003742427
330,710147,full_rewrite,10,0.01714640000136569,0.005963999996311031
340,731675,full_rewrite,10,0.016943600014201365,0.00593680000747554
350,753213,full_rewrite,10,0.016613400002825074,0.003925600001821294
360,774815,full_rewrite,10,0.01747619999514427,0.004927500005578622
370,796353,full_rewrite,10,0.018019099996308796,0.005965800010017119
380,817891,full_rewrite,10,0.019038699989323504,0.004915400000754744
390,839493,full_rewrite,10,0.019018399994820356,0.005900200005271472
400,861031,full_rewrite,10,0.01900399998703506,0.0046910000091884285
410,882633,full_rewrite,10,0.019430699991062284,0.005911100000957958
420,904171,full_rewrite,10,0.020939499998348765,0.005080300004919991
430,925709,full_rewrite,10,0.021926999994320795,0.0058868000051006675
440,947311,full_rewrite,10,0.02115449999109842,0.004885699992883019
450,968849,full_rewrite,10,0.021966099986457266,0.00493300000380259
460,990387,full_rewrite,10,0.022097799999755807,0.005863600003067404
470,1011989,full_rewrite,10,0.022984499999438412,0.003958499990403652
480,1033527,full_rewrite,10,0.023010500008240342,0.003992999991169199
490,1055065,full_rewrite,10,0.024337299997569062,0.005586100000073202
500,1076667,full_rewrite,10,0.023023499990813434,0.005961900009424426
50,108115,full_rewrite,50,0.004496800000197254,0.003962999995565042
100,215655,full_rewrite,50,0.007250499998917803,0.0038493000029120594
150,323131,full_rewrite,50,0.008955500001320615,0.005878600000869483
200,430671,full_rewrite,50,0.011167699994985014,0.005827899993164465
250,538147,full_rewrite,50,0.014057100008358248,0.006218399998033419
300,645623,full_rewrite,50,0.038759699993534014,0.005839000004925765
350,753213,full_rewrite,50,0.018042499999864958,0.005981800000881776
400,861031,full_rewrite,50,0.020050999999511987,0.005999199987854809
450,968849,full_rewrite,50,0.021926000001258217,0.005983199996990152
500,1076667,full_rewrite,50,0.023897899998701178,0.005925799996475689
100,215655,full_rewrite,100,0.006772799999453127,0.005961299990303814
200,430671,full_rewrite,100,0.011027000000467524,0.005875899994862266
300,645623,full_rewrite,100,0.016132000004290603,0.005908499995712191
400,861031,full_rewrite,100,0.020097300002817065,0.005820100006530993
500,1076667,full_rewrite,100,0.0251189999980852,0.007549899994046427
1,3617,chunk,1,0.004975299991201609,0.006953999996767379
2,3617,chunk,1,0.0029928000003565103,0.004954700008966029
3,3617,chunk,1,0.003058500005863607,0.0049805000016931444
4,3617,chunk,1,0.002873999997973442,0.003948600002331659
5,3617,chunk,1,0.0031156000040937215,0.004895099991699681
6,3617,chunk,1,0.0031023000046843663,0.0049284999986412
7,3617,chunk,1,0.003039199989871122,0.004955399999744259
8,3617,chunk,1,0.002868100011255592,0.004981000005500391
9,3617,chunk,1,0.0029980999970575795,0.004015999991679564
10,3617,chunk,1,0.0031709000031696633,0.0048097999970195815
11,3617,chunk,1,0.002965899999253452,0.0050251000066054985
12,3617,chunk,1,0.0029867999983252957,0.0049042999889934435
13,3617,chunk,1,0.0030657000024802983,0.004981499994755723
14,3617,chunk,1,0.002991499990457669,0.004959099998814054
15,3617,chunk,1,0.0029066999995848164,0.005107999997562729
16,3617,chunk,1,0.0028519000043161213,0.004995499999495223
17,3617,chunk,1,0.002985600003739819,0.0049882000021170825
18,3617,chunk,1,0.0031460000027436763,0.004884499998297542
19,3617,chunk,1,0.002919100006693043,0.0050725000037346035
20,3617,chunk,1,0.0029347999952733517,0.004936500001349486
21,3617,chunk,1,0.0030580000020563602,0.004905900001176633
22,3617,chunk,1,0.005053000000771135,0.00493530000676401
23,3617,chunk,1,0.0030371000029845163,0.004961099999491125
24,3617,chunk,1,0.0030919999990146607,0.004953900002874434
25,3617,chunk,1,0.0028046999941579998,0.004164400001172908
26,3617,chunk,1,0.002775599990854971,0.005088300007628277
27,3617,chunk,1,0.0030860999977448955,0.004861599998548627
28,3617,chunk,1,0.0030242999928304926,0.0050106999988202006
29,3617,chunk,1,0.002940100006526336,0.005003199999919161
30,3617,chunk,1,0.002912000010837801,0.005056900001363829
31,3617,chunk,1,0.002978500007884577,0.004898500003037043
32,3617,chunk,1,0.0030427000019699335,0.0050033000006806105
33,3617,chunk,1,0.0030544000037480146,0.0048709999973652884
34,3617,chunk,1,0.002889000010327436,0.003967199998442084
35,3617,chunk,1,0.0030833999917376786,0.004916999998386018
36,3617,chunk,1,0.003125999995972961,0.004980700003216043
37,3617,chunk,1,0.0029599999979836866,0.00493819999974221
38,3617,chunk,1,0.002864199996110983,0.00444630000856705
39,3617,chunk,1,0.002566000010119751,0.00492709998798091
40,3617,chunk,1,0.0030189999961294234,0.005108099998324178
41,3617,chunk,1,0.002942299994174391,0.004949699999997392
42,3617,chunk,1,0.002889299998059869,0.003959099994972348
43,3617,chunk,1,0.00304909999249503,0.004931500006932765
44,3617,chunk,1,0.0032284999906551093,0.004838299995753914
45,3617,chunk,1,0.0030442999996012077,0.004924399996525608
46,3617,chunk,1,0.0029891999874962494,0.004961500002536923
47,3617,chunk,1,0.0030073999951127917,0.004868399992119521
48,3617,chunk,1,0.002953099989099428,0.0049737000081222504
49,3617,chunk,1,0.003072699997574091,0.0049374999944120646
50,3617,chunk,1,0.003048099999432452,0.004970900001353584
51,3617,chunk,1,0.002975199997308664,0.00499600000330247
52,3617,chunk,1,0.0029057999927317724,0.004961200000252575
53,3617,chunk,1,0.0030811000033281744,0.004937000005156733
54,3617,chunk,1,0.0031244999991031364,0.004854000013438053
55,3617,chunk,1,0.0028803999884985387,0.00409590000344906
56,3617,chunk,1,0.0029103999986546114,0.004995499999495223
57,3617,chunk,1,0.003056799992918968,0.004917600002954714
58,3617,chunk,1,0.0030973999964771792,0.0049405999889131635
59,3617,chunk,1,0.0029460999940056354,0.0050423999928170815
60,3617,chunk,1,0.002967499996884726,0.004851599995163269
61,3617,chunk,1,0.003018899995367974,0.004977800010237843
62,3617,chunk,1,0.0032014999887906015,0.004782400006661192
63,3617,chunk,1,0.0030900999990990385,0.004881000000750646
64,3617,chunk,1,0.0012664999958360568,0.004624499997589737
65,3617,chunk,1,0.0031209000007947907,0.0049263999972026795
66,3617,chunk,1,0.0029768999957013875,0.005011600005673245
67,3617,chunk,1,0.004112299997359514,0.004847999996854924
68,3617,chunk,1,0.002987500003655441,0.004998100004740991
69,3617,chunk,1,0.00294690000009723,0.004886199996690266
70,3617,chunk,1,0.0031501999910688028,0.005023799996706657
71,3617,chunk,1,0.0029166000022087246,0.004928199996356852
72,3617,chunk,1,0.0028796000115107745,0.004019899992272258
73,3617,chunk,1,0.0029627000039909035,0.005027699997299351
74,3617,chunk,1,0.0029925999988336116,0.004983600010746159
75,3617,chunk,1,0.0030602000042563304,0.004906499991193414
76,3617,chunk,1,0.0030389999883482233,0.004960799997206777
77,3617,chunk,1,0.002913600008469075,0.004944700005580671
78,3617,chunk,1,0.003045299992663786,0.004912899996270426
79,3617,chunk,1,0.003046600002562627,0.005000699995434843
80,3617,chunk,1,0.0028202999965287745,0.004119799996260554
81,3617,chunk,1,0.0028980000060983002,0.005007800005842
82,3617,chunk,1,0.003017000010004267,0.004931500006932765
83,3617,chunk,1,0.0030393999913940206,0.004956600008881651
84,3617,chunk,1,0.0029575999942608178,0.005021799996029586
85,3617,chunk,1,0.0029091000033076853,0.004981799997040071
86,3617,chunk,1,0.0030528999923262745,0.004887999995844439
87,3617,chunk,1,0.003064100004849024,0.004973900009645149
88,3617,chunk,1,0.0030707999976584688,0.0049202000082004815
89,3617,chunk,1,0.0028741999994963408,0.003978100008680485
90,3617,chunk,1,0.003067199999350123,0.004910399991786107
91,3617,chunk,1,0.003185000008670613,0.004834199993638322
92,3617,chunk,1,0.002967200009152293,0.005100899987155572
93,3617,chunk,1,0.002927500012447126,0.004955100012011826
94,3617,chunk,1,0.003241900005377829,0.004701100013335235
95,3617,chunk,1,0.003035199988516979,0.004962400009389967
96,3617,chunk,1,0.0029384999943431467,0.00506709999172017
97,3617,chunk,1,0.0028910000110045075,0.004936500001349486
98,3617,chunk,1,0.003112700011115521,0.004889900010311976
99,3617,chunk,1,0.003108300006715581,0.004908400005660951
100,3617,chunk,1,0.0030540000007022172,0.005035499998484738
101,3617,chunk,1,0.002817000000504777,0.00493000001006294
102,3617,chunk,1,0.0030472000071313232,0.004942699990351684
103,3617,chunk,1,0.0030882999999448657,0.0049297999939881265
104,3617,chunk,1,0.003066500008571893,0.004910700008622371
105,3617,chunk,1,0.002884100002120249,0.004104100007680245
106,3617,chunk,1,0.0027346999995643273,0.004237000001012348
107,3617,chunk,1,0.0029320000030566007,0.004943200008710846
108,3617,chunk,1,0.003027700004167855,0.004966200009221211
109,3617,chunk,1,0.0031402999884448946,0.004900700005237013
110,3617,chunk,1,0.0028740999987348914,0.003958999994210899
111,3617,chunk,1,0.003012999994098209,0.004977900010999292
112,3617,chunk,1,0.003112400008831173,0.00488480000058189
113,3617,chunk,1,0.0030617000011261553,0.004947499997797422
114,3617,chunk,1,0.0029494000045815483,0.005054200009908527
115,3617,chunk,1,0.002872400000342168,0.004983499995432794
116,3617,chunk,1,0.0031143999949563295,0.004902500004391186
117,3617,chunk,1,0.0030684999946970493,0.0049226999981328845
118,3617,chunk,1,0.0029437000048346817,0.005067000005510636
119,3617,chunk,1,0.002899800005252473,0.004915800003800541
120,3617,chunk,1,0.003134500002488494,0.004873300000326708
121,3617,chunk,1,0.0032468999997945502,0.004760600000736304
122,3617,chunk,1,0.0028944000077899545,0.003972700011217967
123,3617,chunk,1,0.0030657000024802983,0.004924799999571405
124,3617,chunk,1,0.0030423000134760514,0.005018399999244139
125,3617,chunk,1,0.0030857000092510134,0.004954600008204579
126,3617,chunk,1,0.0028114999877288938,0.004078099998878315
127,3617,chunk,1,0.003111500001978129,0.0046787000028416514
128,3617,chunk,1,0.0030990999948699027,0.00495079999382142
129,3617,chunk,1,0.003037300004507415,0.0068694000074174255
130,3617,chunk,1,0.003042900003492832,0.004943400010233745
131,3617,chunk,1,0.0030744000105187297,0.00490929999796208
132,3617,chunk,1,0.0029463000100804493,0.0049276000063400716
133,3617,chunk,1,0.0030891000060364604,0.004899899999145418
134,3617,chunk,1,0.0030912000074749812,0.00491300001158379
135,3617,chunk,1,0.0028912999987369403,0.004137800002354197
136,3617,chunk,1,0.002897000013035722,0.00398249999852851
137,3617,chunk,1,0.0030509000062011182,0.004942699990351684
138,3617,chunk,1,0.003007799998158589,0.0049525000067660585
139,3617,chunk,1,0.003004099999088794,0.005006199993658811
140,3617,chunk,1,0.0029365000082179904,0.004888900002697483
141,3617,chunk,1,0.003144300004350953,0.004927799993311055
142,3617,chunk,1,0.0030476000101771206,0.0049226999981328845
143,3617,chunk,1,0.0029116000077920035,0.004088600006070919
144,3617,chunk,1,0.002904499997384846,0.004927299989503808
145,3617,chunk,1,0.003022899996722117,0.004955700002028607
146,3617,chunk,1,0.003032000007806346,0.004963499988662079
147,3617,chunk,1,0.0031235000060405582,0.004915599987725727
148,3617,chunk,1,0.0029746999935014173,0.00496930000372231
149,3617,chunk,1,0.002867799994419329,0.004994599992642179
150,3617,chunk,1,0.00302620000729803,0.004950299990014173
151,3617,chunk,1,0.003174100012984127,0.004856800005654804
152,3617,chunk,1,0.0029447999986587092,0.00700870000582654
153,3617,chunk,1,0.002970300003653392,0.004915199999231845
154,3617,chunk,1,0.0032260000007227063,0.00480999999854248
155,3617,chunk,1,0.003049000006285496,0.005194000012124889
156,3617,chunk,1,0.0026548999885562807,0.005095000000437722
157,3617,chunk,1,0.0031060000037541613,0.004730600005132146
158,3617,chunk,1,0.0030027999891899526,0.005007500003557652
159,3617,chunk,1,0.0030565999913960695,0.004935599994496442
160,3617,chunk,1,0.002953000002889894,0.005095000000437722
161,3617,chunk,1,0.0028338999982224777,0.004094899995834567
162,3617,chunk,1,0.0030020999984117225,0.004913199998554774
163,3617,chunk,1,0.0030002999992575496,0.004929000002448447
164,3617,chunk,1,0.0029572999919764698,0.005058499998995103
165,3617,chunk,1,0.0028544999950099736,0.0049633000016910955
166,3617,chunk,1,0.0031608999997843057,0.004876100007095374
167,3617,chunk,1,0.0030759000073885545,0.004942900006426498
168,3617,chunk,1,0.002897600003052503,0.005095500004244968
169,3617,chunk,1,0.002855599988834001,0.005009300002711825
170,3617,chunk,1,0.0030203000060282648,0.004957299999659881
171,3617,chunk,1,0.0030242999928304926,0.004970199996023439
172,3617,chunk,1,0.002992000008816831,0.005011400004150346
173,3617,chunk,1,0.002935500000603497,0.003939200003514998
174,3617,chunk,1,0.0030640000040875748,0.00504410000576172
175,3617,chunk,1,0.0029270999948494136,0.004966000007698312
176,3617,chunk,1,0.0029023999959463254,0.005080999995698221
177,3617,chunk,1,0.0028713000065181404,0.004963799990946427
178,3617,chunk,1,0.003114499995717779,0.0048765000101411715
179,3617,chunk,1,0.003043799995793961,0.004961099999491125
180,3617,chunk,1,0.0030586000066250563,0.004938400001265109
181,3617,chunk,1,0.0030107999918982387,0.004834799998207018
182,3617,chunk,1,0.003049599996302277,0.005058700000518002
183,3617,chunk,1,0.0029834000015398487,0.004906800008029677
184,3617,chunk,1,0.00306770000315737,0.0049371999921277165
185,3617,chunk,1,0.0032375000009778887,0.004594200014253147
186,3617,chunk,1,0.0031525999947916716,0.004929399990942329
187,3617,chunk,1,0.0029850999999325722,0.0049943999911192805
188,3617,chunk,1,0.0030153000116115436,0.004919099999824539
189,3617,chunk,1,0.002924999993410893,0.003946800003177486
190,3617,chunk,1,0.003080700000282377,0.004933200005325489
191,3617,chunk,1,0.003027200000360608,0.005178699997486547
192,3617,chunk,1,0.002806800010148436,0.004953399999067187
193,3617,chunk,1,0.0029815000016242266,0.004860799992457032
194,3617,chunk,1,0.0031140000064624473,0.004891899996437132
195,3617,chunk,1,0.003112000005785376,0.004931699993903749
196,3617,chunk,1,0.003035100002307445,0.005730999997467734
197,3617,chunk,1,0.003196399993612431,0.005011799992644228
198,3617,chunk,1,0.0028875999996671453,0.004910199990263209
199,3617,chunk,1,0.0030965999903855845,0.004919099999824539
200,3617,chunk,1,0.003074799999012612,0.004881399989244528
201,3617,chunk,1,0.0029424000094877556,0.004095800002687611
202,3617,chunk,1,0.0029457999917212874,0.004926900001009926
203,3617,chunk,1,0.0030445000011241063,0.004934700002195314
204,3617,chunk,1,0.003044700002647005,0.004966199994669296
205,3617,chunk,1,0.0028848999936599284,0.004110900001251139
206,3617,chunk,1,0.0029246000049170107,0.0049149999977089465
207,3617,chunk,1,0.0030583000043407083,0.004932800002279691
208,3617,chunk,1,0.003141299996059388,0.004900700005237013
209,3617,chunk,1,0.0030005000007804483,0.004906700007268228
210,3617,chunk,1,0.002939599988167174,0.003942600000300445
211,3617,chunk,1,0.0031980000057956204,0.004840900000999682
212,3617,chunk,1,0.00301210000179708,0.004972500013536774
213,3617,chunk,1,0.0030344000115292147,0.004939100006595254
214,3617,chunk,1,0.0028941000055056065,0.004137300013098866
215,3617,chunk,1,0.002910900002461858,0.004920299994410016
216,3617,chunk,1,0.0030986000056145713,0.0049183999944943935
217,3617,chunk,1,0.0030658999894512817,0.004912799995508976
218,3617,chunk,1,0.0029778999887639657,0.004916400008369237
219,3617,chunk,1,0.0031144000095082447,0.0048931999917840585
220,3617,chunk,1,0.0030402000120375305,0.004973100003553554
221,3617,chunk,1,0.003018200004589744,0.004936700002872385
222,3617,chunk,1,0.002929399997810833,0.005092399995191954
223,3617,chunk,1,0.002975499999593012,0.004868899995926768
224,3617,chunk,1,0.003099800000200048,0.003905200006556697
225,3617,chunk,1,0.0030947999912314117,0.0049485000054119155
226,3617,chunk,1,0.0028623000107472762,0.004107099986867979
227,3617,chunk,1,0.0029427999979816377,0.004914599994663149
228,3617,chunk,1,0.0030621000041719526,0.004917500002193265
229,3617,chunk,1,0.0030683999939356,0.004908900009468198
230,3617,chunk,1,0.0031134999881032854,0.00490860000718385
231,3617,chunk,1,0.002972999995108694,0.004874499994912185
232,3617,chunk,1,0.003101900001638569,0.004914599994663149
233,3617,chunk,1,0.0030353999900398776,0.004982800004654564
234,3617,chunk,1,0.0030923000012990087,0.004881400003796443
235,3617,chunk,1,0.002896999998483807,0.0039957999979378656
236,3617,chunk,1,0.0030674000008730218,0.003907500009518117
237,3617,chunk,1,0.0030655000009573996,0.0049109999963548034
238,3617,chunk,1,0.0029319000022951514,0.005079800001112744
239,3617,chunk,1,0.0029876999906264246,0.0048679000028641894
240,3617,chunk,1,0.0030873999930918217,0.004906900008791126
241,3617,chunk,1,0.003078599998843856,0.005201499996474013
242,3617,chunk,1,0.0027648999966913834,0.004932499999995343
243,3617,chunk,1,0.0029492000030586496,0.005069799997727387
244,3617,chunk,1,0.002892499993322417,0.004954000003635883
245,3617,chunk,1,0.003053699998417869,0.004912999997031875
246,3617,chunk,1,0.0031445000058738515,0.004910200004815124
247,3617,chunk,1,0.002929299997049384,0.00504259999433998
248,3617,chunk,1,0.002914200013037771,0.005035100009990856
249,3617,chunk,1,0.002976700008730404,0.004918700011330657
250,3617,chunk,1,0.0030540000007022172,0.005011700006434694
251,3617,chunk,1,0.0028350000065984204,0.0040905000059865415
252,3617,chunk,1,0.0029018000059295446,0.004936099998303689
253,3617,chunk,1,0.003041299991309643,0.004942400002619252
254,3617,chunk,1,0.0030301999941002578,0.004918599996017292
255,3617,chunk,1,0.0030648999963887036,0.004942100000334904
256,3617,chunk,1,0.002885099995182827,0.004732699992018752
257,3617,chunk,1,0.002280800006701611,0.003913499996997416
258,3617,chunk,1,0.003075400003581308,0.004900699990685098
259,3617,chunk,1,0.0030885000014677644,0.004944999993313104
260,3617,chunk,1,0.003129299991996959,0.004866700008278713
261,3617,chunk,1,0.002981600002385676,0.004879100000835024
262,3617,chunk,1,0.0030576999997720122,0.00495299999602139
263,3617,chunk,1,0.0031559999915771186,0.004860300003201701
264,3617,chunk,1,0.003096400003414601,0.004889899995760061
265,3617,chunk,1,0.0028669000021182,0.004152100009378046
266,3617,chunk,1,0.0029095000063534826,0.004908399991109036
267,3617,chunk,1,0.003158599996822886,0.004893099991022609
268,3617,chunk,1,0.003055199995287694,0.004901699998299591
269,3617,chunk,1,0.0029744999919785187,0.005245299995294772
270,3617,chunk,1,0.0026196000108029693,0.005014599999412894
271,3617,chunk,1,0.0030332000023918226,0.005048399994848296
272,3617,chunk,1,0.0029429999995045364,0.004985499996109866
273,3617,chunk,1,0.0030110999941825867,0.004955099997459911
274,3617,chunk,1,0.002925300010247156,0.00488490000134334
275,3617,chunk,1,0.003123700007563457,0.00487069999508094
276,3617,chunk,1,0.0030602999904658645,0.004965800006175414
277,3617,chunk,1,0.003001999997650273,0.004992700007278472
278,3617,chunk,1,0.002877399994758889,0.004099199999473058
279,3617,chunk,1,0.0029317000007722527,0.0049202000082004815
280,3617,chunk,1,0.0030460999987553805,0.0049593000003369525
281,3617,chunk,1,0.0030992999963928014,0.004909900002530776
282,3617,chunk,1,0.0029208000050857663,0.005079400012618862
283,3617,chunk,1,0.0030070000066189095,0.005676200002199039
284,3617,chunk,1,0.003264099999796599,0.004906800008029677
285,3617,chunk,1,0.0030092000088188797,0.00494859999162145
286,3617,chunk,1,0.00290389999281615,0.0041203000000678
287,3617,chunk,1,0.002843800000846386,0.004963200000929646
288,3617,chunk,1,0.0031285000004572794,0.0048547000042162836
289,3617,chunk,1,0.0031175000040093437,0.004916099991532974
290,3617,chunk,1,0.0029132000054232776,0.00408479999168776
291,3617,chunk,1,0.003070500009926036,0.004844299997785129
292,3617,chunk,1,0.0029911000019637868,0.004920499995932914
293,3617,chunk,1,0.0030833000055281445,0.004920299994410016
294,3617,chunk,1,0.002880799991544336,0.004142300007515587
295,3617,chunk,1,0.0029088000010233372,0.004925600005663
296,3617,chunk,1,0.0031017000001156703,0.004937599995173514
297,3617,chunk,1,0.0030476000101771206,0.004923899992718361
298,3617,chunk,1,0.003066800010856241,0.004929899994749576
299,3617,chunk,1,0.0029400000057648867,0.004992599991965108
300,3617,chunk,1,0.0030162999901222065,0.004948400004650466
301,3617,chunk,1,0.003054200002225116,0.00521749998733867
302,3617,chunk,1,0.003903300006641075,0.004688799992436543
303,3617,chunk,1,0.003100900008575991,0.0049260999949183315
304,3617,chunk,1,0.003049899998586625,0.004953299998305738
305,3617,chunk,1,0.0029196999967098236,0.003942299998016097
306,3617,chunk,1,0.003058599992073141,0.004925200002617203
307,3617,chunk,1,0.0030759000073885545,0.0049451000086264685
308,3617,chunk,1,0.003078199995798059,0.004919700004393235
309,3617,chunk,1,0.00292539999645669,0.005054199995356612
310,3617,chunk,1,0.005066600002464838,0.009778900013770908
311,3617,chunk,1,0.005885600010515191,0.005181300002732314
312,3617,chunk,1,0.002209500002209097,0.004678099998272955
313,3617,chunk,1,0.002914699987741187,0.0049767000018619
314,3617,chunk,1,0.002979800003231503,0.010067899987916462
315,3617,chunk,1,0.0029484999977285042,0.004920000006677583
316,3617,chunk,1,0.003027800004929304,0.004990500005078502
317,3617,chunk,1,0.0030857999954605475,0.004940799990436062
318,3617,chunk,1,0.0029084999987389892,0.005066700003226288
319,3617,chunk,1,0.0029329000099096447,0.004888399998890236
320,3617,chunk,1,0.0030872000061208382,0.004937999998219311
321,3617,chunk,1,0.0030830000032437965,0.00490999998874031
322,3617,chunk,1,0.003036300011444837,0.0049740000104065984
323,3617,chunk,1,0.0029852000006940216,0.002747899998212233
324,3617,chunk,1,0.004231300001265481,0.004940999991958961
325,3617,chunk,1,0.003091700011282228,0.0048319000052288175
326,3617,chunk,1,0.002943800005596131,0.005057599992142059
327,3617,chunk,1,0.002926899993326515,0.004933300006086938
328,3617,chunk,1,0.003095199994277209,0.004906699992716312
329,3617,chunk,1,0.00306770000315737,0.0049254999903496355
330,3617,chunk,1,0.0030263999942690134,0.004945299995597452
331,3617,chunk,1,0.0030639000033261254,0.00502849998883903
332,3617,chunk,1,0.0028045000071870163,0.004917699989164248
333,3617,chunk,1,0.0031098000035854056,0.004897299993899651
334,3617,chunk,1,0.0030569000082323328,0.004942400002619252
335,3617,chunk,1,0.002888799994252622,0.004128200002014637
336,3617,chunk,1,0.0028248999878996983,0.005026800004998222
337,3617,chunk,1,0.003036099995370023,0.004887499992037192
338,3617,chunk,1,0.0030731000006198883,0.004958599995006807
339,3617,chunk,1,0.003141000008326955,0.004854500002693385
340,3617,chunk,1,0.0029171999922255054,0.004063400003360584
341,3617,chunk,1,0.002945300002465956,0.004941899998812005
342,3617,chunk,1,0.00312100000155624,0.004858700005570427
343,3617,chunk,1,0.003060100003494881,0.004912599993986078
344,3617,chunk,1,0.0029285999917192385,0.005092699997476302
345,3617,chunk,1,0.0029285000055097044,0.004907300011836924
346,3617,chunk,1,0.0030846000008750707,0.004858599990257062
347,3617,chunk,1,0.003122899986919947,0.004922499996609986
348,3617,chunk,1,0.0030727999983355403,0.005042899996624328
349,3617,chunk,1,0.0027523000026121736,0.004142399993725121
350,3617,chunk,1,0.0029151000053389,0.004965999993146397
351,3617,chunk,1,0.0030094999965513125,0.004929600007017143
352,3617,chunk,1,0.003071200000704266,0.0049005999899236485
353,3617,chunk,1,0.002950599999167025,0.005150900004082359
354,3617,chunk,1,0.002842200003215112,0.004989900000509806
355,3617,chunk,1,0.0029977000085636973,0.004950300004566088
356,3617,chunk,1,0.0031930999975884333,0.004897699996945448
357,3617,chunk,1,0.002893999990192242,0.004976800002623349
358,3617,chunk,1,0.002922200001194142,0.005074899992905557
359,3617,chunk,1,0.0029881999944336712,0.0048759000055724755
360,3617,chunk,1,0.0030362999968929216,0.004945099994074553
361,3617,chunk,1,0.0030795999919064343,0.004948400004650466
362,3617,chunk,1,0.003000400000018999,0.004932200012262911
363,3617,chunk,1,0.0029148000030545518,0.003962300004786812
364,3617,chunk,1,0.003025600002729334,0.004960699996445328
365,3617,chunk,1,0.003111700003501028,0.004895899997791275
366,3617,chunk,1,0.0030516999977407977,0.004930299997795373
367,3617,chunk,1,0.0029329000099096447,0.003910100000211969
368,3617,chunk,1,0.0031654000049456954,0.004925099987303838
369,3617,chunk,1,0.00320770000689663,0.004757000002427958
370,3617,chunk,1,0.003024099991307594,0.00496039999416098
371,3617,chunk,1,0.002925300010247156,0.003971000012825243
372,3617,chunk,1,0.003002199999173172,0.004993300011847168
373,3617,chunk,1,0.0030958999996073544,0.0049048000073526055
374,3617,chunk,1,0.00289649999467656,0.00406180000572931
375,3617,chunk,1,0.002935500000603497,0.005053599990787916
376,3617,chunk,1,0.0029850999999325722,0.004899100007605739
377,3617,chunk,1,0.0031134000018937513,0.00491380000312347
378,3617,chunk,1,0.002889299998059869,0.00415810001140926
379,3617,chunk,1,0.0028708000027108938,0.004919299986795522
380,3617,chunk,1,0.0031313000072259456,0.004897500009974465
381,3617,chunk,1,0.003112000005785376,0.004895799997029826
382,3617,chunk,1,0.0029319000022951514,0.003950400001485832
383,3617,chunk,1,0.003155200000037439,0.008782700009760447
384,3617,chunk,1,0.00306099999579601,0.004988000000594184
385,3617,chunk,1,0.002963799997814931,0.0050765000050887465
386,3617,chunk,1,0.0028726000018650666,0.004972800001269206
387,3617,chunk,1,0.0032444999960716814,0.004761499993037432
388,3617,chunk,1,0.0030365999991772696,0.004917099999147467
389,3617,chunk,1,0.0029387999966274947,0.004303199995774776
390,3617,chunk,1,0.0026776000013342127,0.004893000004813075
391,3617,chunk,1,0.003124399998341687,0.004909600000246428
392,3617,chunk,1,0.0030374000052688643,0.005135899991728365
393,3617,chunk,1,0.002873399993404746,0.0052204999956302345
394,3617,chunk,1,0.003659399997559376,0.00496930000372231
395,3617,chunk,1,0.002847499999916181,0.005055500005255453
396,3617,chunk,1,0.0030553000106010586,0.004872700010309927
397,3617,chunk,1,0.0030875000084051862,0.00489670000388287
398,3617,chunk,1,0.002958900004159659,0.005137200001627207
399,3617,chunk,1,0.002798399989842437,0.004924799999571405
400,3617,chunk,1,0.00304100000357721,0.00495519999822136
401,3617,chunk,1,0.003058200003579259,0.0049614999879850075
402,3617,chunk,1,0.0030030000052647665,0.004989499997464009
403,3617,chunk,1,0.0029763000056846067,0.004884099995251745
404,3617,chunk,1,0.0030889000045135617,0.004901699998299591
405,3617,chunk,1,0.0030406000005314127,0.00499300000956282
406,3617,chunk,1,0.002847499999916181,0.004157699993811548
407,3617,chunk,1,0.002934000003733672,0.004873999991104938
408,3617,chunk,1,0.0030356999923242256,0.004957000011927448
409,3617,chunk,1,0.003168000010191463,0.0048476000083610415
410,3617,chunk,1,0.0030926000035833567,0.004894599987892434
411,3617,chunk,1,0.002998600000864826,0.005024400001275353
412,3617,chunk,1,0.00287430000025779,0.005028400002629496
413,3617,chunk,1,0.0029363000066950917,0.008041699999012053
414,3617,chunk,1,0.0030107000056887046,0.00488259999838192
415,3617,chunk,1,0.003115200001047924,0.004827299999305978
416,3617,chunk,1,0.0029786999948555604,0.005063600008725189
417,3617,chunk,1,0.0029543999989982694,0.004880499996943399
418,3617,chunk,1,0.003066500008571893,0.004937600009725429
419,3617,chunk,1,0.003093699997407384,0.0048648999945726246
420,3617,chunk,1,0.002980400007800199,0.005046899997978471
421,3617,chunk,1,0.002949999994598329,0.004885600006673485
422,3617,chunk,1,0.0031540000054519624,0.004831199999898672
423,3617,chunk,1,0.003037600006791763,0.004974999988917261
424,3617,chunk,1,0.0033244999940507114,0.004660300008254126
425,3617,chunk,1,0.0029938000079710037,0.002662300001247786
426,3617,chunk,1,0.0022415000130422413,0.0049307000008411705
427,3617,chunk,1,0.0031097999890334904,0.004928399997879751
428,3617,chunk,1,0.0029704999906243756,0.005037599999923259
429,3617,chunk,1,0.0029753999988315627,0.0049109999963548034
430,3617,chunk,1,0.0030178000015439466,0.004941599996527657
431,3617,chunk,1,0.0030420999974012375,0.005195100005948916
432,3617,chunk,1,0.002779799993732013,0.004886199996690266
433,3617,chunk,1,0.002948099994682707,0.0051582000014605
434,3617,chunk,1,0.0028329000051598996,0.004919099999824539
435,3617,chunk,1,0.003028699997230433,0.004926499997964129
436,3617,chunk,1,0.0031215000053634867,0.0068476000014925376
437,3617,chunk,1,0.002957300006528385,0.004986200001440011
438,3617,chunk,1,0.0030356000061146915,0.004967099986970425
439,3617,chunk,1,0.002894899997045286,0.004113200004212558
440,3617,chunk,1,0.002886000002035871,0.004930199997033924
441,3617,chunk,1,0.0031011999963084236,0.004913199998554774
442,3617,chunk,1,0.003155200000037439,0.00485369999660179
443,3617,chunk,1,0.002994200011016801,0.004986900006770156
444,3617,chunk,1,0.002882200002204627,0.003977700005634688
445,3617,chunk,1,0.003050299987080507,0.004924300010316074
446,3617,chunk,1,0.003084099997067824,0.0049475999985588714
447,3617,chunk,1,0.0031347000040113926,0.00485369999660179
448,3617,chunk,1,0.0029172999929869547,0.0041006999963428825
449,3617,chunk,1,0.002965599996969104,0.004869500000495464
450,3617,chunk,1,0.003088400000706315,0.004923499989672564
451,3617,chunk,1,0.003074799999012612,0.0049266999994870275
452,3617,chunk,1,0.0031689000024925917,0.0049374000082025304
453,3617,chunk,1,0.002769400001852773,0.003952799990656786
454,3617,chunk,1,0.003066299992497079,0.004925000001094304
455,3617,chunk,1,0.0030793999903835356,0.004922000007354654
456,3617,chunk,1,0.003099199995631352,0.004897999999229796
457,3617,chunk,1,0.002950299996882677,0.005039199997554533
458,3617,chunk,1,0.0029397000034805387,0.004851099991356023
459,3617,chunk,1,0.0031198999931802973,0.00496259999636095
460,3617,chunk,1,0.0030254000012064353,0.004922799998894334
461,3617,chunk,1,0.00293279999459628,0.005072300002211705
462,3617,chunk,1,0.002853600002708845,0.00500629999442026
463,3617,chunk,1,0.003101299997069873,0.004873700003372505
464,3617,chunk,1,0.0031209000007947907,0.004883799992967397
465,3617,chunk,1,0.002946200009319,0.004088499990757555
466,3617,chunk,1,0.0031773999944562092,0.004662299994379282
467,3617,chunk,1,0.0031814999965718016,0.004811599996173754
468,3617,chunk,1,0.0030563000036636367,0.004954300005920231
469,3617,chunk,1,0.0030064000020502135,0.005011700006434694
470,3617,chunk,1,0.002893299999414012,0.003960500005632639
471,3617,chunk,1,0.0030873999930918217,0.004905699999653734
472,3617,chunk,1,0.0030789999873377383,0.004884599999058992
473,3617,chunk,1,0.0031870000093476847,0.005863800004590303
474,3617,chunk,1,0.002939799989690073,0.0048913000064203516
475,3617,chunk,1,0.0030735000036656857,0.004982200000085868
476,3617,chunk,1,0.0031426000059582293,0.004840399997192435
477,3617,chunk,1,0.002850000004400499,0.005112099999678321
478,3617,chunk,1,0.003001999997650273,0.004850299999816343
479,3617,chunk,1,0.0031156000040937215,0.004857600011746399
480,3617,chunk,1,0.0031067999952938408,0.004941799998050556
481,3617,chunk,1,0.0029897000058554113,0.005001599987735972
482,3617,chunk,1,0.002849399999831803,0.005119100009324029
483,3617,chunk,1,0.0030449000041699037,0.004825399999390356
484,3617,chunk,1,0.003112000005785376,0.0048445000138599426
485,3617,chunk,1,0.0031400000007124618,0.004944600004819222
486,3617,chunk,1,0.0028842000028816983,0.005055699992226437
487,3617,chunk,1,0.0028886000072816387,0.004958500008797273
488,3617,chunk,1,0.0029777000017929822,0.004999100012355484
489,3617,chunk,1,0.0030626999941887334,0.004913900003884919
490,3617,chunk,1,0.002974599992739968,0.005045400001108646
491,3617,chunk,1,0.0029694999975617975,0.004850900004385039
492,3617,chunk,1,0.0031863000040175393,0.0048651000106474385
493,3617,chunk,1,0.003034499997738749,0.00498189999780152
494,3617,chunk,1,0.0031611000013072044,0.004761600008350797
495,3617,chunk,1,0.0029240000003483146,0.005125900002894923
496,3617,chunk,1,0.002954899988253601,0.004874799997196533
497,3617,chunk,1,0.002982599995448254,0.0049075999995693564
498,3617,chunk,1,0.003112000005785376,0.004946100001689047
499,3617,chunk,1,0.0030626999941887334,0.0049156000022776425
500,3617,chunk,1,0.002940399994258769,0.005113200008054264
10,22153,chunk,10,0.003068699996219948,0.005013299989514053
20,22153,chunk,10,0.002911700008553453,0.005031699998653494
30,22153,chunk,10,0.0029528000013669953,0.005039099996793084
40,22153,chunk,10,0.003031800006283447,0.005127299999003299
50,22153,chunk,10,0.0037447000067913905,0.005012399997212924
60,22153,chunk,10,0.0029642000008607283,0.004882199995336123
70,22153,chunk,10,0.0031291000050259754,0.004910100004053675
80,22153,chunk,10,0.003021299999090843,0.005020700002205558
90,22153,chunk,10,0.0028784000023733824,0.005063200005679391
100,22153,chunk,10,0.002885599998990074,0.004972800001269206
110,22153,chunk,10,0.003144000002066605,0.004811599996173754
120,22153,chunk,10,0.003181500011123717,0.004863300011493266
130,22153,chunk,10,0.0029418999911285937,0.005053899993072264
140,22153,chunk,10,0.0028676000074483454,0.004948899993905798
150,22153,chunk,10,0.0031596999906469136,0.0048470000037923455
160,22153,chunk,10,0.003089699996053241,0.004934999989927746
170,22153,chunk,10,0.002860100008547306,0.005059400005848147
180,22153,chunk,10,0.0030935000104364008,0.004721500008599833
190,22153,chunk,10,0.003207400004612282,0.004863699999987148
200,22153,chunk,10,0.0031218000076478347,0.004825700001674704
210,22153,chunk,10,0.0029303999908734113,0.00407670000276994
220,22153,chunk,10,0.003036000009160489,0.004797000001417473
230,22153,chunk,10,0.0030947000050218776,0.004917999991448596
240,22153,chunk,10,0.0033531999943079427,0.004656200006138533
250,22153,chunk,10,0.0029246999911265448,0.005058199996710755
260,22153,chunk,10,0.0030033000075491145,0.004895200007013045
270,22153,chunk,10,0.0031007999932626262,0.004888299998128787
280,22153,chunk,10,0.002978800010168925,0.004968999986886047
290,22153,chunk,10,0.003092999992077239,0.004894199999398552
300,22153,chunk,10,0.004046599991852418,0.003864500002237037
310,22153,chunk,10,0.002991500005009584,0.004969899993739091
320,22153,chunk,10,0.003058299989788793,0.004915800003800541
330,22153,chunk,10,0.003086299999267794,0.00492409999424126
340,22153,chunk,10,0.0040576000028522685,0.004838599998038262
350,22153,chunk,10,0.002992099995026365,0.005062600001110695
360,22153,chunk,10,0.0028480000037234277,0.0049903999897651374
370,22153,chunk,10,0.0030624999926658347,0.004941299994243309
380,22153,chunk,10,0.003189299997757189,0.004823499999474734
390,22153,chunk,10,0.0029070999880786985,0.004255000007105991
400,22153,chunk,10,0.0037469999952008948,0.004905399997369386
410,22153,chunk,10,0.0030781000095885247,0.004975900010322221
420,22153,chunk,10,0.002970200002891943,0.004962000006344169
430,22153,chunk,10,0.005768999995780177,0.004160600001341663
440,22153,chunk,10,0.003056100002140738,0.004911099997116253
450,22153,chunk,10,0.00304770001093857,0.004937999998219311
460,22153,chunk,10,0.0028669000021182,0.00517230000696145
470,22153,chunk,10,0.0028630000015255064,0.0049438999994890764
480,22153,chunk,10,0.0030221000051824376,0.004990799992810935
490,22153,chunk,10,0.0030799000087426975,0.004974399998900481
500,22153,chunk,10,0.0028774000093108043,0.005105799995362759
50,107795,chunk,50,0.005394699997850694,0.004887199989752844
100,107795,chunk,50,0.005237599994870834,0.004874799997196533
150,107795,chunk,50,0.005018700001528487,0.0049082000041380525
200,107795,chunk,50,0.005043199998908676,0.0049912999966181815
250,107795,chunk,50,0.004939899998134933,0.004960899997968227
300,107795,chunk,50,0.006045999994967133,0.00488109998696018
350,107795,chunk,50,0.005070300001534633,0.004917400001431815
400,107795,chunk,50,0.004917500002193265,0.003982399997767061
450,107795,chunk,50,0.005044999998062849,0.00493819999974221
500,107795,chunk,50,0.005096000008052215,0.004902600005152635
100,215015,chunk,100,0.00741540000308305,0.004989699998986907
200,215015,chunk,100,0.006921399995917454,0.005050699997809716
300,215015,chunk,100,0.007012800007942133,0.004886899987468496
400,215015,chunk,100,0.0069770999980391935,0.004299199994420633
500,215015,chunk,100,0.007769999996526167,0.004824400006327778
