group,method,molecules,records,rotatable_bond_count,aligned_RMSD,delta_aligned_RMSD,bond_outlier_rate,bond_outlier_magnitude,angle_outlier_rate,angle_outlier_magnitude,ring_bond_outlier_rate,ring_planarity_outlier_rate,clash_penetration,severe_clash_rate,stereocenter_degenerate_rate,torsion_prior_outlier_score,total_thresholded_validity_score,chirality_error,mean_displacement,molecule_rms_displacement,max_displacement,coordinate_unchanged,mean_torsion_change,high_flex_torsion_change,accepted,selected_step,uncertainty,rigid_gate_mean,global_safety_gate_mean,velocity_norm_mean,torsion_gate_max,torsion_contribution_max,torsion_gate_mean,torsion_gate_active_fraction,torsion_velocity_norm,torsion_velocity_fraction,delta_bond_outlier_rate,delta_bond_outlier_magnitude,delta_angle_outlier_rate,delta_angle_outlier_magnitude,delta_ring_bond_outlier_rate,delta_ring_planarity_outlier_rate,delta_clash_penetration,delta_severe_clash_rate,delta_chirality_error,delta_stereocenter_degenerate_rate,delta_torsion_prior_outlier_score,delta_total_thresholded_validity_score,COV_P,COV_R,MAT_P,MAT_R,diversity,accepted_fraction,rejected_fraction,unchanged_fraction,validity_improved_fraction,validity_worsened_fraction,RMSD_improved_fraction,RMSD_worsened_fraction,p95_displacement,p95_torsion_change,high_flex_p95_torsion_change
all,medium_accepted,500,700,7.732,1.321805695850402,1.8463313579559325e-05,0.2572359515093267,1.2142441228078678,0.030729460909031333,0.08570589016041935,0.15118108131736516,0.009466666666666667,2.475976143614389e-07,0.002,0.0,3.189915759485048,0.7776009112420761,0.0,0.00039678123833394353,0.000544614781342986,0.015568343922495842,0.28,0.0002785209905159718,0.0005922558576567098,0.72,2.695,0.05947868199180811,0.0631674805227667,0.28031016485765575,0.000680745977875631,0.0,0.0,0.0,0.0,0.0,0.0,-0.004795926343649626,-0.03324482790287584,-0.0004012663578614593,-0.00022789760718956132,-0.0023225641176104544,-0.0005,0.0,0.0,0.0,0.0,-0.0004166040873464754,-0.01638793819663789,0.482,0.06877587428689003,1.3218056982047857,2.376002931714058,0.011163890346884727,0.72,0.28,0.28,0.78,0.0,0.306,0.454,0.0017004783498123274,0.0009641561351600101,0.002771668834611772
all,medium_raw,500,700,7.732,1.3217585658766329,-2.86666601896286e-05,0.2609050606824458,1.226097017028369,0.030942449082620442,0.0868283864797777,0.1543282461874187,0.0098,2.458400776959024e-07,0.002,0.0,3.1900621103165507,0.7882073526695992,0.0,0.0006841163230637904,0.0009355503436381696,0.03406493924558163,0.0,0.00044116464084982,0.0009707301779417321,0.72,2.695,0.05947868199180811,0.0631674805227667,0.28031016485765575,0.000680745977875631,0.0,0.0,0.0,0.0,0.0,0.0,-0.0011268171705305576,-0.021391933682374655,-0.00018827818427234887,0.0008945987121687722,0.0008246007524430752,-0.0001666666666666667,-1.7575366655364633e-09,0.0,0.0,0.0,-0.00027025325584370785,-0.005781496769114634,0.482,0.06877587428689003,1.3217585671283305,2.375884171843529,0.011322494380176067,0.72,0.28,0.0,0.674,0.324,0.412,0.566,0.0029068711824947954,0.0015456046501640167,0.004721890389919275
all,upstream,500,700,7.732,1.3217872325368225,0.0,0.2620318778529763,1.2474889507107436,0.03113072726689279,0.08593378776760892,0.15350364543497563,0.009966666666666667,2.475976143614389e-07,0.002,0.0,3.1903323635723946,0.793988849438714,0.0,7.185659229378416e-07,7.91879917912297e-07,5.723151843994856e-06,1.0,0.0,0.0,1.0,0.0,0.0,0.0,0.0,0.0,0.0,0.0,0.0,0.0,0.0,0.0,0.0,0.0,0.0,0.0,0.0,0.0,0.0,0.0,0.0,0.0,0.0,0.0,0.482,0.06884254094958306,1.3217872328907252,2.3759859224557878,0.011278490915894508,1.0,0.0,1.0,0.0,0.0,0.0,0.0,1.3240843117046095e-06,0.0,0.0
ETFlow_normal,medium_accepted,300,300,7.59,1.3020788227580489,-1.096019521355629e-05,0.11774924689903855,0.36072569579662134,0.015425947184364,0.05822192767091716,0.034845374152064325,0.011777777777777778,0.0,0.0,0.0,3.182969733692505,0.2845352518801293,0.0,0.00015445719204440896,0.000221971241496135,0.015568343922495842,0.3333333333333333,0.00011747393916872776,0.0002516502947158491,0.6666666666666666,2.52,0.012992208347034951,0.05154582165181637,0.13720693359772365,0.00022053933354982292,0.0,0.0,0.0,0.0,0.0,0.0,-0.001797926543901364,-0.004484745721953611,-0.00020309000586469969,-0.00036256280248835536,-0.0008093540618817011,-0.0008333333333333334,0.0,0.0,0.0,0.0,0.0,-0.004855531076091589,0.49666666666666665,0.06925439111888408,1.3020788227580489,2.3617569835980734,0.0,0.6666666666666666,0.33333333333333337,0.3333333333333333,0.6666666666666666,0.0,0.26666666666666666,0.37333333333333335,0.0007275621203007177,0.00039928739570314095,0.0010122538544237612
ETFlow_normal,medium_raw,300,300,7.59,1.3020786838543912,-1.1099098871151607e-05,0.11948141299809019,0.3607742695650086,0.015463825973371665,0.05827749443429639,0.03526204081873099,0.011777777777777778,0.0,0.0,0.0,3.182969733692505,0.28674799856779687,0.0,0.00022205960834980942,0.00031605443019846764,0.015568343922495842,0.0,0.00016129699059699002,0.00034863451796506224,0.6666666666666666,2.52,0.012992208347034951,0.05154582165181637,0.13720693359772365,0.00022053933354982292,0.0,0.0,0.0,0.0,0.0,0.0,-6.576044484972954e-05,-0.004436171953566373,-0.00016521121685703595,-0.00030699603910913235,-0.0003926873952150345,-0.0008333333333333334,0.0,0.0,0.0,0.0,0.0,-0.0026427843884240096,0.49666666666666665,0.06925439111888408,1.3020786838543912,2.361746680736542,0.0,0.6666666666666666,0.33333333333333337,0.0,0.6633333333333333,0.3333333333333333,0.37333333333333335,0.59,0.0008020942681469024,0.0004237484274199233,0.0011191010242328034
ETFlow_normal,upstream,300,300,7.59,1.3020897829532623,0.0,0.11954717344293991,0.36521044151857496,0.0156290371902287,0.05858449047340552,0.035654728213946024,0.012611111111111111,0.0,0.0,0.0,3.182969733692505,0.28939078295622084,0.0,7.106439457989685e-07,7.830320992733656e-07,5.723151843994856e-06,1.0,0.0,0.0,1.0,0.0,0.0,0.0,0.0,0.0,0.0,0.0,0.0,0.0,0.0,0.0,0.0,0.0,0.0,0.0,0.0,0.0,0.0,0.0,0.0,0.0,0.0,0.0,0.49666666666666665,0.06925439111888408,1.3020897829532623,2.361784588098526,0.0,1.0,0.0,1.0,0.0,0.0,0.0,0.0,1.4048673563138438e-06,0.0,0.0
Cartesian_mild,medium_accepted,128,134,7.71875,1.348814971948741,9.202311048284173e-06,0.4995804912177846,3.011402408592403,0.05737554474035278,0.14028980952525671,0.34588689741212875,0.006119791666666666,1.0139805226572207e-06,0.0078125,0.0,3.1714206432424055,1.7125117935468706,0.0,0.0006612393401053129,0.000921584865771985,0.01629778742790222,0.34765625,0.000498144874427453,0.0008728876712211786,0.65234375,2.3046875,0.14583264396060258,0.0869627950451104,0.5759830940805841,0.001784710848312443,0.0,0.0,0.0,0.0,0.0,0.0,-0.009788913186639547,-0.039380285888910294,-0.0010725029569584876,-0.0009334013320767554,-0.004585230606608093,0.0,0.0,0.0,0.0,0.0,0.0010941262625192988,-0.02552506855545289,0.484375,0.076340069033904,1.348814971599495,2.353988374117762,0.0012806690501747653,0.65234375,0.34765625,0.34765625,0.671875,0.0,0.28125,0.390625,0.0028968877741135652,0.001733924268046393,0.004884099960327148
Cartesian_mild,medium_raw,128,134,7.71875,1.3485932467447128,-0.000212522892979905,0.509848321788013,3.0740843089297414,0.059237020926957484,0.14761877759747222,0.3560923592885956,0.006119791666666666,1.0106662102771224e-06,0.0078125,0.0,3.1706827826104984,1.7523492759682466,0.0,0.001794523608396048,0.002441512375298771,0.03430727869272232,0.0,0.0011487826302527537,0.002438441980530115,0.65234375,2.3046875,0.14583264396060258,0.0869627950451104,0.5759830940805841,0.001784710848312443,0.0,0.0,0.0,0.0,0.0,0.0,0.0004789173835888505,0.023301614448428154,0.0007889732296462171,0.006395566740138747,0.0056202312698587775,0.0,-3.314312380098272e-09,0.0,0.0,0.0,0.0003562656306123832,0.01431241386592319,0.484375,0.076340069033904,1.3485932476760354,2.3536268514581025,0.0013376673450693488,0.65234375,0.34765625,0.0,0.59375,0.40625,0.6171875,0.3828125,0.004350612056441605,0.0026838616468012333,0.008701616525650024
Cartesian_mild,upstream,128,134,7.71875,1.3488057696376927,0.0,0.5093694044044241,3.0507826944813132,0.05844804769731127,0.14122321085733347,0.35047212801873684,0.006119791666666666,1.0139805226572207e-06,0.0078125,0.0,3.170326516979886,1.7380368621023234,0.0,7.594129285415363e-07,8.382630229952781e-07,4.79215395898791e-06,1.0,0.0,0.0,1.0,0.0,0.0,0.0,0.0,0.0,0.0,0.0,0.0,0.0,0.0,0.0,0.0,0.0,0.0,0.0,0.0,0.0,0.0,0.0,0.0,0.0,0.0,0.0,0.484375,0.076340069033904,1.3488057685899548,2.3540341616608202,0.0012697136407950893,1.0,0.0,1.0,0.0,0.0,0.0,0.0,1.4334479487843053e-06,0.0,0.0
Cartesian_medium,medium_accepted,87,87,8.977011494252874,1.4084595678181484,0.00025615609925368736,0.6306983736054651,3.8379046752535064,0.09262773162289255,0.17251986785438553,0.5272344775583552,0.0,1.3541161777162604e-06,0.011494252873563218,0.0,3.1750232922555544,2.27615657842699,0.0,0.0012279227365484494,0.0015668760875531466,0.012984300032258034,0.05747126436781609,0.0007764768792415338,0.0018808918144693062,0.9425287356321839,3.5632183908045976,0.23385027068099756,0.08887840997984355,0.6155376142297668,0.001507827376675171,0.0,0.0,0.0,0.0,0.0,0.0,-0.012563638646027138,-0.19310870389828735,-0.0009423550432440879,0.0010811738755511142,-0.00759752762728724,0.0,0.0,0.0,0.0,0.0,-0.0030453025996756236,-0.06911040382224252,0.41379310344827586,0.04039146322971103,1.4084595678181484,2.534231176321534,0.0,0.9425287356321839,0.05747126436781613,0.05747126436781609,0.9425287356321839,0.0,0.05747126436781609,0.8850574712643678,0.002491213893517852,0.0014508989872410894,0.004385858774185181
Cartesian_medium,medium_raw,87,87,8.977011494252874,1.4084230534646702,0.0002196417457755955,0.6355647475555025,3.851326588926644,0.09208078261721751,0.16881124463317723,0.5350553694812731,0.0,1.3387908365566753e-06,0.011494252873563218,0.0,3.177458179599814,2.2907252025819114,0.0,0.001510274831350122,0.0019427624627433974,0.04257725179195404,0.0,0.0009287373409017749,0.0022857525886368305,0.9425287356321839,3.5632183908045976,0.23385027068099756,0.08887840997984355,0.6155376142297668,0.001507827376675171,0.0,0.0,0.0,0.0,0.0,0.0,-0.007697264695989674,-0.17968679022514958,-0.0014893040489191297,-0.002627449345657195,0.00022336429563061944,0.0,-1.5325341159584878e-08,0.0,0.0,0.0,-0.0006104152554163663,-0.05454177966732104,0.41379310344827586,0.04039146322971103,1.4084230534646702,2.5341775170687972,0.0,0.9425287356321839,0.05747126436781613,0.0,0.9080459770114943,0.09195402298850575,0.09195402298850575,0.9080459770114943,0.0032525462331250317,0.0018125877599231904,0.0056540399789810165
Cartesian_medium,upstream,87,87,8.977011494252874,1.4082034117188946,0.0,0.6432620122514922,4.031013379151794,0.09357008666613664,0.17143869397883443,0.5348320051856424,0.0,1.3541161777162604e-06,0.011494252873563218,0.0,3.17806859485523,2.3452669822492327,0.0,7.539134928811631e-07,8.276996734183604e-07,2.8709398520732066e-06,1.0,0.0,0.0,1.0,0.0,0.0,0.0,0.0,0.0,0.0,0.0,0.0,0.0,0.0,0.0,0.0,0.0,0.0,0.0,0.0,0.0,0.0,0.0,0.0,0.0,0.0,0.0,0.41379310344827586,0.040774604969326105,1.4082034117188946,2.5340516868679,0.0,1.0,0.0,1.0,0.0,0.0,0.0,0.0,1.3463761547427567e-06,0.0,0.0
Cartesian_severe,medium_accepted,15,15,7.4,1.4129729270935059,0.0006804068883260092,0.6991415977478027,3.7912521362304688,0.10838212544719378,0.17591401785612107,0.7462558388710022,0.03333333333333333,0.0,0.0,0.0,3.2768046051436537,2.5789044339209797,0.0,0.0018198120640590787,0.002072537480853498,0.005672083701938391,0.0,0.0006125284038716927,0.001163181383162737,1.0,4.0,0.29494958917299907,0.08252393926183382,0.5679631501436233,0.001824377302546054,0.0,0.0,0.0,0.0,0.0,0.0,-0.029741493860880534,-0.376632022857666,-0.0007662837704022726,-0.0057945333421230314,-0.009764313697814941,0.0,0.0,0.0,0.0,0.0,0.0049296745982516064,-0.13587873037904502,0.3333333333333333,0.0472549023727576,1.4129729270935059,2.3980610926946,0.0,1.0,0.0,0.0,1.0,0.0,0.0,1.0,0.002255052840337157,0.001030090457061305,0.0029327688273042434
Cartesian_severe,medium_raw,15,15,7.4,1.4129729270935059,0.0006804068883260092,0.6991415977478027,3.7912521362304688,0.10838212544719378,0.17591401785612107,0.7462558388710022,0.03333333333333333,0.0,0.0,0.0,3.2768046051436537,2.5789044339209797,0.0,0.0018198120640590787,0.002072537480853498,0.005672083701938391,0.0,0.0006125284038716927,0.001163181383162737,1.0,4.0,0.29494958917299907,0.08252393926183382,0.5679631501436233,0.001824377302546054,0.0,0.0,0.0,0.0,0.0,0.0,-0.029741493860880534,-0.376632022857666,-0.0007662837704022726,-0.0057945333421230314,-0.009764313697814941,0.0,0.0,0.0,0.0,0.0,0.0049296745982516064,-0.13587873037904502,0.3333333333333333,0.0472549023727576,1.4129729270935059,2.3980610926946,0.0,1.0,0.0,0.0,1.0,0.0,0.0,1.0,0.002255052840337157,0.001030090457061305,0.0029327688273042434
Cartesian_severe,upstream,15,15,7.4,1.41229252020518,0.0,0.7288830916086833,4.167884159088135,0.10914840921759605,0.18170855119824408,0.7560201525688172,0.03333333333333333,0.0,0.0,0.0,3.2718749305454025,2.7147831643000244,0.0,6.945941682564202e-07,7.5845688153701e-07,1.980453362193657e-06,1.0,0.0,0.0,1.0,0.0,0.0,0.0,0.0,0.0,0.0,0.0,0.0,0.0,0.0,0.0,0.0,0.0,0.0,0.0,0.0,0.0,0.0,0.0,0.0,0.0,0.0,0.0,0.3333333333333333,0.0472549023727576,1.41229252020518,2.397256835301717,0.0,1.0,0.0,1.0,0.0,0.0,0.0,0.0,1.0929630889222608e-06,0.0,0.0
unseen_update_scale_0.35,medium_accepted,200,400,7.945,1.3513960054889322,6.259857676923276e-05,0.46646600842475894,2.4945217633247374,0.053684731496032326,0.12693183389467266,0.32568464206531644,0.006,6.189940359035973e-07,0.005,0.0,3.2003347981738615,1.517199400284996,0.0,0.0007602673077682454,0.0010285800911132626,0.012003363342955709,0.2,0.0005200915675368378,0.001103164202068001,0.8,2.9575,0.12920839245896787,0.08059996882919222,0.4949650117475539,0.0013710559443643434,0.0,0.0,0.0,0.0,0.0,0.0,-0.009292926043272018,-0.07638495117425918,-0.0006985308858565986,-2.589981424137022e-05,-0.004592379201203585,0.0,0.0,0.0,0.0,0.0,-0.0010415102183661885,-0.03368654887745734,0.46,0.06805809903889895,1.3513960113748908,2.3973718538880346,0.02790972586721182,0.8,0.19999999999999996,0.2,0.95,0.0,0.365,0.575,0.0021172003645915528,0.0011734650950529603,0.003693515050690622
unseen_update_scale_0.35,medium_raw,200,400,7.945,1.3512783889099955,-5.501800216734409e-05,0.4730405322089791,2.52408113822341,0.05416038374649361,0.12965472454799964,0.3329275542404503,0.006833333333333333,6.146001942397561e-07,0.005,0.0,3.200700675252618,1.540396383822303,0.0,0.0013772013951347617,0.0018647942137977225,0.03406493924558163,0.0,0.0008609661162290649,0.001903873667906737,0.8,2.9575,0.12920839245896787,0.08059996882919222,0.4949650117475539,0.0013710559443643434,0.0,0.0,0.0,0.0,0.0,0.0,-0.0027184022590518,-0.04682557627558708,-0.00022287863539531826,0.002696990839085629,0.0026505329739302396,0.0008333333333333333,-4.393841663841158e-09,0.0,0.0,0.0,-0.0006756331396092696,-0.01048956534015057,0.46,0.06805809903889895,1.3512783920392395,2.3970904085040092,0.02830623595044017,0.8,0.19999999999999996,0.0,0.69,0.31,0.47,0.53,0.0037265661609126245,0.0020784184889635062,0.006534235575236381
unseen_update_scale_0.35,upstream,200,400,7.945,1.351333406912163,0.0,0.4757589344680309,2.5709067144989968,0.054383262381888925,0.12695773370891403,0.33027702126652003,0.006,6.189940359035973e-07,0.005,0.0,3.2013763083922275,1.5508859491624536,0.0,7.304488886461513e-07,8.051516458706942e-07,4.516025683187763e-06,1.0,0.0,0.0,1.0,0.0,0.0,0.0,0.0,0.0,0.0,0.0,0.0,0.0,0.0,0.0,0.0,0.0,0.0,0.0,0.0,0.0,0.0,0.0,0.0,0.0,0.0,0.0,0.46,0.0682247656956315,1.3513334077969192,2.39728792399168,0.02819622728973627,1.0,0.0,1.0,0.0,0.0,0.0,0.0,1.2447172366591983e-06,0.0,0.0
rotatable_le_2,medium_accepted,17,24,1.588235294117647,1.075696307070115,-4.586051492130055e-06,0.27079564135740786,1.4470108155818546,0.037475375513381814,0.12424579407910213,0.1451612141202478,0.0,0.0,0.0,0.0,3.242246777475261,0.8462463834062767,0.0,0.0004357800571948273,0.0006139384398191878,0.0059123007813468575,0.3235294117647059,0.00012924439814763472,0.0,0.6764705882352942,2.5588235294117645,0.05499723238651367,0.06752664686235435,0.31210655740955295,0.0014284829879162477,0.0,0.0,0.0,0.0,0.0,0.0,-0.00598121653584873,-0.020760262275443357,-0.0004985045422525966,-0.0016078800373875042,0.0,0.0,0.0,0.0,0.0,0.0,0.0,-0.012071756656309041,0.5882352941176471,0.3261437911321135,1.0756963035639595,1.563842790968278,0.011372717645238428,0.6764705882352942,0.32352941176470584,0.3235294117647059,0.7647058823529411,0.0,0.5294117647058824,0.23529411764705882,0.0016664525843225419,0.00047404766082763655,0.0
rotatable_le_2,medium_raw,17,24,1.588235294117647,1.0753544165807611,-0.00034647654084598315,0.28458874431603093,1.559116520864122,0.037475375513381814,0.12684256306794636,0.15163880586624146,0.0,0.0,0.0,0.0,3.242246777475261,0.8951926966786713,0.0,0.0014323161915800644,0.0017889347637880266,0.02416367456316948,0.0,0.00027486035319538237,0.0,0.6764705882352942,2.5588235294117645,0.05499723238651367,0.06752664686235435,0.31210655740955295,0.0014284829879162477,0.0,0.0,0.0,0.0,0.0,0.0,0.007811886422774371,0.09134544300682404,-0.0004985045422525966,0.000988888951456722,0.00647759174599367,0.0,0.0,0.0,0.0,0.0,0.0,0.03687455661608564,0.5882352941176471,0.3261437911321135,1.0753544113215279,1.5631910176838146,0.012020280146423508,0.6764705882352942,0.32352941176470584,0.0,0.7058823529411765,0.29411764705882354,0.6470588235294118,0.35294117647058826,0.0051734143402427345,0.0010291546583175658,0.0
rotatable_le_2,upstream,17,24,1.588235294117647,1.0757008931216072,0.0,0.27677685789325657,1.467771077857298,0.037973880055634415,0.12585367411648965,0.1451612141202478,0.0,0.0,0.0,0.0,3.242246777475261,0.8583181400625857,0.0,5.236185755313059e-07,5.846067841061727e-07,1.7603559854251216e-06,1.0,0.0,0.0,1.0,0.0,0.0,0.0,0.0,0.0,0.0,0.0,0.0,0.0,0.0,0.0,0.0,0.0,0.0,0.0,0.0,0.0,0.0,0.0,0.0,0.0,0.0,0.0,0.5882352941176471,0.3261437911321135,1.0757008896154516,1.5638385976062101,0.011475197861299795,1.0,0.0,1.0,0.0,0.0,0.0,0.0,8.651941413972963e-07,0.0,0.0
rotatable_3_5,medium_accepted,115,165,4.356521739130435,1.1497280436689439,-5.9317149545835415e-06,0.25474250488307165,1.2104173191580112,0.029369532985045858,0.10622068782180102,0.16926161376354487,0.023043478260869565,0.0,0.0,0.0,3.2603203826136835,0.805576631637485,0.0,0.00048513306149254235,0.0006887509946651611,0.015568343922495842,0.27391304347826084,0.0003313609415509627,0.0,0.7260869565217392,2.717391304347826,0.061106153618058434,0.06496884753198727,0.3016493882821954,0.0007319155864420083,0.0,0.0,0.0,0.0,0.0,0.0,-0.004791638579057611,-0.03701448312191211,-0.0006097039774708126,-0.0007333896423401513,-0.0028007052838802337,0.0,0.0,0.0,0.0,0.0,0.0,-0.017639016031471725,0.5826086956521739,0.12568819979610651,1.149728042502766,2.0571180893027265,0.011939115563164586,0.7260869565217392,0.27391304347826084,0.27391304347826084,0.8,0.0,0.3739130434782609,0.391304347826087,0.0019225792642885145,0.0013199540320783852,0.0
rotatable_3_5,medium_raw,115,165,4.356521739130435,1.149701603502035,-3.237188186334527e-05,0.257583198307649,1.2130008282423344,0.029433121714417053,0.10634022700630695,0.1718941980244025,0.023043478260869565,0.0,0.0,0.0,3.2603203826136835,0.8117892601194985,0.0,0.0007361896821353382,0.0010464002700325142,0.015568343922495842,0.0,0.0004597239031721509,0.0,0.7260869565217392,2.717391304347826,0.061106153618058434,0.06496884753198727,0.3016493882821954,0.0007319155864420083,0.0,0.0,0.0,0.0,0.0,0.0,-0.0019509451544803122,-0.034430974037588935,-0.0005461152480996174,-0.0006138504578342216,-0.0001681210230226102,0.0,0.0,0.0,0.0,0.0,0.0,-0.01142638754945833,0.5826086956521739,0.12568819979610651,1.149701602595008,2.0570256274679433,0.01207266260424386,0.7260869565217392,0.27391304347826084,0.0,0.6956521739130435,0.30434782608695654,0.4608695652173913,0.4956521739130435,0.0034956168266944577,0.0018902414885815226,0.0
rotatable_3_5,upstream,115,165,4.356521739130435,1.1497339753838984,0.0,0.2595341434621293,1.2474318022799233,0.02997923696251667,0.10695407746414118,0.1720623190474251,0.023043478260869565,0.0,0.0,0.0,3.2603203826136835,0.8232156476689567,0.0,6.771065644250524e-07,7.505711997045301e-07,4.516025683187763e-06,1.0,0.0,0.0,1.0,0.0,0.0,0.0,0.0,0.0,0.0,0.0,0.0,0.0,0.0,0.0,0.0,0.0,0.0,0.0,0.0,0.0,0.0,0.0,0.0,0.0,0.0,0.0,0.5826086956521739,0.12568819979610651,1.149733972257894,2.057135762339053,0.012031725259578746,1.0,0.0,1.0,0.0,0.0,0.0,0.0,1.2805563130768857e-06,0.0,0.0
rotatable_ge_6,medium_accepted,368,511,9.070652173913043,1.3869491458779364,2.7151540448160276e-05,0.2573887548642233,1.2046871897713889,0.030842806460619297,0.07751463989499409,0.1458090066191052,0.00566123188405797,3.364098021215202e-07,0.002717391304347826,0.0,3.1654968492523667,0.7656873762630991,0.0,0.00036736971772559053,0.0004963697630654165,0.012003363342955709,0.2798913043478261,0.00026890443535629186,0.0008046954587727035,0.720108695652174,2.6942934782608696,0.059177120595805995,0.06240317880039346,0.2721728024467745,0.0006302132763652401,0.0,0.0,0.0,0.0,0.0,0.0,-0.00474251101664065,-0.032643543298194265,-0.0003316376203893805,-6.182157853466517e-06,-0.0022804373672798924,-0.0006793478260869565,0.0,0.0,0.0,0.0,-0.0005660381621555372,-0.016196365194408813,0.44565217391304346,0.039101493797953364,1.3869491496032267,2.5131727123390073,0.010911985553558106,0.720108695652174,0.27989130434782605,0.2798913043478261,0.7744565217391305,0.0,0.27445652173913043,0.483695652173913,0.001503937660891097,0.000904474005074007,0.002771668834611772
rotatable_ge_6,medium_raw,368,511,9.070652173913043,1.3869091669937759,-1.282734371235837e-05,0.26084905946323567,1.2148055228576793,0.031112321088110784,0.07888245533154473,0.14896312668798087,0.006114130434782609,3.340218446955196e-07,0.002717391304347826,0.0,3.1656956954908217,0.7758957488519563,0.0,0.0006332798174713863,0.0008614870917960576,0.03406493924558163,0.0,0.00044304740640160634,0.0013189268722034403,0.720108695652174,2.6942934782608696,0.059177120595805995,0.06240317880039346,0.2721728024467745,0.0006302132763652401,0.0,0.0,0.0,0.0,0.0,0.0,-0.0012822064176282804,-0.022525210211903828,-6.212299289789213e-05,0.0013616332786971666,0.0008736827015957755,-0.00022644927536231887,-2.3879574260006293e-09,0.0,0.0,0.0,-0.00036719192370069,-0.005987992605551807,0.44565217391304346,0.039101493797953364,1.3869091692208515,2.513070357234582,0.011055832141605408,0.720108695652174,0.27989130434782605,0.0,0.6657608695652174,0.33152173913043476,0.3858695652173913,0.5978260869565217,0.0027966752182692284,0.0015108435181900855,0.004721890389919275
rotatable_ge_6,upstream,368,511,9.070652173913043,1.3869219943374882,0.0,0.26213126588086394,1.237330733069583,0.031174444081008678,0.07752082205284756,0.1480894439863851,0.006340579710144927,3.364098021215202e-07,0.002717391304347826,0.0,3.1660628874145225,0.781883741457508,0.0,7.405276923261076e-07,8.143640099465289e-07,5.723151843994856e-06,1.0,0.0,0.0,1.0,0.0,0.0,0.0,0.0,0.0,0.0,0.0,0.0,0.0,0.0,0.0,0.0,0.0,0.0,0.0,0.0,0.0,0.0,0.0,0.0,0.0,0.0,0.0,0.44565217391304346,0.03919207350269932,1.3869219959571795,2.5131442728249924,0.011034018177863049,1.0,0.0,1.0,0.0,0.0,0.0,0.0,1.3255301013259667e-06,0.0,0.0
ring,medium_accepted,488,685,7.694672131147541,1.3260772159116985,1.9020660490286156e-05,0.25717647725975784,1.2067979099124013,0.03039433183740122,0.08498137546898103,0.154898648890743,0.009699453551912566,2.536860802883595e-07,0.0020491803278688526,0.0,3.1937240501145694,0.7792123472269783,0.0,0.0004032121920233078,0.0005533294156875695,0.015568343922495842,0.2786885245901639,0.00028066034485805104,0.0005896639232247015,0.7213114754098361,2.6977459016393444,0.05996860771298745,0.06315180584578393,0.28080417797519047,0.0006627456748558826,0.0,0.0,0.0,0.0,0.0,0.0,-0.004913858958657404,-0.03398622293693212,-0.00040206639382408047,-0.0002291123654023071,-0.0023796763500107117,-0.0005122950819672131,0.0,0.0,0.0,0.0,-0.0004268484501500772,-0.016761730610043015,0.47950819672131145,0.06777263322814567,1.3260772183545118,2.387907041511575,0.011246173291421328,0.7213114754098361,0.2786885245901639,0.2786885245901639,0.7807377049180327,0.0,0.3073770491803279,0.45491803278688525,0.001718376227654516,0.0009671493651694617,0.002742623211815952
ring,medium_raw,488,685,7.694672131147541,1.3260405997432707,-1.7595507937376618e-05,0.26039072393714524,1.2147032895257133,0.030580640992829117,0.08605252791135842,0.15812320306087982,0.010040983606557375,2.5188532550809673e-07,0.0020491803278688526,0.0,3.1938739997370105,0.7884231184977426,0.0,0.0006659673856314034,0.0009174054928317659,0.03406493924558163,0.0,0.00044114378678588136,0.0009641889400434772,0.7213114754098361,2.6977459016393444,0.05996860771298745,0.06315180584578393,0.28080417797519047,0.0006627456748558826,0.0,0.0,0.0,0.0,0.0,0.0,-0.0016996122812699588,-0.02608084332362031,-0.00021575723839618388,0.0008420400769750813,0.0008448778201261016,-0.0001707650273224044,-1.8007547802627696e-09,0.0,0.0,0.0,-0.0002768988277087171,-0.007550959339278533,0.47950819672131145,0.06777263322814567,1.3260406010562829,2.3878075359541864,0.011389164078492121,0.7213114754098361,0.2786885245901639,0.0,0.6762295081967213,0.32172131147540983,0.4139344262295082,0.5635245901639344,0.002891221782192587,0.001629142678575587,0.004820568114519118
ring,upstream,488,685,7.694672131147541,1.326058195251208,0.0,0.2620903362184152,1.2407841328493334,0.030796398231225302,0.08521048783438334,0.15727832524075372,0.01021174863387978,2.536860802883595e-07,0.0020491803278688526,0.0,3.194150898564719,0.7959740778370212,0.0,7.224510290405224e-07,7.962675346334203e-07,5.723151843994856e-06,1.0,0.0,0.0,1.0,0.0,0.0,0.0,0.0,0.0,0.0,0.0,0.0,0.0,0.0,0.0,0.0,0.0,0.0,0.0,0.0,0.0,0.0,0.0,0.0,0.0,0.0,0.0,0.47950819672131145,0.06784093923500327,1.3260581956443485,2.3878893965824703,0.011362873155196181,1.0,0.0,1.0,0.0,0.0,0.0,0.0,1.3255301013259667e-06,0.0,0.0
non_ring,medium_accepted,12,15,9.25,1.148097213357687,-4.202127456665039e-06,0.2596545709917943,1.5170567805568378,0.04435804315532247,0.11516948761224437,0.0,0.0,0.0,0.0,0.0,3.0350452738845206,0.7120691811893872,0.0,0.0001352557882997966,0.0001902196513299259,0.002681689104065299,0.3333333333333333,0.00019152058060475005,0.0006976611912250519,0.6666666666666666,2.5833333333333335,0.03955503599718213,0.063804917386733,0.26022029807791114,0.0014127583006787365,0.0,0.0,0.0,0.0,0.0,0.0,0.0,-0.0030947631845871606,-0.0003687315620481968,-0.0001784974398712317,0.0,0.0,0.0,0.0,0.0,0.0,0.0,-0.0011870467181627948,0.5833333333333334,0.109574344009161,1.1480972121159236,1.891902466615041,0.007817717269062996,0.6666666666666666,0.33333333333333337,0.3333333333333333,0.75,0.0,0.25,0.4166666666666667,0.0005503734016926385,0.0005972123806714077,0.0025005966424942
non_ring,medium_raw,12,15,9.25,1.1476225219666958,-0.000478893518447876,0.28182142165799934,1.6894419354697068,0.04565597806746761,0.11837996826216113,0.0,0.0,0.0,0.0,0.0,3.0350452738845206,0.779432875658434,0.0,0.0014221731119808585,0.0016734409430985882,0.02416367456316948,0.0,0.00044201270611665677,0.001236740519137432,0.6666666666666666,2.5833333333333335,0.03955503599718213,0.063804917386733,0.26022029807791114,0.0014127583006787365,0.0,0.0,0.0,0.0,0.0,0.0,0.02216685066620509,0.16929039172828197,0.000929203350096941,0.0030319832100455337,0.0,0.0,0.0,0.0,0.0,0.0,0.0,0.0661766477508839,0.5833333333333334,0.109574344009161,1.1476225207249324,1.8910006980101268,0.00861125998198986,0.6666666666666666,0.33333333333333337,0.0,0.5833333333333334,0.4166666666666667,0.3333333333333333,0.6666666666666666,0.007702876289840777,0.0010765116661787032,0.0038813860272057348
non_ring,upstream,12,15,9.25,1.1481014154851437,0.0,0.2596545709917943,1.5201515437414248,0.04472677471737067,0.11534798505211559,0.0,0.0,0.0,0.0,0.0,3.0350452738845206,0.7132562279075501,0.0,5.605716080954911e-07,6.134501712532862e-07,1.7285346984863281e-06,1.0,0.0,0.0,1.0,0.0,0.0,0.0,0.0,0.0,0.0,0.0,0.0,0.0,0.0,0.0,0.0,0.0,0.0,0.0,0.0,0.0,0.0,0.0,0.0,0.0,0.0,0.0,0.5833333333333334,0.109574344009161,1.1481014142433803,1.8919113079706829,0.007846946517626444,1.0,0.0,1.0,0.0,0.0,0.0,0.0,9.135488284073289e-07,0.0,0.0
clean_valid,medium_accepted,20,20,8.7,4.13237124519128e-08,0.0,0.0,0.0,0.0,0.0,0.0,0.0,0.0,0.0,0.0,3.195800526967836,0.0,0.0,5.598308106868899e-07,6.2284287665193e-07,1.9885096662619617e-06,1.0,0.0,0.0,0.0,0.0,0.006266768625937402,0.04304444659501314,0.07589462036266922,8.118752730297274e-05,0.0,0.0,0.0,0.0,0.0,0.0,0.0,0.0,0.0,0.0,0.0,0.0,0.0,0.0,0.0,0.0,0.0,0.0,1.0,0.14996085576713086,4.13237124519128e-08,2.135657411813736,0.0,0.0,1.0,1.0,0.0,0.0,0.0,0.0,9.42631535849614e-07,0.0,0.0
clean_valid,upstream,20,20,8.7,4.13237124519128e-08,0.0,0.0,0.0,0.0,0.0,0.0,0.0,0.0,0.0,0.0,3.195800526967836,0.0,0.0,5.598308106868899e-07,6.2284287665193e-07,1.9885096662619617e-06,1.0,0.0,0.0,1.0,0.0,0.0,0.0,0.0,0.0,0.0,0.0,0.0,0.0,0.0,0.0,0.0,0.0,0.0,0.0,0.0,0.0,0.0,0.0,0.0,0.0,0.0,0.0,1.0,0.14996085576713086,4.13237124519128e-08,2.135657411813736,0.0,1.0,0.0,1.0,0.0,0.0,0.0,0.0,9.42631535849614e-07,0.0,0.0
