artifact_type,path,role,sha256,tracked_by_git,git_commit,status
core_source,etflow/ecir/learned_geometry.py,shared backbone and geometry primitives,1787fd0b1de47453b6e1959b3ebc27c173a481e883707dc79424d2896158f7a1,YES,refs/tags/final-development-freeze-step1,ACTIVE
core_source,etflow/ecir/musigma_reliability.py,J1 sigma Reliability and first-order primitive action,058e3da07308a7178e267230e85acd774ce95d9007eec3d05764b64f4ba7cb7d,YES,refs/tags/final-development-freeze-step1,ACTIVE
core_source,etflow/ecir/j1r1_full_joint.py,Restricted Adaptive BA and joint action,5e20d34ef6a8b92f40a22da02148d7451b2476fd0dfb9b06f864081c6d968765,YES,refs/tags/final-development-freeze-step1,ACTIVE
core_source,etflow/ecir/j1r1_full_joint_unrestricted.py,Unrestricted magnitude and proposal action,22044fc13f7d54074c179b7029f44a4f7d533a6f8cb64cda61e1a4e25c3d0b77,YES,refs/tags/final-development-freeze-step1,ACTIVE
core_source,etflow/ecir/lsgoba_v2_joint_magnitude.py,Restricted bounded magnitude and atom cap,58d7f97bc1b45bdce42178329b0eef1ff4f1053ed92e5fb6031469126f24efb3,YES,refs/tags/final-development-freeze-step1,ACTIVE
core_source,etflow/commons/kabsch_utils.py,proper-rotation Kabsch implementation,ff7e0f3011dd40bd449e974004a7d8cc85f5402cbb3db3ef44e77b74d653840f,YES,refs/tags/final-development-freeze-step1,ACTIVE
config,configs/sixs_j1r1_full_joint_adaptive_ba_movement.json,Restricted seed307 root config,3cf2db029de8acd78980022450804830faab073622f07e20df7e4e06baecbf51,YES,refs/tags/final-development-freeze-step1,ACTIVE
config,configs/sixs_j1r1_full_joint_unrestricted_movement.json,Unrestricted seed307 root config,7c5c8ad066b3dc6e6c75285093e05e7fa7f29a261a16e398cddff0f90801b796,YES,refs/tags/final-development-freeze-step1,ACTIVE
config,reports/ecir_mvr/sixs_final_restricted_vs_unrestricted_multiseed/restricted_seed331/FROZEN_CONFIG.json,Restricted seed331 executed frozen config,38d1f3f0acf3bfbb6ead8a5623b7c52012bf4bb5709044808b021508446e51d5,YES,refs/tags/final-development-freeze-step1,ACTIVE
config,reports/ecir_mvr/sixs_final_restricted_vs_unrestricted_multiseed/restricted_seed353/FROZEN_CONFIG.json,Restricted seed353 executed frozen config,612bc0114ce042517b8163a6629211c6df2781d12a0b706a5298d44f800746b4,YES,refs/tags/final-development-freeze-step1,ACTIVE
config,reports/ecir_mvr/sixs_final_restricted_vs_unrestricted_multiseed/unrestricted_seed331/FROZEN_CONFIG.json,Unrestricted seed331 executed frozen config,10f022e376c6255b160c4a729064cc416392b4056245fd20b608718baba273f8,YES,refs/tags/final-development-freeze-step1,ACTIVE
config,reports/ecir_mvr/sixs_final_restricted_vs_unrestricted_multiseed/unrestricted_seed353/FROZEN_CONFIG.json,Unrestricted seed353 executed frozen config,3f3a47fa432d7486bf7fe11ad99a551ed3d6e357dc89664b698eda0379eed6e8,YES,refs/tags/final-development-freeze-step1,ACTIVE
runner,scripts/run_sixs_j1r1_full_joint_adaptive_ba_movement.py,Restricted authoritative forward training and DEV evaluator runner,81bb200a7118ea27c3fe1b80f11bf14e3245d30514cfdbeeb750b16f9f0796dc,YES,refs/tags/final-development-freeze-step1,ACTIVE_FORWARD
runner,scripts/run_sixs_j1r1_full_joint_unrestricted_movement.py,Unrestricted authoritative forward training and DEV evaluator runner,37f932565651e159ffc4047446b2d3d14d5397785ba365ce9797ff039352eff1,YES,refs/tags/final-development-freeze-step1,ACTIVE_FORWARD
runner,scripts/run_sixs_musigma_reliability_factorial.py,shared frozen sampler data binding and evaluator orchestration,ad51bf75adab8180fe456a658a4e7ec78ad5017d04a681811faef0355c1352f5,YES,refs/tags/final-development-freeze-step1,ACTIVE_DEPENDENCY
support_source,scripts/run_mcvr_lsgo.py,graph collation imported by the active Restricted runner,63aa4de62f20ce8623da24803f16ef282e44f385d55a4b55266075733fa70fbd,YES,refs/tags/final-development-freeze-step1,ACTIVE_DEPENDENCY
support_source,scripts/_bootstrap.py,repository-root bootstrap imported by active runners,7b87ccb63fadff7d4d3a37224c1764e219465d190537d88bb8e751c38b02dee5,YES,refs/tags/final-development-freeze-step1,ACTIVE_DEPENDENCY
evaluator,scripts/evaluate_sixs_musigma_external.py,frozen V3D and PoseBusters external worker,648ed6f9e2122010ef23d9642077b001063584fafa84fef345bdd6ef7a33a4ef,YES,refs/tags/final-development-freeze-step1,ACTIVE
evaluator,scripts/run_sixs_current_final_evidence_completion.py,correspondence and fixed-order RMSD evaluator,2daf1071898b170aa92b2e3b0d0d3cf23ae106fa4fd0ccaf6d6916d78cdd87ca,YES,refs/tags/final-development-freeze-step1,ACTIVE
evaluator,scripts/run_sixs_j1r1_full_joint_xtb_dev.py,xTB 6.7.1 GFN2 single-point evaluator and failure accounting,169e38d99c56199e5f9f09fd91938c07de45778b00bcfadb4857b3fa63a024f9,YES,refs/tags/final-development-freeze-step1,ACTIVE_PROTOCOL_SOURCE
runner,scripts/run_sixs_final_multiseed_replication.py,matched-seed supervisor and recovery identity,699b1b17c8a0115f2c5a98b8ccc83114b2198c4bfdeb567e12d2586baaa19baf,YES,refs/tags/final-development-freeze-step1,ACTIVE_EVIDENCE_PROVENANCE
statistics,scripts/finalize_sixs_final_multiseed_replication.py,multiseed aggregation and molecule-cluster bootstrap,0c511f6180937e1d4e6ea7b9bcf64212444eaef2946f47f138576e51ebe7c904,YES,refs/tags/final-development-freeze-step1,ACTIVE_EVIDENCE_PROVENANCE
manifest,reports/ecir_mvr/sixs_musigma_reliability_factorial_cuda/DEV_MANIFEST.json,frozen development cohort identity,15db864fe34975a15e2319e1112eaa003f0d8f5e6a7c174be9b79e816c133a0b,YES,refs/tags/final-development-freeze-step1,ACTIVE_DEVELOPMENT_ONLY
manifest,E:/3dconformergenerationcode/4dadapter-v8/data/ecir_mvr/formal_large/real_sources/train.parquet,frozen TRAIN manifest,fbfeffab299c070fcbf29edb99277113c5641ee588000f00fc384162337ecb3d,NO,PATH_PLUS_SHA256,ACTIVE_EXTERNAL_DATA_IDENTITY
checkpoint,E:/3dconformergenerationcode/4dadapter-lsgoba-v2-softplus-seed307/artifacts/ecir_mvr/lsgoba_v2_softplus_seed307/checkpoints/step17500.ckpt,shared base initialization checkpoint,298b6cb248b614be832e7b8d6772a6d0d55e64488497ab3aa135b25e072b7219,NO,PATH_PLUS_SHA256,ACTIVE_INITIALIZATION
checkpoint,reports/ecir_mvr/sixs_j1r1_full_joint_adaptive_ba_movement_seed307/FINAL_CHECKPOINT.pt,Restricted seed307 authoritative endpoint,7c2bb67ad8e9065a5409ea8e6f5ce79e7790c21cda3005beabbd32762786ca96,NO,PATH_PLUS_SHA256,ACTIVE_OPERATING_POINT
checkpoint,reports/ecir_mvr/sixs_final_restricted_vs_unrestricted_multiseed/restricted_seed331/FINAL_CHECKPOINT.pt,Restricted seed331 authoritative endpoint,75cca7ffbe91b1ca702491945e50ec03c62bd33c2754c145847956ee7bba5002,NO,PATH_PLUS_SHA256,ACTIVE_OPERATING_POINT
checkpoint,reports/ecir_mvr/sixs_final_restricted_vs_unrestricted_multiseed/restricted_seed353/FINAL_CHECKPOINT.pt,Restricted seed353 authoritative endpoint,0230c122fee9890c62dc348de6687a19e8ec95d04b16478f15ea355075f97019,NO,PATH_PLUS_SHA256,ACTIVE_OPERATING_POINT
checkpoint,reports/ecir_mvr/sixs_reference_xtb_and_unrestricted_movement_seed307/02_UNRESTRICTED_MOVEMENT/FINAL_CHECKPOINT.pt,Unrestricted seed307 authoritative endpoint,f63e9d796cc82297f2f2d5fd732c35aa80421ce2f604f2ac80d823a9f825b704,NO,PATH_PLUS_SHA256,ACTIVE_OPERATING_POINT
checkpoint,reports/ecir_mvr/sixs_final_restricted_vs_unrestricted_multiseed/unrestricted_seed331/FINAL_CHECKPOINT.pt,Unrestricted seed331 authoritative endpoint,b9d655d14c7bc97dc6f54d1dd00e8bf84e40187cdf5d1518ffaaa517b69886af,NO,PATH_PLUS_SHA256,ACTIVE_OPERATING_POINT
checkpoint,reports/ecir_mvr/sixs_final_restricted_vs_unrestricted_multiseed/unrestricted_seed353/FINAL_CHECKPOINT.pt,Unrestricted seed353 authoritative endpoint,e3be9e2ecf4d633cb2e5f7e3fff4ffd94b38fda13a1412013afd5f4f07450bc6,NO,PATH_PLUS_SHA256,ACTIVE_OPERATING_POINT
reference_protocol,reports/ecir_mvr/sixs_reference_xtb_and_unrestricted_movement_seed307/01_CURRENT_FINAL_EVIDENCE/CORRESPONDENCE_AUDIT.json,Reference correspondence audit,f939da3ddaae4c1edbb6c7f22a51fc11e6bc5f7ee4f557f095faa556c65e9b33,YES,refs/tags/final-development-freeze-step1,ACTIVE
v3d_adapter,E:/3dconformergenerationcode/4dadapter-lsgo-v2/scripts/run_lsgo_standard_genbench3d.py,official project GenBench3D adapter,6ebc450b4f841a9f6a3b463b7838e50bc2951e92570146cd0a473abbfd970450,NO,PATH_PLUS_SHA256,ACTIVE_EXTERNAL
dependency_repository,E:/miniconda/envs/external-validity/src/genbench3d,GenBench3D source repository identity,0926bc6614509aa10ccf6f69da0405d4be6af6b3,YES,0926bc6614509aa10ccf6f69da0405d4be6af6b3,ACTIVE_EXTERNAL
v3d_reference,E:/3dconformergenerationcode/external_data/genbench3d_official/ligboundconf_minimized/S2_LigBoundConf_minimized.sdf,GenBench3D LigBoundConf reference SDF,15e8e4635525f3d9452292e86995d28f6c24eb50baad661eb4c2665274d00fe2,NO,PATH_PLUS_SHA256,ACTIVE_EXTERNAL_DATA
v3d_reference,E:/3dconformergenerationcode/4dadapter-lsgo-v2/reports/ecir_mvr/lsgo_standard_eval/genbench3d_reference_cache/LigBoundConf_geometry_values.p,GenBench3D frozen reference geometry values,63659acddd04017a4b8fc5f2df767540e48cd36a7849e578ddb6caf6130deadc,NO,PATH_PLUS_SHA256,ACTIVE_EXTERNAL_DATA
v3d_reference,E:/3dconformergenerationcode/4dadapter-lsgo-v2/reports/ecir_mvr/lsgo_standard_eval/genbench3d_reference_cache/LigBoundConf_geometry_kernel_densities.p,GenBench3D frozen reference kernels,6c098fa5b10c85f12db49df3a35efa33963fc222754e5d2a9d0b64e61c604a19,NO,PATH_PLUS_SHA256,ACTIVE_EXTERNAL_DATA
posebusters_config,E:/miniconda/envs/external-validity/Lib/site-packages/posebusters/config/mol_fast.yml,PoseBusters selected protocol configuration,e263264cfbfd9c3764856c093a3a27e6c656826c388851600ee1eadf3ab09cf8,NO,PATH_PLUS_SHA256,ACTIVE_EXTERNAL
xtb_executable,E:/tools/xtb/6.7.1-linux-x86_64/bin/xtb,xTB 6.7.1 executable,debf27a9e0fa4bfb5ca75aafe4b90d8211f08ec2f4a482f375a4987212eaa12a,NO,PATH_PLUS_SHA256,ACTIVE_EXTERNAL
audit,reports/ecir_mvr/sixs_final_restricted_vs_unrestricted_multiseed/FINAL_STATUS.json,completed multiseed status and artifact hashes,23b6335f8953836fe4fd2d8d8392133fb765be637677ac4b318035275b9fff3f,YES,refs/tags/final-development-freeze-step1,ACTIVE_EVIDENCE
audit,reports/ecir_mvr/sixs_final_restricted_vs_unrestricted_multiseed/12_MULTISEED_INTEGRITY_AUDIT.md,multiseed integrity gate,8883c535f8aeeda4c1d761d5018adad8e95202cc275180569815d39c25b5ffb0,YES,refs/tags/final-development-freeze-step1,ACTIVE_EVIDENCE
audit,reports/ecir_mvr/sixs_final_restricted_vs_unrestricted_multiseed/13_FINAL_FORMULATION_DECISION.md,two-operating-point formulation conclusion,31af2340739d31c9a57a14f3ebe2f111894f892edd4d085cdc5363a45e454c69,YES,refs/tags/final-development-freeze-step1,ACTIVE_EVIDENCE
audit,reports/ecir_mvr/post_multiseed_remaining_work_audit/FINAL_POST_MULTISEED_STATUS.json,development-complete and remaining-work gate,4410144713b31a7b04acecd854f724458394c7d7acf90dd859348607d4448f33,YES,refs/tags/final-development-freeze-step1,ACTIVE_EVIDENCE
protocol,reports/ecir_mvr/full_paper_experiment_evidence_matrix_audit/FINAL_TEST_METRIC_PLAN.md,pre-freeze outcome-blind final metric plan,44d284459287773a8b6268819d0fd4b515809d4c9075aa4e97c100e9471ab1e5,YES,refs/tags/final-development-freeze-step1,ACTIVE_EVIDENCE
historical_metadata,reports/ecir_mvr/sixs_j1r1_full_joint_adaptive_ba_movement_seed307/IMPLEMENTATION_CONFIG.json,Restricted seed307 executed hash record,bf1ba5758b065d45362d77baf72ce8fb4142d499c914e5059ce340e9c54cfacb,YES,refs/tags/final-development-freeze-step1,HISTORICAL_ONLY
historical_metadata,reports/ecir_mvr/sixs_reference_xtb_and_unrestricted_movement_seed307/02_UNRESTRICTED_MOVEMENT/IMPLEMENTATION_CONFIG.json,Unrestricted seed307 executed hash record,1410ba051b34d274980b0e9a1e4e20714306c808a30e196f1cfb893d3101be01,YES,refs/tags/final-development-freeze-step1,HISTORICAL_ONLY
