metric,component,formulation,seed,split,n_molecules,n_records,value,unit,status,evidence_type
V3D,overall,Restricted,307,DEV,2500,5000,0.564,fraction,CURRENT_AUTHORITATIVE,ARTIFACT_FACT
V3D,bond_geometry_valid,Restricted,307,DEV,2500,5000,0.6844,fraction,CURRENT_AUTHORITATIVE,DERIVED_STATISTIC
V3D,angle_geometry_valid,Restricted,307,DEV,2500,5000,0.8316,fraction,CURRENT_AUTHORITATIVE,DERIVED_STATISTIC
V3D,aromatic_ring_valid,Restricted,307,DEV,2500,5000,0.9986,fraction,CURRENT_AUTHORITATIVE,DERIVED_STATISTIC
V3D,intramolecular_steric_clash_valid,Restricted,307,DEV,2500,5000,0.9792,fraction,CURRENT_AUTHORITATIVE,DERIVED_STATISTIC
V3D,overall,Unrestricted,307,DEV,2500,5000,0.567,fraction,CURRENT_AUTHORITATIVE,ARTIFACT_FACT
V3D,bond_geometry_valid,Unrestricted,307,DEV,2500,5000,0.6884,fraction,CURRENT_AUTHORITATIVE,DERIVED_STATISTIC
V3D,angle_geometry_valid,Unrestricted,307,DEV,2500,5000,0.8336,fraction,CURRENT_AUTHORITATIVE,DERIVED_STATISTIC
V3D,aromatic_ring_valid,Unrestricted,307,DEV,2500,5000,0.9986,fraction,CURRENT_AUTHORITATIVE,DERIVED_STATISTIC
V3D,intramolecular_steric_clash_valid,Unrestricted,307,DEV,2500,5000,0.9792,fraction,CURRENT_AUTHORITATIVE,DERIVED_STATISTIC
PoseBusters,overall,Restricted,307,DEV,2500,5000,0.9324,fraction,CURRENT_AUTHORITATIVE,ARTIFACT_FACT
PoseBusters,mol_pred_loaded,Restricted,307,DEV,2500,5000,1.0,fraction,CURRENT_AUTHORITATIVE,DERIVED_STATISTIC
PoseBusters,sanitization,Restricted,307,DEV,2500,5000,1.0,fraction,CURRENT_AUTHORITATIVE,DERIVED_STATISTIC
PoseBusters,inchi_convertible,Restricted,307,DEV,2500,5000,0.9996,fraction,CURRENT_AUTHORITATIVE,DERIVED_STATISTIC
PoseBusters,bond_lengths,Restricted,307,DEV,2500,5000,0.9996,fraction,CURRENT_AUTHORITATIVE,DERIVED_STATISTIC
PoseBusters,bond_angles,Restricted,307,DEV,2500,5000,0.999,fraction,CURRENT_AUTHORITATIVE,DERIVED_STATISTIC
PoseBusters,internal_steric_clash,Restricted,307,DEV,2500,5000,0.943,fraction,CURRENT_AUTHORITATIVE,DERIVED_STATISTIC
PoseBusters,aromatic_ring_flatness,Restricted,307,DEV,2500,5000,1.0,fraction,CURRENT_AUTHORITATIVE,DERIVED_STATISTIC
PoseBusters,non_aromatic_ring_non_flatness,Restricted,307,DEV,2500,5000,0.9926,fraction,CURRENT_AUTHORITATIVE,DERIVED_STATISTIC
PoseBusters,double_bond_flatness,Restricted,307,DEV,2500,5000,0.9956,fraction,CURRENT_AUTHORITATIVE,DERIVED_STATISTIC
PoseBusters,overall,Unrestricted,307,DEV,2500,5000,0.9324,fraction,CURRENT_AUTHORITATIVE,ARTIFACT_FACT
PoseBusters,bond_lengths,Unrestricted,307,DEV,2500,5000,1.0,fraction,CURRENT_AUTHORITATIVE,DERIVED_STATISTIC
Bond raw MAE,overall,Restricted,307,DEV,2500,5000,0.003665109946813742,angstrom,CURRENT_AUTHORITATIVE,ARTIFACT_FACT
Angle raw MAE,cosine,Restricted,307,DEV,2500,5000,0.014244872325334536,dimensionless,CURRENT_AUTHORITATIVE,ARTIFACT_FACT
internal post,common sigma_stat,Restricted,307,DEV,2500,5000,0.6378734638351682,standardized_squared_error,CURRENT_AUTHORITATIVE,ARTIFACT_FACT
direction improvement,common source minus post,Restricted,307,DEV,2500,5000,0.3990024505842399,standardized_squared_error,CURRENT_AUTHORITATIVE,ARTIFACT_FACT
Bond raw MAE,overall,Unrestricted,307,DEV,2500,5000,0.0036413158082347465,angstrom,CURRENT_AUTHORITATIVE,DERIVED_STATISTIC
Angle raw MAE,cosine,Unrestricted,307,DEV,2500,5000,0.014077388926891211,dimensionless,CURRENT_AUTHORITATIVE,DERIVED_STATISTIC
internal post,common sigma_stat,Unrestricted,307,DEV,2500,5000,0.6215373866374303,standardized_squared_error,CURRENT_AUTHORITATIVE,DERIVED_STATISTIC
direction improvement,common source minus post,Unrestricted,307,DEV,2500,5000,0.4153385277819778,standardized_squared_error,CURRENT_AUTHORITATIVE,DERIVED_STATISTIC
Source RMSD,raw proposal displacement,Restricted,307,DEV,2500,5000,0.005525257775222693,angstrom,CURRENT_AUTHORITATIVE,ARTIFACT_FACT
Source RMSD,Kabsch proposal-to-source,Restricted,307,DEV,2500,5000,0.005525526390972038,angstrom,ALTERNATE_PROTOCOL_VALUE,DERIVED_STATISTIC
Source RMSD,raw proposal displacement,Unrestricted,307,DEV,2500,5000,0.006060002949321642,angstrom,CURRENT_AUTHORITATIVE,ARTIFACT_FACT
Reference RMSD,fixed-order Kabsch nearest ensemble,Restricted,307,DEV,2500,5000,1.3196411439015718,angstrom,CURRENT_AUTHORITATIVE,ARTIFACT_FACT
Reference RMSD,fixed-order Kabsch nearest ensemble,Unrestricted,307,DEV,2500,5000,1.3196261427763398,angstrom,CURRENT_AUTHORITATIVE,ARTIFACT_FACT
xTB deltaE,median,Restricted,307,DEV,2500,5000,-1.3350748728826898,kcal/mol,CURRENT_AUTHORITATIVE,ARTIFACT_FACT
xTB deltaE,fraction less than zero,Restricted,307,DEV,2500,5000,0.9988,fraction,CURRENT_AUTHORITATIVE,ARTIFACT_FACT
xTB deltaE,5pct trimmed mean,Restricted,307,DEV,2500,5000,-1.43002844901873,kcal/mol,CURRENT_AUTHORITATIVE,ARTIFACT_FACT
xTB deltaE,P90,Restricted,307,DEV,2500,5000,-0.6907807648075692,kcal/mol,CURRENT_AUTHORITATIVE,ARTIFACT_FACT
xTB deltaE,P95,Restricted,307,DEV,2500,5000,-0.5415226605808691,kcal/mol,CURRENT_AUTHORITATIVE,ARTIFACT_FACT
xTB deltaE,P99,Restricted,307,DEV,2500,5000,-0.33169251578332154,kcal/mol,CURRENT_AUTHORITATIVE,ARTIFACT_FACT
xTB deltaE,greater than +25,Restricted,307,DEV,2500,5000,1,count,CURRENT_AUTHORITATIVE,ARTIFACT_FACT
xTB deltaE,greater than +50,Restricted,307,DEV,2500,5000,1,count,CURRENT_AUTHORITATIVE,ARTIFACT_FACT
xTB deltaE,greater than +100,Restricted,307,DEV,2500,5000,0,count,CURRENT_AUTHORITATIVE,ARTIFACT_FACT
xTB deltaE,arithmetic mean,Restricted,307,DEV,2500,5000,-1.5818520888372816,kcal/mol,SECONDARY,ARTIFACT_FACT
xTB deltaE,median,Unrestricted,307,DEV,2500,5000,-1.3651997167478416,kcal/mol,CURRENT_AUTHORITATIVE,ARTIFACT_FACT
xTB deltaE,fraction less than zero,Unrestricted,307,DEV,2500,5000,0.9974,fraction,CURRENT_AUTHORITATIVE,DERIVED_STATISTIC
xTB deltaE,5pct trimmed mean,Unrestricted,307,DEV,2500,5000,-1.454665766300005,kcal/mol,CURRENT_AUTHORITATIVE,DERIVED_STATISTIC
xTB deltaE,P90,Unrestricted,307,DEV,2500,5000,-0.6827252760872681,kcal/mol,CURRENT_AUTHORITATIVE,DERIVED_STATISTIC
xTB deltaE,P95,Unrestricted,307,DEV,2500,5000,-0.530433197406623,kcal/mol,CURRENT_AUTHORITATIVE,DERIVED_STATISTIC
xTB deltaE,P99,Unrestricted,307,DEV,2500,5000,-0.2691435292194419,kcal/mol,CURRENT_AUTHORITATIVE,DERIVED_STATISTIC
xTB deltaE,greater than +25,Unrestricted,307,DEV,2500,5000,2,count,CURRENT_AUTHORITATIVE,DERIVED_STATISTIC
xTB deltaE,greater than +50,Unrestricted,307,DEV,2500,5000,1,count,CURRENT_AUTHORITATIVE,DERIVED_STATISTIC
xTB deltaE,greater than +100,Unrestricted,307,DEV,2500,5000,1,count,CURRENT_AUTHORITATIVE,DERIVED_STATISTIC
xTB deltaE,arithmetic mean,Unrestricted,307,DEV,2500,5000,-1.570312882795349,kcal/mol,SECONDARY,ARTIFACT_FACT
tau,median,Restricted,307,DEV,2500,5000,0.005436190403997898,angstrom,CURRENT_AUTHORITATIVE,ARTIFACT_FACT
tau,P90,Restricted,307,DEV,2500,5000,0.006625592429190874,angstrom,CURRENT_AUTHORITATIVE,DERIVED_STATISTIC
tau,P95,Restricted,307,DEV,2500,5000,0.007065109629184008,angstrom,CURRENT_AUTHORITATIVE,ARTIFACT_FACT
tau,P99,Restricted,307,DEV,2500,5000,0.008392329951748257,angstrom,CURRENT_AUTHORITATIVE,ARTIFACT_FACT
tau,P99.5,Restricted,307,DEV,2500,5000,0.009178505865857015,angstrom,CURRENT_AUTHORITATIVE,DERIVED_STATISTIC
tau,P99.9,Restricted,307,DEV,2500,5000,0.009997811225242913,angstrom,CURRENT_AUTHORITATIVE,DERIVED_STATISTIC
tau,max,Restricted,307,DEV,2500,5000,0.009999999776482582,angstrom,CURRENT_AUTHORITATIVE,ARTIFACT_FACT
tau,fraction greater than 0.01,Restricted,307,DEV,2500,5000,0.0,fraction,CURRENT_AUTHORITATIVE,CODE_FACT
tau,median,Unrestricted,307,DEV,2500,5000,0.005921839037910104,angstrom,CURRENT_AUTHORITATIVE,ARTIFACT_FACT
tau,P90,Unrestricted,307,DEV,2500,5000,0.00714298919774592,angstrom,CURRENT_AUTHORITATIVE,ARTIFACT_FACT
tau,P95,Unrestricted,307,DEV,2500,5000,0.007654774072580041,angstrom,CURRENT_AUTHORITATIVE,ARTIFACT_FACT
tau,P99,Unrestricted,307,DEV,2500,5000,0.009244887186214346,angstrom,CURRENT_AUTHORITATIVE,ARTIFACT_FACT
tau,P99.5,Unrestricted,307,DEV,2500,5000,0.01093804326374084,angstrom,CURRENT_AUTHORITATIVE,ARTIFACT_FACT
tau,P99.9,Unrestricted,307,DEV,2500,5000,0.02292762717604641,angstrom,CURRENT_AUTHORITATIVE,ARTIFACT_FACT
tau,max,Unrestricted,307,DEV,2500,5000,0.038546543568372726,angstrom,CURRENT_AUTHORITATIVE,ARTIFACT_FACT
tau,fraction greater than 0.01,Unrestricted,307,DEV,2500,5000,0.007,fraction,CURRENT_AUTHORITATIVE,ARTIFACT_FACT
tau,fraction greater than 0.02,Unrestricted,307,DEV,2500,5000,0.0014,fraction,CURRENT_AUTHORITATIVE,ARTIFACT_FACT
tau,fraction greater than 0.05,Unrestricted,307,DEV,2500,5000,0.0,fraction,CURRENT_AUTHORITATIVE,ARTIFACT_FACT
per-atom displacement,median,Unrestricted,307,DEV,2500,223560,0.004162834538125458,angstrom,CURRENT_AUTHORITATIVE,ARTIFACT_FACT
per-atom displacement,P99,Unrestricted,307,DEV,2500,223560,0.01697453775507539,angstrom,CURRENT_AUTHORITATIVE,ARTIFACT_FACT
per-atom displacement,max,Unrestricted,307,DEV,2500,223560,0.1823133530834269,angstrom,CURRENT_AUTHORITATIVE,ARTIFACT_FACT
per-atom displacement,full distribution,Restricted,307,DEV,2500,5000,NOT AVAILABLE,angstrom,NOT_AVAILABLE,UNKNOWN
Adaptive BA,w_B mean,Restricted,307,DEV,2500,5000,0.5052601039052009,fraction,CURRENT_AUTHORITATIVE,ARTIFACT_FACT
Adaptive BA,w_B mean,Unrestricted,307,DEV,2500,5000,0.49232423605918885,fraction,CURRENT_AUTHORITATIVE,DERIVED_STATISTIC
Reliability,bond mean,Restricted,307,DEV,2500,233758,0.048695683682320495,fraction,CURRENT_AUTHORITATIVE,ARTIFACT_FACT
Reliability,angle mean,Restricted,307,DEV,2500,403114,0.09715910458076929,fraction,CURRENT_AUTHORITATIVE,ARTIFACT_FACT
Reliability,DEV distribution,Unrestricted,307,DEV,2500,5000,NOT AVAILABLE,fraction,NOT_AVAILABLE,UNKNOWN
sigma,bond mean,Restricted,307,DEV,2500,233758,0.004812464842674507,native Bond unit,CURRENT_AUTHORITATIVE,ARTIFACT_FACT
sigma,angle mean,Restricted,307,DEV,2500,403114,0.01909321677468766,native cosine unit,CURRENT_AUTHORITATIVE,ARTIFACT_FACT
sigma,DEV distribution,Unrestricted,307,DEV,2500,5000,NOT AVAILABLE,native family unit,NOT_AVAILABLE,UNKNOWN

